scenario_id,event_start_hour,event_end_hour,event_duration_h,pre_storage_eue_mwh,event_peak_shortfall_mw,storage_power_mw,storage_energy_mwh,usable_initial_soc_mwh,feasible_charge_before_event_mwh,feasible_discharge_energy_mwh,feasible_discharge_power_limited_mwh,storage_coverage_bound_mwh,residual_eue_bound_mwh,case
1,4410,4411,2,207.20423159999973,149.70026400000006,983.0,3932.0,1966.0,3932.0,3730.2227279346203,207.20423159999973,207.20423159999973,0.0,VRE120_base
1,4434,4435,2,258.4786819999981,136.571411599999,983.0,3932.0,1966.0,3932.0,3730.2227279346203,258.4786819999981,258.4786819999981,0.0,VRE120_base
1,4747,4747,1,50.99171120000028,50.99171120000028,983.0,3932.0,1966.0,3932.0,3730.2227279346203,50.99171120000028,50.99171120000028,0.0,VRE120_base
1,4769,4772,4,1064.8003279999966,414.0228283999986,983.0,3932.0,1966.0,3932.0,3730.2227279346203,1064.8003279999966,1064.8003279999966,0.0,VRE120_base
1,4818,4820,3,372.56566439999915,197.14454599999954,983.0,3932.0,1966.0,3932.0,3730.2227279346203,372.56566439999915,372.56566439999915,0.0,VRE120_base
1,4866,4867,2,260.39283439999963,206.06780319999962,983.0,3932.0,1966.0,3932.0,3730.2227279346203,260.39283439999963,260.39283439999963,0.0,VRE120_base
1,4935,4935,1,68.59117559999868,68.59117559999868,983.0,3932.0,1966.0,3932.0,3730.2227279346203,68.59117559999868,68.59117559999868,0.0,VRE120_base
1,4937,4940,4,866.5319023999991,355.99726759999976,983.0,3932.0,1966.0,3932.0,3730.2227279346203,866.5319023999991,866.5319023999991,0.0,VRE120_base
1,4961,4965,5,1506.4627619999983,543.277386400001,983.0,3932.0,1966.0,3932.0,3730.2227279346203,1506.4627619999983,1506.4627619999983,0.0,VRE120_base
1,4983,4989,7,4816.363082799997,1022.4009067999987,983.0,3932.0,1966.0,3932.0,3730.2227279346203,4776.962175999998,3730.2227279346203,1086.1403548653766,VRE120_base
1,5006,5012,7,4001.7727032000003,739.0900187999996,983.0,3932.0,1966.0,3932.0,3730.2227279346203,4001.7727032000003,3730.2227279346203,271.54997526538,VRE120_base
1,5057,5058,2,88.90170719999787,51.33935839999958,983.0,3932.0,1966.0,3932.0,3730.2227279346203,88.90170719999787,88.90170719999787,0.0,VRE120_base
1,5391,5393,3,274.87422479999805,179.76427319999857,983.0,3932.0,1966.0,3932.0,3730.2227279346203,274.87422479999805,274.87422479999805,0.0,VRE120_base
1,5414,5417,4,1210.1695079999954,433.3098683999997,983.0,3932.0,1966.0,3932.0,3730.2227279346203,1210.1695079999954,1210.1695079999954,0.0,VRE120_base
1,5442,5442,1,36.36293079999996,36.36293079999996,983.0,3932.0,1966.0,3932.0,3730.2227279346203,36.36293079999996,36.36293079999996,0.0,VRE120_base
1,5725,5732,8,2757.9937335999975,484.3031484000003,983.0,3932.0,1966.0,3932.0,3730.2227279346203,2757.9937335999975,2757.9937335999975,0.0,VRE120_base
1,5752,5756,5,931.5649923999981,370.0160103999997,983.0,3932.0,1966.0,3932.0,3730.2227279346203,931.5649923999981,931.5649923999981,0.0,VRE120_base
1,5777,5780,4,746.4985843999975,289.48154279999926,983.0,3932.0,1966.0,3932.0,3730.2227279346203,746.4985843999975,746.4985843999975,0.0,VRE120_base
1,5826,5827,2,308.8075743999998,235.96750599999996,983.0,3932.0,1966.0,3932.0,3730.2227279346203,308.8075743999998,308.8075743999998,0.0,VRE120_base
1,5848,5851,4,1364.6175556000017,506.4151787999999,983.0,3932.0,1966.0,3932.0,3730.2227279346203,1364.6175556000017,1364.6175556000017,0.0,VRE120_base
1,5897,5897,1,209.89687879999838,209.89687879999838,983.0,3932.0,1966.0,3932.0,3730.2227279346203,209.89687879999838,209.89687879999838,0.0,VRE120_base
1,5899,5900,2,173.50966959999914,166.88933520000046,983.0,3932.0,1966.0,3932.0,3730.2227279346203,173.50966959999914,173.50966959999914,0.0,VRE120_base
1,5921,5923,3,372.84254560000136,241.10277600000063,983.0,3932.0,1966.0,3932.0,3730.2227279346203,372.84254560000136,372.84254560000136,0.0,VRE120_base
1,5945,5947,3,909.9890095999972,376.6838927999979,983.0,3932.0,1966.0,3932.0,3730.2227279346203,909.9890095999972,909.9890095999972,0.0,VRE120_base
1,5970,5971,2,266.88150439999845,233.21102879999944,983.0,3932.0,1966.0,3932.0,3730.2227279346203,266.88150439999845,266.88150439999845,0.0,VRE120_base
1,6040,6044,5,2185.4561644000005,682.5362400000004,983.0,3932.0,1966.0,3932.0,3730.2227279346203,2185.4561644000005,2185.4561644000005,0.0,VRE120_base
1,6063,6068,6,4152.010211199998,1057.5103431999987,983.0,3932.0,1966.0,3932.0,3730.2227279346203,4077.499867999999,3730.2227279346203,421.78748326537743,VRE120_base
2,4339,4340,2,308.5862647999993,194.25726599999962,983.0,3932.0,1966.0,3932.0,3730.2227279346203,308.5862647999993,308.5862647999993,0.0,VRE120_base
2,4410,4412,3,637.6067691999997,354.70026400000006,983.0,3932.0,1966.0,3932.0,3730.2227279346203,637.6067691999997,637.6067691999997,0.0,VRE120_base
2,4431,4431,1,24.862125599998762,24.862125599998762,983.0,3932.0,1966.0,3932.0,3730.2227279346203,24.862125599998762,24.862125599998762,0.0,VRE120_base
2,4433,4436,4,1948.1089503999983,621.571411599999,983.0,3932.0,1966.0,3932.0,3730.2227279346203,1948.1089503999983,1948.1089503999983,0.0,VRE120_base
2,4699,4699,1,3.3406027999999424,3.3406027999999424,983.0,3932.0,1966.0,3932.0,3730.2227279346203,3.3406027999999424,3.3406027999999424,0.0,VRE120_base
2,4746,4748,3,646.2426623999991,313.9917112000003,983.0,3932.0,1966.0,3932.0,3730.2227279346203,646.2426623999991,646.2426623999991,0.0,VRE120_base
2,4768,4773,6,2965.329264799997,797.0228283999986,983.0,3932.0,1966.0,3932.0,3730.2227279346203,2965.329264799997,2965.329264799997,0.0,VRE120_base
2,4817,4821,5,1194.9690263999973,474.14454599999954,983.0,3932.0,1966.0,3932.0,3730.2227279346203,1194.9690263999973,1194.9690263999973,0.0,VRE120_base
2,4839,4841,3,292.27657999999974,169.51234640000075,983.0,3932.0,1966.0,3932.0,3730.2227279346203,292.27657999999974,292.27657999999974,0.0,VRE120_base
2,4843,4844,2,203.31707920000008,118.27092039999934,983.0,3932.0,1966.0,3932.0,3730.2227279346203,203.31707920000008,203.31707920000008,0.0,VRE120_base
2,4864,4868,5,1787.2607967999984,606.0678031999996,983.0,3932.0,1966.0,3932.0,3730.2227279346203,1787.2607967999984,1787.2607967999984,0.0,VRE120_base
2,4891,4891,1,34.359492399999,34.359492399999,983.0,3932.0,1966.0,3932.0,3730.2227279346203,34.359492399999,34.359492399999,0.0,VRE120_base
2,4912,4914,3,332.0974183999997,195.07083479999983,983.0,3932.0,1966.0,3932.0,3730.2227279346203,332.0974183999997,332.0974183999997,0.0,VRE120_base
2,4935,4935,1,88.59117559999868,88.59117559999868,983.0,3932.0,1966.0,3932.0,3730.2227279346203,88.59117559999868,88.59117559999868,0.0,VRE120_base
2,4937,4940,4,1026.5319023999991,395.99726759999976,983.0,3932.0,1966.0,3932.0,3730.2227279346203,1026.5319023999991,1026.5319023999991,0.0,VRE120_base
2,4962,4965,4,953.3468731999992,518.789081599999,983.0,3932.0,1966.0,3932.0,3730.2227279346203,953.3468731999992,953.3468731999992,0.0,VRE120_base
2,4983,4989,7,4839.363082799997,1047.4009067999987,983.0,3932.0,1966.0,3932.0,3730.2227279346203,4774.962175999998,3730.2227279346203,1109.1403548653766,VRE120_base
2,5005,5013,9,5143.3570211999995,781.0900187999996,983.0,3932.0,1966.0,3932.0,3730.2227279346203,5143.3570211999995,3730.2227279346203,1413.1342932653793,VRE120_base
2,5031,5031,1,184.8556668000001,184.8556668000001,983.0,3932.0,1966.0,3932.0,3730.2227279346203,184.8556668000001,184.8556668000001,0.0,VRE120_base
2,5033,5036,4,620.6781507999995,300.3956824000006,983.0,3932.0,1966.0,3932.0,3730.2227279346203,620.6781507999995,620.6781507999995,0.0,VRE120_base
2,5056,5060,5,1407.0262151999987,419.3393583999996,983.0,3932.0,1966.0,3932.0,3730.2227279346203,1407.0262151999987,1407.0262151999987,0.0,VRE120_base
2,5177,5180,4,731.1272359999984,259.38875519999965,983.0,3932.0,1966.0,3932.0,3730.2227279346203,731.1272359999984,731.1272359999984,0.0,VRE120_base
2,5225,5227,3,381.77324959999714,238.63549239999975,983.0,3932.0,1966.0,3932.0,3730.2227279346203,381.77324959999714,381.77324959999714,0.0,VRE120_base
2,5346,5347,2,445.9251815999987,257.1548264000003,983.0,3932.0,1966.0,3932.0,3730.2227279346203,445.9251815999987,445.9251815999987,0.0,VRE120_base
2,5391,5396,6,2349.8223267999983,599.7642731999986,983.0,3932.0,1966.0,3932.0,3730.2227279346203,2349.8223267999983,2349.8223267999983,0.0,VRE120_base
2,5414,5419,6,2992.0441651999945,832.3098683999997,983.0,3932.0,1966.0,3932.0,3730.2227279346203,2992.0441651999945,2992.0441651999945,0.0,VRE120_base
2,5439,5444,6,2912.229961199998,735.362930799999,983.0,3932.0,1966.0,3932.0,3730.2227279346203,2912.229961199998,2912.229961199998,0.0,VRE120_base
2,5490,5492,3,180.8429131999992,76.67530439999882,983.0,3932.0,1966.0,3932.0,3730.2227279346203,180.8429131999992,180.8429131999992,0.0,VRE120_base
2,5727,5731,5,584.5867788000014,203.72526800000014,983.0,3932.0,1966.0,3932.0,3730.2227279346203,584.5867788000014,584.5867788000014,0.0,VRE120_base
2,5849,5850,2,219.15919679999934,123.41517879999992,983.0,3932.0,1966.0,3932.0,3730.2227279346203,219.15919679999934,219.15919679999934,0.0,VRE120_base
2,5921,5924,4,847.7830140000015,364.10277600000063,983.0,3932.0,1966.0,3932.0,3730.2227279346203,847.7830140000015,847.7830140000015,0.0,VRE120_base
2,5946,5947,2,407.6063103999977,289.6838927999979,983.0,3932.0,1966.0,3932.0,3730.2227279346203,407.6063103999977,407.6063103999977,0.0,VRE120_base
2,6016,6020,5,1381.4590219999955,550.0921435999999,983.0,3932.0,1966.0,3932.0,3730.2227279346203,1381.4590219999955,1381.4590219999955,0.0,VRE120_base
2,6040,6044,5,2200.4561644000005,685.5362400000004,983.0,3932.0,1966.0,3932.0,3730.2227279346203,2200.4561644000005,2200.4561644000005,0.0,VRE120_base
3,4410,4412,3,522.6067691999997,284.70026400000006,983.0,3932.0,1966.0,3932.0,3730.2227279346203,522.6067691999997,522.6067691999997,0.0,VRE120_base
3,4746,4748,3,406.24266239999906,233.99171120000028,983.0,3932.0,1966.0,3932.0,3730.2227279346203,406.24266239999906,406.24266239999906,0.0,VRE120_base
3,4769,4771,3,937.0919259999973,533.0228283999986,983.0,3932.0,1966.0,3932.0,3730.2227279346203,937.0919259999973,937.0919259999973,0.0,VRE120_base
3,4794,4795,2,126.0908472000001,80.37650160000067,983.0,3932.0,1966.0,3932.0,3730.2227279346203,126.0908472000001,126.0908472000001,0.0,VRE120_base
3,4818,4820,3,1005.5656643999992,408.14454599999954,983.0,3932.0,1966.0,3932.0,3730.2227279346203,1005.5656643999992,1005.5656643999992,0.0,VRE120_base
3,4865,4867,3,315.44278199999826,226.06780319999962,983.0,3932.0,1966.0,3932.0,3730.2227279346203,315.44278199999826,315.44278199999826,0.0,VRE120_base
3,4935,4940,6,2229.093506799997,605.9972675999998,983.0,3932.0,1966.0,3932.0,3730.2227279346203,2229.093506799997,2229.093506799997,0.0,VRE120_base
3,4962,4964,3,697.8261783999997,318.277386400001,983.0,3932.0,1966.0,3932.0,3730.2227279346203,697.8261783999997,697.8261783999997,0.0,VRE120_base
3,4984,4989,6,4154.825198399996,947.4009067999987,983.0,3932.0,1966.0,3932.0,3730.2227279346203,4154.825198399996,3730.2227279346203,424.602470465376,VRE120_base
3,5006,5012,7,3430.7727032000003,646.0900187999996,983.0,3932.0,1966.0,3932.0,3730.2227279346203,3430.7727032000003,3430.7727032000003,0.0,VRE120_base
3,5031,5031,1,224.8556668000001,224.8556668000001,983.0,3932.0,1966.0,3932.0,3730.2227279346203,224.8556668000001,224.8556668000001,0.0,VRE120_base
3,5033,5036,4,780.6781507999995,340.3956824000006,983.0,3932.0,1966.0,3932.0,3730.2227279346203,780.6781507999995,780.6781507999995,0.0,VRE120_base
3,5055,5061,7,4255.705093199999,929.3393583999996,983.0,3932.0,1966.0,3932.0,3730.2227279346203,4255.705093199999,3730.2227279346203,525.482365265379,VRE120_base
3,5078,5085,8,5299.175495599994,1076.7977315999997,983.0,3932.0,1966.0,3932.0,3730.2227279346203,5205.377763999994,3730.2227279346203,1568.9527676653738,VRE120_base
3,5105,5105,1,88.17724919999819,88.17724919999819,983.0,3932.0,1966.0,3932.0,3730.2227279346203,88.17724919999819,88.17724919999819,0.0,VRE120_base
3,5108,5108,1,19.79732839999997,19.79732839999997,983.0,3932.0,1966.0,3932.0,3730.2227279346203,19.79732839999997,19.79732839999997,0.0,VRE120_base
3,5130,5132,3,637.7378940000008,258.28613120000045,983.0,3932.0,1966.0,3932.0,3730.2227279346203,637.7378940000008,637.7378940000008,0.0,VRE120_base
3,5225,5227,3,357.77324959999714,230.63549239999975,983.0,3932.0,1966.0,3932.0,3730.2227279346203,357.77324959999714,357.77324959999714,0.0,VRE120_base
3,5322,5322,1,18.642531999999846,18.642531999999846,983.0,3932.0,1966.0,3932.0,3730.2227279346203,18.642531999999846,18.642531999999846,0.0,VRE120_base
3,5346,5348,3,550.6054035999996,297.1548264000003,983.0,3932.0,1966.0,3932.0,3730.2227279346203,550.6054035999996,550.6054035999996,0.0,VRE120_base
3,5391,5393,3,229.87422479999805,164.76427319999857,983.0,3932.0,1966.0,3932.0,3730.2227279346203,229.87422479999805,229.87422479999805,0.0,VRE120_base
3,5415,5417,3,1036.7389591999981,377.3098683999997,983.0,3932.0,1966.0,3932.0,3730.2227279346203,1036.7389591999981,1036.7389591999981,0.0,VRE120_base
3,5442,5442,1,35.36293079999996,35.36293079999996,983.0,3932.0,1966.0,3932.0,3730.2227279346203,35.36293079999996,35.36293079999996,0.0,VRE120_base
3,5634,5634,1,111.46204680000028,111.46204680000028,983.0,3932.0,1966.0,3932.0,3730.2227279346203,111.46204680000028,111.46204680000028,0.0,VRE120_base
3,5849,5849,1,68.41517879999992,68.41517879999992,983.0,3932.0,1966.0,3932.0,3730.2227279346203,68.41517879999992,68.41517879999992,0.0,VRE120_base
3,5899,5899,1,33.88933520000046,33.88933520000046,983.0,3932.0,1966.0,3932.0,3730.2227279346203,33.88933520000046,33.88933520000046,0.0,VRE120_base
3,5919,5924,6,3495.2602996000005,871.6172752000011,983.0,3932.0,1966.0,3932.0,3730.2227279346203,3495.2602996000005,3495.2602996000005,0.0,VRE120_base
3,5945,5947,3,838.9890095999972,464.6838927999979,983.0,3932.0,1966.0,3932.0,3730.2227279346203,838.9890095999972,838.9890095999972,0.0,VRE120_base
3,5970,5972,3,1246.2626043999971,611.2110287999994,983.0,3932.0,1966.0,3932.0,3730.2227279346203,1246.2626043999971,1246.2626043999971,0.0,VRE120_base
3,6016,6018,3,710.5140387999973,266.55074519999835,983.0,3932.0,1966.0,3932.0,3730.2227279346203,710.5140387999973,710.5140387999973,0.0,VRE120_base
3,6040,6044,5,1750.4561644000005,595.5362400000004,983.0,3932.0,1966.0,3932.0,3730.2227279346203,1750.4561644000005,1750.4561644000005,0.0,VRE120_base
4,4339,4340,2,372.5862647999993,226.25726599999962,983.0,3932.0,1966.0,3932.0,3730.2227279346203,372.5862647999993,372.5862647999993,0.0,VRE120_base
4,4362,4364,3,459.24846199999683,232.14555119999932,983.0,3932.0,1966.0,3932.0,3730.2227279346203,459.24846199999683,459.24846199999683,0.0,VRE120_base
4,4383,4389,7,3455.8105359999972,751.8321127999989,983.0,3932.0,1966.0,3932.0,3730.2227279346203,3455.8105359999972,3455.8105359999972,0.0,VRE120_base
4,4406,4413,8,5560.426741599996,1239.700264,983.0,3932.0,1966.0,3932.0,3730.2227279346203,5121.819972399996,3730.2227279346203,1830.2040136653754,VRE120_base
4,4431,4438,8,3058.0005215999945,691.571411599999,983.0,3932.0,1966.0,3932.0,3730.2227279346203,3058.0005215999945,3058.0005215999945,0.0,VRE120_base
4,4458,4460,3,474.52087519999895,198.26812079999854,983.0,3932.0,1966.0,3932.0,3730.2227279346203,474.52087519999895,474.52087519999895,0.0,VRE120_base
4,4745,4748,4,1560.9210359999997,564.9917112000003,983.0,3932.0,1966.0,3932.0,3730.2227279346203,1560.9210359999997,1560.9210359999997,0.0,VRE120_base
4,4770,4771,2,468.69933559999663,258.0228283999986,983.0,3932.0,1966.0,3932.0,3730.2227279346203,468.69933559999663,468.69933559999663,0.0,VRE120_base
4,4818,4820,3,201.56566439999915,140.14454599999954,983.0,3932.0,1966.0,3932.0,3730.2227279346203,201.56566439999915,201.56566439999915,0.0,VRE120_base
4,4865,4868,4,1223.863323999999,489.0678031999996,983.0,3932.0,1966.0,3932.0,3730.2227279346203,1223.863323999999,1223.863323999999,0.0,VRE120_base
4,4890,4892,3,311.65460879999864,196.359492399999,983.0,3932.0,1966.0,3932.0,3730.2227279346203,311.65460879999864,311.65460879999864,0.0,VRE120_base
4,4935,4935,1,45.59117559999868,45.59117559999868,983.0,3932.0,1966.0,3932.0,3730.2227279346203,45.59117559999868,45.59117559999868,0.0,VRE120_base
4,4937,4941,5,890.213343999998,332.99726759999976,983.0,3932.0,1966.0,3932.0,3730.2227279346203,890.213343999998,890.213343999998,0.0,VRE120_base
4,4961,4965,5,1851.4627619999983,620.277386400001,983.0,3932.0,1966.0,3932.0,3730.2227279346203,1851.4627619999983,1851.4627619999983,0.0,VRE120_base
4,4984,4989,6,5671.825198399996,1259.4009067999987,983.0,3932.0,1966.0,3932.0,3730.2227279346203,5053.213637999998,3730.2227279346203,1941.602470465376,VRE120_base
4,5005,5013,9,5276.3570211999995,968.0900187999996,983.0,3932.0,1966.0,3932.0,3730.2227279346203,5276.3570211999995,3730.2227279346203,1546.1342932653793,VRE120_base
4,5029,5036,8,5416.373087199996,985.3956824000006,983.0,3932.0,1966.0,3932.0,3730.2227279346203,5413.977404799995,3730.2227279346203,1686.1503592653758,VRE120_base
4,5056,5060,5,1507.0262151999987,439.3393583999996,983.0,3932.0,1966.0,3932.0,3730.2227279346203,1507.0262151999987,1507.0262151999987,0.0,VRE120_base
4,5346,5348,3,903.6054035999996,371.77035519999845,983.0,3932.0,1966.0,3932.0,3730.2227279346203,903.6054035999996,903.6054035999996,0.0,VRE120_base
4,5391,5396,6,2174.8223267999983,564.7642731999986,983.0,3932.0,1966.0,3932.0,3730.2227279346203,2174.8223267999983,2174.8223267999983,0.0,VRE120_base
4,5414,5417,4,1206.1695079999954,432.3098683999997,983.0,3932.0,1966.0,3932.0,3730.2227279346203,1206.1695079999954,1206.1695079999954,0.0,VRE120_base
4,5442,5442,1,35.36293079999996,35.36293079999996,983.0,3932.0,1966.0,3932.0,3730.2227279346203,35.36293079999996,35.36293079999996,0.0,VRE120_base
4,5512,5516,5,892.6323127999976,403.3920823999997,983.0,3932.0,1966.0,3932.0,3730.2227279346203,892.6323127999976,892.6323127999976,0.0,VRE120_base
4,5610,5610,1,84.71506160000081,84.71506160000081,983.0,3932.0,1966.0,3932.0,3730.2227279346203,84.71506160000081,84.71506160000081,0.0,VRE120_base
4,5681,5682,2,288.06245560000025,166.55330520000098,983.0,3932.0,1966.0,3932.0,3730.2227279346203,288.06245560000025,288.06245560000025,0.0,VRE120_base
4,5727,5732,6,941.3689908000015,208.75285760000043,983.0,3932.0,1966.0,3932.0,3730.2227279346203,941.3689908000015,941.3689908000015,0.0,VRE120_base
4,5754,5754,1,116.01601039999969,116.01601039999969,983.0,3932.0,1966.0,3932.0,3730.2227279346203,116.01601039999969,116.01601039999969,0.0,VRE120_base
4,5777,5780,4,838.4985843999975,307.48154279999926,983.0,3932.0,1966.0,3932.0,3730.2227279346203,838.4985843999975,838.4985843999975,0.0,VRE120_base
4,5826,5826,1,137.96750599999996,137.96750599999996,983.0,3932.0,1966.0,3932.0,3730.2227279346203,137.96750599999996,137.96750599999996,0.0,VRE120_base
4,5847,5852,6,3716.2113796000012,978.415178799999,983.0,3932.0,1966.0,3932.0,3730.2227279346203,3716.2113796000012,3716.2113796000012,0.0,VRE120_base
4,6042,6043,2,349.81290160000026,212.53624000000036,983.0,3932.0,1966.0,3932.0,3730.2227279346203,349.81290160000026,349.81290160000026,0.0,VRE120_base
5,4339,4340,2,258.5862647999993,169.25726599999962,983.0,3932.0,1966.0,3932.0,3730.2227279346203,258.5862647999993,258.5862647999993,0.0,VRE120_base
5,4410,4411,2,367.20423159999973,229.70026400000006,983.0,3932.0,1966.0,3932.0,3730.2227279346203,367.20423159999973,367.20423159999973,0.0,VRE120_base
5,4434,4436,3,446.53831759999866,236.571411599999,983.0,3932.0,1966.0,3932.0,3730.2227279346203,446.53831759999866,446.53831759999866,0.0,VRE120_base
5,4746,4748,3,661.2426623999991,318.9917112000003,983.0,3932.0,1966.0,3932.0,3730.2227279346203,661.2426623999991,661.2426623999991,0.0,VRE120_base
5,4769,4772,4,776.8003279999966,347.0228283999986,983.0,3932.0,1966.0,3932.0,3730.2227279346203,776.8003279999966,776.8003279999966,0.0,VRE120_base
5,4819,4820,2,176.37251679999918,103.22797079999964,983.0,3932.0,1966.0,3932.0,3730.2227279346203,176.37251679999918,176.37251679999918,0.0,VRE120_base
5,4864,4867,4,545.8402547999976,266.0678031999996,983.0,3932.0,1966.0,3932.0,3730.2227279346203,545.8402547999976,545.8402547999976,0.0,VRE120_base
5,4891,4891,1,49.359492399999,49.359492399999,983.0,3932.0,1966.0,3932.0,3730.2227279346203,49.359492399999,49.359492399999,0.0,VRE120_base
5,4912,4915,4,436.89019839999855,205.07083479999983,983.0,3932.0,1966.0,3932.0,3730.2227279346203,436.89019839999855,436.89019839999855,0.0,VRE120_base
5,4935,4941,7,3452.774948399996,775.9972675999998,983.0,3932.0,1966.0,3932.0,3730.2227279346203,3452.774948399996,3452.774948399996,0.0,VRE120_base
5,4959,4966,8,4849.799112799999,1153.277386400001,983.0,3932.0,1966.0,3932.0,3730.2227279346203,4595.9729344,3730.2227279346203,1119.5763848653792,VRE120_base
5,4983,4989,7,6624.363082799998,1302.4009067999987,983.0,3932.0,1966.0,3932.0,3730.2227279346203,5833.7515224,3730.2227279346203,2894.1403548653775,VRE120_base
5,5004,5013,10,6811.855887599998,1036.0900187999996,983.0,3932.0,1966.0,3932.0,3730.2227279346203,6706.8824268,3730.2227279346203,3081.6331596653777,VRE120_base
5,5030,5036,7,3287.823865999997,690.3956824000006,983.0,3932.0,1966.0,3932.0,3730.2227279346203,3287.823865999997,3287.823865999997,0.0,VRE120_base
5,5055,5062,8,5689.637852399998,1104.3393583999996,983.0,3932.0,1966.0,3932.0,3730.2227279346203,5449.491271600001,3730.2227279346203,1959.415124465378,VRE120_base
5,5079,5084,6,1108.125538399995,372.1931183999968,983.0,3932.0,1966.0,3932.0,3730.2227279346203,1108.125538399995,1108.125538399995,0.0,VRE120_base
5,5177,5181,5,1599.5157067999971,474.38875519999965,983.0,3932.0,1966.0,3932.0,3730.2227279346203,1599.5157067999971,1599.5157067999971,0.0,VRE120_base
5,5226,5227,2,222.8474527999988,138.63549239999975,983.0,3932.0,1966.0,3932.0,3730.2227279346203,222.8474527999988,222.8474527999988,0.0,VRE120_base
5,5391,5396,6,3209.8223267999983,764.7642731999986,983.0,3932.0,1966.0,3932.0,3730.2227279346203,3209.8223267999983,3209.8223267999983,0.0,VRE120_base
5,5414,5419,6,3988.0441651999945,998.3098683999997,983.0,3932.0,1966.0,3932.0,3730.2227279346203,3972.734296799995,3730.2227279346203,257.82143726537424,VRE120_base
5,5441,5443,3,481.696909199999,278.36293079999905,983.0,3932.0,1966.0,3932.0,3730.2227279346203,481.696909199999,481.696909199999,0.0,VRE120_base
5,5680,5682,3,309.67245960000037,176.55330520000098,983.0,3932.0,1966.0,3932.0,3730.2227279346203,309.67245960000037,309.67245960000037,0.0,VRE120_base
5,5725,5732,8,4129.993733599997,643.7528575999995,983.0,3932.0,1966.0,3932.0,3730.2227279346203,4129.993733599997,3730.2227279346203,399.7710056653764,VRE120_base
5,5752,5754,3,354.6925543999978,276.71563719999904,983.0,3932.0,1966.0,3932.0,3730.2227279346203,354.6925543999978,354.6925543999978,0.0,VRE120_base
5,5848,5851,4,1257.6175556000017,503.4151787999999,983.0,3932.0,1966.0,3932.0,3730.2227279346203,1257.6175556000017,1257.6175556000017,0.0,VRE120_base
5,5920,5924,5,1627.5655724000007,589.1027760000006,983.0,3932.0,1966.0,3932.0,3730.2227279346203,1627.5655724000007,1627.5655724000007,0.0,VRE120_base
5,5945,5948,4,1362.7113011999963,637.6838927999979,983.0,3932.0,1966.0,3932.0,3730.2227279346203,1362.7113011999963,1362.7113011999963,0.0,VRE120_base
5,6042,6043,2,295.81290160000026,185.53624000000036,983.0,3932.0,1966.0,3932.0,3730.2227279346203,295.81290160000026,295.81290160000026,0.0,VRE120_base
6,3786,3786,1,127.39426719999847,127.39426719999847,983.0,3932.0,1966.0,3932.0,3730.2227279346203,127.39426719999847,127.39426719999847,0.0,VRE120_base
6,4265,4268,4,630.9408307999947,266.0170487999985,983.0,3932.0,1966.0,3932.0,3730.2227279346203,630.9408307999947,630.9408307999947,0.0,VRE120_base
6,4315,4316,2,139.16621320000013,99.41248040000028,983.0,3932.0,1966.0,3932.0,3730.2227279346203,139.16621320000013,139.16621320000013,0.0,VRE120_base
6,4339,4340,2,710.5862647999993,395.2572659999996,983.0,3932.0,1966.0,3932.0,3730.2227279346203,710.5862647999993,710.5862647999993,0.0,VRE120_base
6,4386,4387,2,105.80400959999952,86.83211279999887,983.0,3932.0,1966.0,3932.0,3730.2227279346203,105.80400959999952,105.80400959999952,0.0,VRE120_base
6,4409,4412,4,1345.8948839999994,554.7002640000001,983.0,3932.0,1966.0,3932.0,3730.2227279346203,1345.8948839999994,1345.8948839999994,0.0,VRE120_base
6,4433,4436,4,1408.1089503999983,486.571411599999,983.0,3932.0,1966.0,3932.0,3730.2227279346203,1408.1089503999983,1408.1089503999983,0.0,VRE120_base
6,4458,4459,2,416.2527544000004,250.5316264000012,983.0,3932.0,1966.0,3932.0,3730.2227279346203,416.2527544000004,416.2527544000004,0.0,VRE120_base
6,4770,4770,1,7.022828399998616,7.022828399998616,983.0,3932.0,1966.0,3932.0,3730.2227279346203,7.022828399998616,7.022828399998616,0.0,VRE120_base
6,4772,4772,1,27.708401999999296,27.708401999999296,983.0,3932.0,1966.0,3932.0,3730.2227279346203,27.708401999999296,27.708401999999296,0.0,VRE120_base
6,4866,4867,2,260.39283439999963,206.06780319999962,983.0,3932.0,1966.0,3932.0,3730.2227279346203,260.39283439999963,260.39283439999963,0.0,VRE120_base
6,4912,4912,1,22.07707599999958,22.07707599999958,983.0,3932.0,1966.0,3932.0,3730.2227279346203,22.07707599999958,22.07707599999958,0.0,VRE120_base
6,4914,4914,1,130.07083479999983,130.07083479999983,983.0,3932.0,1966.0,3932.0,3730.2227279346203,130.07083479999983,130.07083479999983,0.0,VRE120_base
6,4935,4941,7,2822.774948399996,690.9972675999998,983.0,3932.0,1966.0,3932.0,3730.2227279346203,2822.774948399996,2822.774948399996,0.0,VRE120_base
6,4961,4965,5,1516.4627619999983,523.277386400001,983.0,3932.0,1966.0,3932.0,3730.2227279346203,1516.4627619999983,1516.4627619999983,0.0,VRE120_base
6,4984,4988,5,1444.9087691999976,472.4009067999996,983.0,3932.0,1966.0,3932.0,3730.2227279346203,1444.9087691999976,1444.9087691999976,0.0,VRE120_base
6,5007,5007,1,90.93976359999942,90.93976359999942,983.0,3932.0,1966.0,3932.0,3730.2227279346203,90.93976359999942,90.93976359999942,0.0,VRE120_base
6,5009,5012,4,885.6715252000013,281.0900187999996,983.0,3932.0,1966.0,3932.0,3730.2227279346203,885.6715252000013,885.6715252000013,0.0,VRE120_base
6,5057,5058,2,128.90170719999787,71.33935839999958,983.0,3932.0,1966.0,3932.0,3730.2227279346203,128.90170719999787,128.90170719999787,0.0,VRE120_base
6,5345,5348,4,1912.434126799998,662.1548264000003,983.0,3932.0,1966.0,3932.0,3730.2227279346203,1912.434126799998,1912.434126799998,0.0,VRE120_base
6,5368,5371,4,774.6848183999991,419.5917243999993,983.0,3932.0,1966.0,3932.0,3730.2227279346203,774.6848183999991,774.6848183999991,0.0,VRE120_base
6,5390,5397,8,6323.922507599999,1155.7642731999986,983.0,3932.0,1966.0,3932.0,3730.2227279346203,5960.048282800001,3730.2227279346203,2593.699779665379,VRE120_base
6,5413,5420,8,6712.764517199993,1332.3098683999997,983.0,3932.0,1966.0,3932.0,3730.2227279346203,5760.025557999994,3730.2227279346203,2982.5417892653727,VRE120_base
6,5438,5445,8,4972.4377399999985,1046.362930799999,983.0,3932.0,1966.0,3932.0,3730.2227279346203,4909.074809199999,3730.2227279346203,1242.2150120653782,VRE120_base
6,5826,5827,2,274.8075743999998,218.96750599999996,983.0,3932.0,1966.0,3932.0,3730.2227279346203,274.8075743999998,274.8075743999998,0.0,VRE120_base
6,5846,5852,7,5151.603997200002,1194.415178799999,983.0,3932.0,1966.0,3932.0,3730.2227279346203,4811.444800400002,3730.2227279346203,1421.3812692653814,VRE120_base
6,5922,5922,1,174.10277600000063,174.10277600000063,983.0,3932.0,1966.0,3932.0,3730.2227279346203,174.10277600000063,174.10277600000063,0.0,VRE120_base
6,6041,6044,4,1115.1980312000014,450.53624000000036,983.0,3932.0,1966.0,3932.0,3730.2227279346203,1115.1980312000014,1115.1980312000014,0.0,VRE120_base
7,4433,4437,5,1960.6399483999976,591.571411599999,983.0,3932.0,1966.0,3932.0,3730.2227279346203,1960.6399483999976,1960.6399483999976,0.0,VRE120_base
7,4745,4748,4,2016.9210359999997,678.9917112000003,983.0,3932.0,1966.0,3932.0,3730.2227279346203,2016.9210359999997,2016.9210359999997,0.0,VRE120_base
7,4768,4772,5,1678.610858799998,562.0228283999986,983.0,3932.0,1966.0,3932.0,3730.2227279346203,1678.610858799998,1678.610858799998,0.0,VRE120_base
7,4865,4867,3,460.44278199999826,281.0678031999996,983.0,3932.0,1966.0,3932.0,3730.2227279346203,460.44278199999826,460.44278199999826,0.0,VRE120_base
7,4912,4915,4,476.89019839999855,225.07083479999983,983.0,3932.0,1966.0,3932.0,3730.2227279346203,476.89019839999855,476.89019839999855,0.0,VRE120_base
7,4934,4941,8,4159.426303599994,842.9972675999998,983.0,3932.0,1966.0,3932.0,3730.2227279346203,4159.426303599994,3730.2227279346203,429.2035756653736,VRE120_base
7,4961,4965,5,2306.4627619999983,730.277386400001,983.0,3932.0,1966.0,3932.0,3730.2227279346203,2306.4627619999983,2306.4627619999983,0.0,VRE120_base
7,4984,4989,6,3818.825198399996,887.4009067999987,983.0,3932.0,1966.0,3932.0,3730.2227279346203,3818.825198399996,3730.2227279346203,88.60247046537597,VRE120_base
7,5006,5012,7,3000.7727032000003,596.0900187999996,983.0,3932.0,1966.0,3932.0,3730.2227279346203,3000.7727032000003,3000.7727032000003,0.0,VRE120_base
7,5031,5031,1,209.8556668000001,209.8556668000001,983.0,3932.0,1966.0,3932.0,3730.2227279346203,209.8556668000001,209.8556668000001,0.0,VRE120_base
7,5033,5036,4,720.6781507999995,325.3956824000006,983.0,3932.0,1966.0,3932.0,3730.2227279346203,720.6781507999995,720.6781507999995,0.0,VRE120_base
7,5057,5060,4,1078.437882799998,349.3393583999996,983.0,3932.0,1966.0,3932.0,3730.2227279346203,1078.437882799998,1078.437882799998,0.0,VRE120_base
7,5083,5083,1,1.815321999999469,1.815321999999469,983.0,3932.0,1966.0,3932.0,3730.2227279346203,1.815321999999469,1.815321999999469,0.0,VRE120_base
7,5226,5227,2,157.8474527999988,133.63549239999975,983.0,3932.0,1966.0,3932.0,3730.2227279346203,157.8474527999988,157.8474527999988,0.0,VRE120_base
7,5370,5370,1,73.5917243999993,73.5917243999993,983.0,3932.0,1966.0,3932.0,3730.2227279346203,73.5917243999993,73.5917243999993,0.0,VRE120_base
7,5391,5396,6,2069.8223267999992,470.3365812000002,983.0,3932.0,1966.0,3932.0,3730.2227279346203,2069.8223267999992,2069.8223267999992,0.0,VRE120_base
7,5414,5418,5,2329.553429599995,712.3098683999997,983.0,3932.0,1966.0,3932.0,3730.2227279346203,2329.553429599995,2329.553429599995,0.0,VRE120_base
7,5725,5732,8,3888.9937335999975,635.7252680000001,983.0,3932.0,1966.0,3932.0,3730.2227279346203,3888.9937335999975,3730.2227279346203,158.7710056653773,VRE120_base
7,5847,5851,5,1527.502969600002,553.4151787999999,983.0,3932.0,1966.0,3932.0,3730.2227279346203,1527.502969600002,1527.502969600002,0.0,VRE120_base
7,5922,5922,1,74.10277600000063,74.10277600000063,983.0,3932.0,1966.0,3932.0,3730.2227279346203,74.10277600000063,74.10277600000063,0.0,VRE120_base
7,5946,5947,2,507.6063103999977,339.6838927999979,983.0,3932.0,1966.0,3932.0,3730.2227279346203,507.6063103999977,507.6063103999977,0.0,VRE120_base
7,5969,5972,4,1128.193000399997,501.670475599999,983.0,3932.0,1966.0,3932.0,3730.2227279346203,1128.193000399997,1128.193000399997,0.0,VRE120_base
7,5993,5996,4,1572.4478648000004,533.7841744000007,983.0,3932.0,1966.0,3932.0,3730.2227279346203,1572.4478648000004,1572.4478648000004,0.0,VRE120_base
7,6016,6020,5,1131.4590219999955,500.0921435999999,983.0,3932.0,1966.0,3932.0,3730.2227279346203,1131.4590219999955,1131.4590219999955,0.0,VRE120_base
7,6042,6043,2,215.81290160000026,145.53624000000036,983.0,3932.0,1966.0,3932.0,3730.2227279346203,215.81290160000026,215.81290160000026,0.0,VRE120_base
8,4339,4340,2,648.5862647999993,364.2572659999996,983.0,3932.0,1966.0,3932.0,3730.2227279346203,648.5862647999993,648.5862647999993,0.0,VRE120_base
8,4744,4748,5,1092.3143155999978,445.9917112000003,983.0,3932.0,1966.0,3932.0,3730.2227279346203,1092.3143155999978,1092.3143155999978,0.0,VRE120_base
8,4768,4772,5,1696.610858799998,588.0228283999986,983.0,3932.0,1966.0,3932.0,3730.2227279346203,1696.610858799998,1696.610858799998,0.0,VRE120_base
8,4795,4795,1,34.376501600000665,34.376501600000665,983.0,3932.0,1966.0,3932.0,3730.2227279346203,34.376501600000665,34.376501600000665,0.0,VRE120_base
8,4818,4821,4,1430.2249531999978,562.1445459999995,983.0,3932.0,1966.0,3932.0,3730.2227279346203,1430.2249531999978,1430.2249531999978,0.0,VRE120_base
8,4839,4842,4,589.880029599999,257.51234640000075,983.0,3932.0,1966.0,3932.0,3730.2227279346203,589.880029599999,589.880029599999,0.0,VRE120_base
8,4864,4868,5,1637.2607967999984,576.0678031999996,983.0,3932.0,1966.0,3932.0,3730.2227279346203,1637.2607967999984,1637.2607967999984,0.0,VRE120_base
8,4891,4891,1,16.359492399999,16.359492399999,983.0,3932.0,1966.0,3932.0,3730.2227279346203,16.359492399999,16.359492399999,0.0,VRE120_base
8,4912,4915,4,608.8901983999986,248.07083479999983,983.0,3932.0,1966.0,3932.0,3730.2227279346203,608.8901983999986,608.8901983999986,0.0,VRE120_base
8,4935,4941,7,2791.774948399996,662.9972675999998,983.0,3932.0,1966.0,3932.0,3730.2227279346203,2791.774948399996,2791.774948399996,0.0,VRE120_base
8,4961,4965,5,1516.4627619999983,538.277386400001,983.0,3932.0,1966.0,3932.0,3730.2227279346203,1516.4627619999983,1516.4627619999983,0.0,VRE120_base
8,4984,4989,6,3404.825198399996,822.4009067999987,983.0,3932.0,1966.0,3932.0,3730.2227279346203,3404.825198399996,3404.825198399996,0.0,VRE120_base
8,5006,5012,7,2860.7727032000003,576.0900187999996,983.0,3932.0,1966.0,3932.0,3730.2227279346203,2860.7727032000003,2860.7727032000003,0.0,VRE120_base
8,5031,5031,1,79.85566680000011,79.85566680000011,983.0,3932.0,1966.0,3932.0,3730.2227279346203,79.85566680000011,79.85566680000011,0.0,VRE120_base
8,5034,5035,2,302.58338559999993,195.39568240000062,983.0,3932.0,1966.0,3932.0,3730.2227279346203,302.58338559999993,302.58338559999993,0.0,VRE120_base
8,5057,5060,4,858.4378827999981,294.3393583999996,983.0,3932.0,1966.0,3932.0,3730.2227279346203,858.4378827999981,858.4378827999981,0.0,VRE120_base
8,5226,5226,1,63.63549239999975,63.63549239999975,983.0,3932.0,1966.0,3932.0,3730.2227279346203,63.63549239999975,63.63549239999975,0.0,VRE120_base
8,5346,5346,1,12.154826399999365,12.154826399999365,983.0,3932.0,1966.0,3932.0,3730.2227279346203,12.154826399999365,12.154826399999365,0.0,VRE120_base
8,5391,5394,4,585.3806575999988,279.76427319999857,983.0,3932.0,1966.0,3932.0,3730.2227279346203,585.3806575999988,585.3806575999988,0.0,VRE120_base
8,5414,5417,4,1691.1695079999954,567.3098683999997,983.0,3932.0,1966.0,3932.0,3730.2227279346203,1691.1695079999954,1691.1695079999954,0.0,VRE120_base
8,5441,5442,2,188.16368520000105,170.36293079999996,983.0,3932.0,1966.0,3932.0,3730.2227279346203,188.16368520000105,188.16368520000105,0.0,VRE120_base
8,5727,5727,1,33.30314840000028,33.30314840000028,983.0,3932.0,1966.0,3932.0,3730.2227279346203,33.30314840000028,33.30314840000028,0.0,VRE120_base
8,5729,5730,2,47.47812560000057,33.72526800000014,983.0,3932.0,1966.0,3932.0,3730.2227279346203,47.47812560000057,47.47812560000057,0.0,VRE120_base
8,5849,5850,2,164.15919679999934,123.41517879999992,983.0,3932.0,1966.0,3932.0,3730.2227279346203,164.15919679999934,164.15919679999934,0.0,VRE120_base
8,6041,6044,4,1355.1980312000014,510.53624000000036,983.0,3932.0,1966.0,3932.0,3730.2227279346203,1355.1980312000014,1355.1980312000014,0.0,VRE120_base
8,6185,6188,4,1091.0086275999975,727.8177063999992,983.0,3932.0,1966.0,3932.0,3730.2227279346203,1091.0086275999975,1091.0086275999975,0.0,VRE120_base
8,6209,6210,2,144.56948920000013,91.7926320000006,983.0,3932.0,1966.0,3932.0,3730.2227279346203,144.56948920000013,144.56948920000013,0.0,VRE120_base
9,4434,4435,2,148.47868199999812,81.57141159999901,983.0,3932.0,1966.0,3932.0,3730.2227279346203,148.47868199999812,148.47868199999812,0.0,VRE120_base
9,4746,4747,2,233.37384439999914,153.99171120000028,983.0,3932.0,1966.0,3932.0,3730.2227279346203,233.37384439999914,233.37384439999914,0.0,VRE120_base
9,4770,4771,2,426.69933559999663,237.02282839999862,983.0,3932.0,1966.0,3932.0,3730.2227279346203,426.69933559999663,426.69933559999663,0.0,VRE120_base
9,4841,4841,1,7.512346400000752,7.512346400000752,983.0,3932.0,1966.0,3932.0,3730.2227279346203,7.512346400000752,7.512346400000752,0.0,VRE120_base
9,4864,4868,5,2162.2607967999984,681.0678031999996,983.0,3932.0,1966.0,3932.0,3730.2227279346203,2162.2607967999984,2162.2607967999984,0.0,VRE120_base
9,4889,4892,4,629.7328359999983,319.359492399999,983.0,3932.0,1966.0,3932.0,3730.2227279346203,629.7328359999983,629.7328359999983,0.0,VRE120_base
9,4912,4915,4,356.89019839999855,185.07083479999983,983.0,3932.0,1966.0,3932.0,3730.2227279346203,356.89019839999855,356.89019839999855,0.0,VRE120_base
9,4935,4935,1,13.591175599998678,13.591175599998678,983.0,3932.0,1966.0,3932.0,3730.2227279346203,13.591175599998678,13.591175599998678,0.0,VRE120_base
9,4937,4940,4,646.5319023999991,300.99726759999976,983.0,3932.0,1966.0,3932.0,3730.2227279346203,646.5319023999991,646.5319023999991,0.0,VRE120_base
9,4962,4964,3,307.82617839999966,188.27738640000098,983.0,3932.0,1966.0,3932.0,3730.2227279346203,307.82617839999966,307.82617839999966,0.0,VRE120_base
9,4984,4988,5,1484.9087691999976,472.4009067999996,983.0,3932.0,1966.0,3932.0,3730.2227279346203,1484.9087691999976,1484.9087691999976,0.0,VRE120_base
9,5007,5007,1,110.93976359999942,110.93976359999942,983.0,3932.0,1966.0,3932.0,3730.2227279346203,110.93976359999942,110.93976359999942,0.0,VRE120_base
9,5009,5012,4,800.6715252000013,246.0900187999996,983.0,3932.0,1966.0,3932.0,3730.2227279346203,800.6715252000013,800.6715252000013,0.0,VRE120_base
9,5226,5226,1,73.63549239999975,73.63549239999975,983.0,3932.0,1966.0,3932.0,3730.2227279346203,73.63549239999975,73.63549239999975,0.0,VRE120_base
9,5391,5394,4,581.3806575999988,281.76427319999857,983.0,3932.0,1966.0,3932.0,3730.2227279346203,581.3806575999988,581.3806575999988,0.0,VRE120_base
9,5415,5417,3,1117.7389591999981,404.3098683999997,983.0,3932.0,1966.0,3932.0,3730.2227279346203,1117.7389591999981,1117.7389591999981,0.0,VRE120_base
9,5441,5443,3,317.696909199999,205.36293079999905,983.0,3932.0,1966.0,3932.0,3730.2227279346203,317.696909199999,317.696909199999,0.0,VRE120_base
9,5514,5514,1,82.39208239999971,82.39208239999971,983.0,3932.0,1966.0,3932.0,3730.2227279346203,82.39208239999971,82.39208239999971,0.0,VRE120_base
9,5847,5851,5,2072.502969600002,684.4151787999999,983.0,3932.0,1966.0,3932.0,3730.2227279346203,2072.502969600002,2072.502969600002,0.0,VRE120_base
9,6040,6044,5,2300.4561643999996,683.5362400000004,983.0,3932.0,1966.0,3932.0,3730.2227279346203,2300.4561643999996,2300.4561643999996,0.0,VRE120_base
9,6066,6066,1,25.510343199998715,25.510343199998715,983.0,3932.0,1966.0,3932.0,3730.2227279346203,25.510343199998715,25.510343199998715,0.0,VRE120_base
10,4434,4435,2,88.47868199999812,51.57141159999901,983.0,3932.0,1966.0,3932.0,3730.2227279346203,88.47868199999812,88.47868199999812,0.0,VRE120_base
10,4745,4748,4,936.9210359999988,408.9917112000003,983.0,3932.0,1966.0,3932.0,3730.2227279346203,936.9210359999988,936.9210359999988,0.0,VRE120_base
10,4770,4771,2,131.69933559999663,69.67650719999801,983.0,3932.0,1966.0,3932.0,3730.2227279346203,131.69933559999663,131.69933559999663,0.0,VRE120_base
10,4864,4867,4,1385.8402547999976,551.0678031999996,983.0,3932.0,1966.0,3932.0,3730.2227279346203,1385.8402547999976,1385.8402547999976,0.0,VRE120_base
10,4935,4935,1,48.59117559999868,48.59117559999868,983.0,3932.0,1966.0,3932.0,3730.2227279346203,48.59117559999868,48.59117559999868,0.0,VRE120_base
10,4937,4940,4,841.5319023999991,335.99726759999976,983.0,3932.0,1966.0,3932.0,3730.2227279346203,841.5319023999991,841.5319023999991,0.0,VRE120_base
10,4962,4964,3,247.82617839999966,168.27738640000098,983.0,3932.0,1966.0,3932.0,3730.2227279346203,247.82617839999966,247.82617839999966,0.0,VRE120_base
10,4984,4988,5,1744.9087691999976,532.4009067999996,983.0,3932.0,1966.0,3932.0,3730.2227279346203,1744.9087691999976,1744.9087691999976,0.0,VRE120_base
10,5007,5012,6,1893.9923736,416.0900187999996,983.0,3932.0,1966.0,3932.0,3730.2227279346203,1893.9923736,1893.9923736,0.0,VRE120_base
10,5031,5031,1,219.8556668000001,219.8556668000001,983.0,3932.0,1966.0,3932.0,3730.2227279346203,219.8556668000001,219.8556668000001,0.0,VRE120_base
10,5033,5036,4,760.6781507999995,335.3956824000006,983.0,3932.0,1966.0,3932.0,3730.2227279346203,760.6781507999995,760.6781507999995,0.0,VRE120_base
10,5057,5059,3,284.14658079999754,135.5623487999983,983.0,3932.0,1966.0,3932.0,3730.2227279346203,284.14658079999754,284.14658079999754,0.0,VRE120_base
10,5082,5083,2,224.62002479999956,116.81532199999947,983.0,3932.0,1966.0,3932.0,3730.2227279346203,224.62002479999956,224.62002479999956,0.0,VRE120_base
10,5391,5393,3,477.87422479999805,240.76427319999857,983.0,3932.0,1966.0,3932.0,3730.2227279346203,477.87422479999805,477.87422479999805,0.0,VRE120_base
10,5414,5417,4,1910.1695079999954,608.3098683999997,983.0,3932.0,1966.0,3932.0,3730.2227279346203,1910.1695079999954,1910.1695079999954,0.0,VRE120_base
10,5441,5442,2,230.16368520000015,191.36293079999905,983.0,3932.0,1966.0,3932.0,3730.2227279346203,230.16368520000015,230.16368520000015,0.0,VRE120_base
10,5514,5515,2,450.17335679999906,259.3920823999997,983.0,3932.0,1966.0,3932.0,3730.2227279346203,450.17335679999906,450.17335679999906,0.0,VRE120_base
10,5609,5612,4,1323.9393983999998,499.7150616000008,983.0,3932.0,1966.0,3932.0,3730.2227279346203,1323.9393983999998,1323.9393983999998,0.0,VRE120_base
10,5634,5634,1,111.46204680000028,111.46204680000028,983.0,3932.0,1966.0,3932.0,3730.2227279346203,111.46204680000028,111.46204680000028,0.0,VRE120_base
10,5681,5682,2,118.06245560000025,81.55330520000098,983.0,3932.0,1966.0,3932.0,3730.2227279346203,118.06245560000025,118.06245560000025,0.0,VRE120_base
10,5848,5852,5,2766.325965600001,928.415178799999,983.0,3932.0,1966.0,3932.0,3730.2227279346203,2766.325965600001,2766.325965600001,0.0,VRE120_base
10,5897,5897,1,186.89687879999838,186.89687879999838,983.0,3932.0,1966.0,3932.0,3730.2227279346203,186.89687879999838,186.89687879999838,0.0,VRE120_base
10,5899,5900,2,282.50966959999914,143.88933520000046,983.0,3932.0,1966.0,3932.0,3730.2227279346203,282.50966959999914,282.50966959999914,0.0,VRE120_base
10,5919,5924,6,2300.2602996000005,681.6172752000011,983.0,3932.0,1966.0,3932.0,3730.2227279346203,2300.2602996000005,2300.2602996000005,0.0,VRE120_base
10,5946,5947,2,281.6063103999977,226.68389279999792,983.0,3932.0,1966.0,3932.0,3730.2227279346203,281.6063103999977,281.6063103999977,0.0,VRE120_base
10,6042,6043,2,389.81290160000026,232.53624000000036,983.0,3932.0,1966.0,3932.0,3730.2227279346203,389.81290160000026,389.81290160000026,0.0,VRE120_base
11,4339,4340,2,688.5862647999993,384.2572659999996,983.0,3932.0,1966.0,3932.0,3730.2227279346203,688.5862647999993,688.5862647999993,0.0,VRE120_base
11,4746,4747,2,145.37384439999914,109.99171120000028,983.0,3932.0,1966.0,3932.0,3730.2227279346203,145.37384439999914,145.37384439999914,0.0,VRE120_base
11,4769,4772,4,1160.8003279999966,438.0228283999986,983.0,3932.0,1966.0,3932.0,3730.2227279346203,1160.8003279999966,1160.8003279999966,0.0,VRE120_base
11,4818,4820,3,582.5656643999992,267.14454599999954,983.0,3932.0,1966.0,3932.0,3730.2227279346203,582.5656643999992,582.5656643999992,0.0,VRE120_base
11,4864,4868,5,1422.2607967999984,533.0678031999996,983.0,3932.0,1966.0,3932.0,3730.2227279346203,1422.2607967999984,1422.2607967999984,0.0,VRE120_base
11,4889,4892,4,1292.7328359999983,471.359492399999,983.0,3932.0,1966.0,3932.0,3730.2227279346203,1292.7328359999983,1292.7328359999983,0.0,VRE120_base
11,4912,4915,4,664.8901983999986,262.07083479999983,983.0,3932.0,1966.0,3932.0,3730.2227279346203,664.8901983999986,664.8901983999986,0.0,VRE120_base
11,4934,4941,8,3359.426303599994,732.9972675999998,983.0,3932.0,1966.0,3932.0,3730.2227279346203,3359.426303599994,3359.426303599994,0.0,VRE120_base
11,4961,4965,5,1895.4627619999983,628.277386400001,983.0,3932.0,1966.0,3932.0,3730.2227279346203,1895.4627619999983,1895.4627619999983,0.0,VRE120_base
11,4984,4989,6,5084.825198399996,1102.4009067999987,983.0,3932.0,1966.0,3932.0,3730.2227279346203,4958.587193599998,3730.2227279346203,1354.602470465376,VRE120_base
11,5005,5013,9,5613.357021199999,964.8834419999985,983.0,3932.0,1966.0,3932.0,3730.2227279346203,5613.357021199999,3730.2227279346203,1883.1342932653783,VRE120_base
11,5030,5031,2,379.42142799999965,314.8556668000001,983.0,3932.0,1966.0,3932.0,3730.2227279346203,379.42142799999965,379.42142799999965,0.0,VRE120_base
11,5033,5036,4,1140.6781508000004,430.3956824000006,983.0,3932.0,1966.0,3932.0,3730.2227279346203,1140.6781508000004,1140.6781508000004,0.0,VRE120_base
11,5056,5060,5,1857.0262151999987,509.3393583999996,983.0,3932.0,1966.0,3932.0,3730.2227279346203,1857.0262151999987,1857.0262151999987,0.0,VRE120_base
11,5082,5083,2,54.620024799999555,31.81532199999947,983.0,3932.0,1966.0,3932.0,3730.2227279346203,54.620024799999555,54.620024799999555,0.0,VRE120_base
11,5129,5133,5,848.0440208000009,318.28613120000045,983.0,3932.0,1966.0,3932.0,3730.2227279346203,848.0440208000009,848.0440208000009,0.0,VRE120_base
11,5155,5156,2,340.20327559999896,203.57051919999958,983.0,3932.0,1966.0,3932.0,3730.2227279346203,340.20327559999896,340.20327559999896,0.0,VRE120_base
11,5224,5228,5,1528.5710179999978,523.6354923999997,983.0,3932.0,1966.0,3932.0,3730.2227279346203,1528.5710179999978,1528.5710179999978,0.0,VRE120_base
11,5250,5250,1,31.5203247999998,31.5203247999998,983.0,3932.0,1966.0,3932.0,3730.2227279346203,31.5203247999998,31.5203247999998,0.0,VRE120_base
11,5298,5299,2,64.28562959999817,32.22022679999827,983.0,3932.0,1966.0,3932.0,3730.2227279346203,64.28562959999817,64.28562959999817,0.0,VRE120_base
11,5322,5324,3,493.56313079999927,208.64253199999985,983.0,3932.0,1966.0,3932.0,3730.2227279346203,493.56313079999927,493.56313079999927,0.0,VRE120_base
11,5345,5348,4,1332.434126799998,522.1548264000003,983.0,3932.0,1966.0,3932.0,3730.2227279346203,1332.434126799998,1332.434126799998,0.0,VRE120_base
11,5390,5396,7,3501.1528475999985,769.7642731999986,983.0,3932.0,1966.0,3932.0,3730.2227279346203,3501.1528475999985,3501.1528475999985,0.0,VRE120_base
11,5414,5419,6,3599.0441651999945,924.3098683999997,983.0,3932.0,1966.0,3932.0,3730.2227279346203,3599.0441651999945,3599.0441651999945,0.0,VRE120_base
11,5439,5444,6,1684.229961199998,527.362930799999,983.0,3932.0,1966.0,3932.0,3730.2227279346203,1684.229961199998,1684.229961199998,0.0,VRE120_base
11,5726,5731,6,928.8034927999997,193.72526800000014,983.0,3932.0,1966.0,3932.0,3730.2227279346203,928.8034927999997,928.8034927999997,0.0,VRE120_base
11,5849,5850,2,364.15919679999934,223.41517879999992,983.0,3932.0,1966.0,3932.0,3730.2227279346203,364.15919679999934,364.15919679999934,0.0,VRE120_base
11,6042,6043,2,255.81290160000026,165.53624000000036,983.0,3932.0,1966.0,3932.0,3730.2227279346203,255.81290160000026,255.81290160000026,0.0,VRE120_base
12,4337,4341,5,1421.7756679999975,556.2572659999996,983.0,3932.0,1966.0,3932.0,3730.2227279346203,1421.7756679999975,1421.7756679999975,0.0,VRE120_base
12,4746,4747,2,233.37384439999914,153.99171120000028,983.0,3932.0,1966.0,3932.0,3730.2227279346203,233.37384439999914,233.37384439999914,0.0,VRE120_base
12,4770,4771,2,386.69933559999663,217.02282839999862,983.0,3932.0,1966.0,3932.0,3730.2227279346203,386.69933559999663,386.69933559999663,0.0,VRE120_base
12,4839,4839,1,39.04796239999996,39.04796239999996,983.0,3932.0,1966.0,3932.0,3730.2227279346203,39.04796239999996,39.04796239999996,0.0,VRE120_base
12,4841,4841,1,117.51234640000075,117.51234640000075,983.0,3932.0,1966.0,3932.0,3730.2227279346203,117.51234640000075,117.51234640000075,0.0,VRE120_base
12,4843,4844,2,123.31707920000008,78.27092039999934,983.0,3932.0,1966.0,3932.0,3730.2227279346203,123.31707920000008,123.31707920000008,0.0,VRE120_base
12,4865,4868,4,795.863323999999,382.0678031999996,983.0,3932.0,1966.0,3932.0,3730.2227279346203,795.863323999999,795.863323999999,0.0,VRE120_base
12,4914,4914,1,96.07083479999983,96.07083479999983,983.0,3932.0,1966.0,3932.0,3730.2227279346203,96.07083479999983,96.07083479999983,0.0,VRE120_base
12,4935,4940,6,1714.0935067999972,490.99726759999976,983.0,3932.0,1966.0,3932.0,3730.2227279346203,1714.0935067999972,1714.0935067999972,0.0,VRE120_base
12,4962,4964,3,247.82617839999966,168.27738640000098,983.0,3932.0,1966.0,3932.0,3730.2227279346203,247.82617839999966,247.82617839999966,0.0,VRE120_base
12,4984,4989,6,2389.825198399997,714.837098,983.0,3932.0,1966.0,3932.0,3730.2227279346203,2389.825198399997,2389.825198399997,0.0,VRE120_base
12,5007,5012,6,3003.9923736,601.0900187999996,983.0,3932.0,1966.0,3932.0,3730.2227279346203,3003.9923736,3003.9923736,0.0,VRE120_base
12,5057,5058,2,104.90170719999787,59.33935839999958,983.0,3932.0,1966.0,3932.0,3730.2227279346203,104.90170719999787,104.90170719999787,0.0,VRE120_base
12,5225,5228,4,811.6011171999971,348.63549239999975,983.0,3932.0,1966.0,3932.0,3730.2227279346203,811.6011171999971,811.6011171999971,0.0,VRE120_base
12,5249,5252,4,914.6837583999986,381.5203247999998,983.0,3932.0,1966.0,3932.0,3730.2227279346203,914.6837583999986,914.6837583999986,0.0,VRE120_base
12,5391,5393,3,502.87422479999805,255.76427319999857,983.0,3932.0,1966.0,3932.0,3730.2227279346203,502.87422479999805,502.87422479999805,0.0,VRE120_base
12,5414,5417,4,1430.1695079999954,488.3098683999997,983.0,3932.0,1966.0,3932.0,3730.2227279346203,1430.1695079999954,1430.1695079999954,0.0,VRE120_base
12,5441,5442,2,208.16368520000015,180.36293079999905,983.0,3932.0,1966.0,3932.0,3730.2227279346203,208.16368520000015,208.16368520000015,0.0,VRE120_base
12,5848,5851,4,1317.6175556000017,518.4151787999999,983.0,3932.0,1966.0,3932.0,3730.2227279346203,1317.6175556000017,1317.6175556000017,0.0,VRE120_base
12,5921,5924,4,2267.7830140000024,719.1027760000006,983.0,3932.0,1966.0,3932.0,3730.2227279346203,2267.7830140000024,2267.7830140000024,0.0,VRE120_base
12,6041,6044,4,595.1980312000014,320.53624000000036,983.0,3932.0,1966.0,3932.0,3730.2227279346203,595.1980312000014,595.1980312000014,0.0,VRE120_base
12,6065,6068,4,1146.7386887999974,483.5103431999987,983.0,3932.0,1966.0,3932.0,3730.2227279346203,1146.7386887999974,1146.7386887999974,0.0,VRE120_base
13,4219,4219,1,39.12154079999982,39.12154079999982,983.0,3932.0,1966.0,3932.0,3730.2227279346203,39.12154079999982,39.12154079999982,0.0,VRE120_base
13,4242,4242,1,26.897817600000053,26.897817600000053,983.0,3932.0,1966.0,3932.0,3730.2227279346203,26.897817600000053,26.897817600000053,0.0,VRE120_base
13,4434,4435,2,248.47868199999812,131.571411599999,983.0,3932.0,1966.0,3932.0,3730.2227279346203,248.47868199999812,248.47868199999812,0.0,VRE120_base
13,4745,4748,4,1396.9210359999997,523.9917112000003,983.0,3932.0,1966.0,3932.0,3730.2227279346203,1396.9210359999997,1396.9210359999997,0.0,VRE120_base
13,4769,4772,4,996.8003279999966,397.0228283999986,983.0,3932.0,1966.0,3932.0,3730.2227279346203,996.8003279999966,996.8003279999966,0.0,VRE120_base
13,4818,4820,3,702.5656643999992,307.14454599999954,983.0,3932.0,1966.0,3932.0,3730.2227279346203,702.5656643999992,702.5656643999992,0.0,VRE120_base
13,4863,4869,7,3260.0651383999975,856.0678031999996,983.0,3932.0,1966.0,3932.0,3730.2227279346203,3260.0651383999975,3260.0651383999975,0.0,VRE120_base
13,4890,4892,3,575.6546087999986,284.359492399999,983.0,3932.0,1966.0,3932.0,3730.2227279346203,575.6546087999986,575.6546087999986,0.0,VRE120_base
13,4912,4912,1,17.07707599999958,17.07707599999958,983.0,3932.0,1966.0,3932.0,3730.2227279346203,17.07707599999958,17.07707599999958,0.0,VRE120_base
13,4914,4914,1,125.07083479999983,125.07083479999983,983.0,3932.0,1966.0,3932.0,3730.2227279346203,125.07083479999983,125.07083479999983,0.0,VRE120_base
13,4935,4941,7,2707.774948399996,650.9972675999998,983.0,3932.0,1966.0,3932.0,3730.2227279346203,2707.774948399996,2707.774948399996,0.0,VRE120_base
13,4961,4965,5,1861.4627619999983,614.277386400001,983.0,3932.0,1966.0,3932.0,3730.2227279346203,1861.4627619999983,1861.4627619999983,0.0,VRE120_base
13,4984,4988,5,1772.9087691999976,568.4009067999996,983.0,3932.0,1966.0,3932.0,3730.2227279346203,1772.9087691999976,1772.9087691999976,0.0,VRE120_base
13,5007,5007,1,110.93976359999942,110.93976359999942,983.0,3932.0,1966.0,3932.0,3730.2227279346203,110.93976359999942,110.93976359999942,0.0,VRE120_base
13,5009,5012,4,800.6715252000013,246.0900187999996,983.0,3932.0,1966.0,3932.0,3730.2227279346203,800.6715252000013,800.6715252000013,0.0,VRE120_base
13,5057,5058,2,24.901707199996963,19.339358399998673,983.0,3932.0,1966.0,3932.0,3730.2227279346203,24.901707199996963,24.901707199996963,0.0,VRE120_base
13,5346,5346,1,47.154826399999365,47.154826399999365,983.0,3932.0,1966.0,3932.0,3730.2227279346203,47.154826399999365,47.154826399999365,0.0,VRE120_base
13,5391,5394,4,675.3806575999988,279.76427319999857,983.0,3932.0,1966.0,3932.0,3730.2227279346203,675.3806575999988,675.3806575999988,0.0,VRE120_base
13,5414,5419,6,3348.0441651999945,894.5298223999998,983.0,3932.0,1966.0,3932.0,3730.2227279346203,3348.0441651999945,3348.0441651999945,0.0,VRE120_base
13,5439,5443,5,723.837172399998,341.36293079999905,983.0,3932.0,1966.0,3932.0,3730.2227279346203,723.837172399998,723.837172399998,0.0,VRE120_base
13,5681,5682,2,148.06245560000025,96.55330520000098,983.0,3932.0,1966.0,3932.0,3730.2227279346203,148.06245560000025,148.06245560000025,0.0,VRE120_base
13,5726,5727,2,292.5198623999986,209.21671399999832,983.0,3932.0,1966.0,3932.0,3730.2227279346203,292.5198623999986,292.5198623999986,0.0,VRE120_base
13,5729,5730,2,57.47812560000057,28.752857600000425,983.0,3932.0,1966.0,3932.0,3730.2227279346203,57.47812560000057,57.47812560000057,0.0,VRE120_base
13,5754,5754,1,5.016010399999686,5.016010399999686,983.0,3932.0,1966.0,3932.0,3730.2227279346203,5.016010399999686,5.016010399999686,0.0,VRE120_base
13,5847,5851,5,1817.502969600002,633.4151787999999,983.0,3932.0,1966.0,3932.0,3730.2227279346203,1817.502969600002,1817.502969600002,0.0,VRE120_base
13,5946,5946,1,139.68389279999792,139.68389279999792,983.0,3932.0,1966.0,3932.0,3730.2227279346203,139.68389279999792,139.68389279999792,0.0,VRE120_base
13,6018,6018,1,65.09214359999987,65.09214359999987,983.0,3932.0,1966.0,3932.0,3730.2227279346203,65.09214359999987,65.09214359999987,0.0,VRE120_base
13,6040,6044,5,1470.4561644000005,530.5362400000004,983.0,3932.0,1966.0,3932.0,3730.2227279346203,1470.4561644000005,1470.4561644000005,0.0,VRE120_base
13,6066,6066,1,87.51034319999872,87.51034319999872,983.0,3932.0,1966.0,3932.0,3730.2227279346203,87.51034319999872,87.51034319999872,0.0,VRE120_base
13,6593,6594,2,201.3939531999995,194.31006119999984,983.0,3932.0,1966.0,3932.0,3730.2227279346203,201.3939531999995,201.3939531999995,0.0,VRE120_base
14,4410,4410,1,204.70026400000006,204.70026400000006,983.0,3932.0,1966.0,3932.0,3730.2227279346203,204.70026400000006,204.70026400000006,0.0,VRE120_base
14,4746,4748,3,811.2426623999991,368.9917112000003,983.0,3932.0,1966.0,3932.0,3730.2227279346203,811.2426623999991,811.2426623999991,0.0,VRE120_base
14,4769,4772,4,696.8003279999966,322.0228283999986,983.0,3932.0,1966.0,3932.0,3730.2227279346203,696.8003279999966,696.8003279999966,0.0,VRE120_base
14,4865,4868,4,775.863323999999,377.0678031999996,983.0,3932.0,1966.0,3932.0,3730.2227279346203,775.863323999999,775.863323999999,0.0,VRE120_base
14,4935,4940,6,2841.093506799997,778.5207527999992,983.0,3932.0,1966.0,3932.0,3730.2227279346203,2841.093506799997,2841.093506799997,0.0,VRE120_base
14,4962,4964,3,307.82617839999966,188.27738640000098,983.0,3932.0,1966.0,3932.0,3730.2227279346203,307.82617839999966,307.82617839999966,0.0,VRE120_base
14,4984,4988,5,1664.9087691999976,527.4009067999996,983.0,3932.0,1966.0,3932.0,3730.2227279346203,1664.9087691999976,1664.9087691999976,0.0,VRE120_base
14,5007,5007,1,130.93976359999942,130.93976359999942,983.0,3932.0,1966.0,3932.0,3730.2227279346203,130.93976359999942,130.93976359999942,0.0,VRE120_base
14,5009,5012,4,800.6715252000013,246.0900187999996,983.0,3932.0,1966.0,3932.0,3730.2227279346203,800.6715252000013,800.6715252000013,0.0,VRE120_base
14,5391,5393,3,337.87422479999805,200.76427319999857,983.0,3932.0,1966.0,3932.0,3730.2227279346203,337.87422479999805,337.87422479999805,0.0,VRE120_base
14,5415,5417,3,936.7389591999981,357.3098683999997,983.0,3932.0,1966.0,3932.0,3730.2227279346203,936.7389591999981,936.7389591999981,0.0,VRE120_base
14,5441,5444,4,751.0896979999989,350.36293079999905,983.0,3932.0,1966.0,3932.0,3730.2227279346203,751.0896979999989,751.0896979999989,0.0,VRE120_base
14,5679,5683,5,2323.3179804,731.553305200001,983.0,3932.0,1966.0,3932.0,3730.2227279346203,2323.3179804,2323.3179804,0.0,VRE120_base
14,5725,5732,8,4569.993733599997,698.7528575999995,983.0,3932.0,1966.0,3932.0,3730.2227279346203,4569.993733599997,3730.2227279346203,839.7710056653764,VRE120_base
14,5752,5752,1,7.960906799999066,7.960906799999066,983.0,3932.0,1966.0,3932.0,3730.2227279346203,7.960906799999066,7.960906799999066,0.0,VRE120_base
14,5754,5754,1,20.016010399999686,20.016010399999686,983.0,3932.0,1966.0,3932.0,3730.2227279346203,20.016010399999686,20.016010399999686,0.0,VRE120_base
14,5849,5849,1,48.41517879999992,48.41517879999992,983.0,3932.0,1966.0,3932.0,3730.2227279346203,48.41517879999992,48.41517879999992,0.0,VRE120_base
14,5921,5923,3,401.84254560000136,214.10277600000063,983.0,3932.0,1966.0,3932.0,3730.2227279346203,401.84254560000136,401.84254560000136,0.0,VRE120_base
14,6040,6043,4,762.5026868000004,298.4316520000011,983.0,3932.0,1966.0,3932.0,3730.2227279346203,762.5026868000004,762.5026868000004,0.0,VRE120_base
15,4218,4219,2,280.98415959999875,175.12154079999982,983.0,3932.0,1966.0,3932.0,3730.2227279346203,280.98415959999875,280.98415959999875,0.0,VRE120_base
15,4242,4243,2,428.1420455999996,230.24422799999957,983.0,3932.0,1966.0,3932.0,3730.2227279346203,428.1420455999996,428.1420455999996,0.0,VRE120_base
15,4410,4410,1,35.70026400000006,35.70026400000006,983.0,3932.0,1966.0,3932.0,3730.2227279346203,35.70026400000006,35.70026400000006,0.0,VRE120_base
15,4770,4770,1,4.022828399998616,4.022828399998616,983.0,3932.0,1966.0,3932.0,3730.2227279346203,4.022828399998616,4.022828399998616,0.0,VRE120_base
15,4844,4844,1,30.04615880000074,30.04615880000074,983.0,3932.0,1966.0,3932.0,3730.2227279346203,30.04615880000074,30.04615880000074,0.0,VRE120_base
15,4864,4868,5,2382.2607967999984,756.0678031999996,983.0,3932.0,1966.0,3932.0,3730.2227279346203,2382.2607967999984,2382.2607967999984,0.0,VRE120_base
15,4891,4891,1,49.359492399999,49.359492399999,983.0,3932.0,1966.0,3932.0,3730.2227279346203,49.359492399999,49.359492399999,0.0,VRE120_base
15,4912,4915,4,421.89019839999855,205.07083479999983,983.0,3932.0,1966.0,3932.0,3730.2227279346203,421.89019839999855,421.89019839999855,0.0,VRE120_base
15,4934,4941,8,5523.426303599994,1005.9972675999998,983.0,3932.0,1966.0,3932.0,3730.2227279346203,5500.429035999994,3730.2227279346203,1793.2035756653736,VRE120_base
15,4959,4965,7,3239.8556096,873.277386400001,983.0,3932.0,1966.0,3932.0,3730.2227279346203,3239.8556096,3239.8556096,0.0,VRE120_base
15,4983,4990,8,8302.241278399997,1552.4009067999987,983.0,3932.0,1966.0,3932.0,3730.2227279346203,6360.3325092,3730.2227279346203,4572.018550465376,VRE120_base
15,5005,5013,9,5916.357021199999,963.0900187999996,983.0,3932.0,1966.0,3932.0,3730.2227279346203,5916.357021199999,3730.2227279346203,2186.1342932653783,VRE120_base
15,5029,5036,8,5032.373087199996,937.3956824000006,983.0,3932.0,1966.0,3932.0,3730.2227279346203,5032.373087199996,3730.2227279346203,1302.1503592653758,VRE120_base
15,5056,5061,6,3603.963481599999,809.3393583999996,983.0,3932.0,1966.0,3932.0,3730.2227279346203,3603.963481599999,3603.963481599999,0.0,VRE120_base
15,5079,5079,1,206.88527319999957,206.88527319999957,983.0,3932.0,1966.0,3932.0,3730.2227279346203,206.88527319999957,206.88527319999957,0.0,VRE120_base
15,5081,5085,5,1837.678916799996,508.81532199999947,983.0,3932.0,1966.0,3932.0,3730.2227279346203,1837.678916799996,1837.678916799996,0.0,VRE120_base
15,5226,5227,2,165.8474527999988,137.63549239999975,983.0,3932.0,1966.0,3932.0,3730.2227279346203,165.8474527999988,165.8474527999988,0.0,VRE120_base
15,5346,5348,3,685.6054035999996,342.1548264000003,983.0,3932.0,1966.0,3932.0,3730.2227279346203,685.6054035999996,685.6054035999996,0.0,VRE120_base
15,5391,5394,4,585.3806575999988,279.76427319999857,983.0,3932.0,1966.0,3932.0,3730.2227279346203,585.3806575999988,585.3806575999988,0.0,VRE120_base
15,5415,5417,3,1141.7389591999981,412.3098683999997,983.0,3932.0,1966.0,3932.0,3730.2227279346203,1141.7389591999981,1141.7389591999981,0.0,VRE120_base
15,5442,5442,1,15.362930799999958,15.362930799999958,983.0,3932.0,1966.0,3932.0,3730.2227279346203,15.362930799999958,15.362930799999958,0.0,VRE120_base
15,5681,5681,1,26.553305200000977,26.553305200000977,983.0,3932.0,1966.0,3932.0,3730.2227279346203,26.553305200000977,26.553305200000977,0.0,VRE120_base
15,5726,5732,7,2290.585704799999,403.7528576000004,983.0,3932.0,1966.0,3932.0,3730.2227279346203,2290.585704799999,2290.585704799999,0.0,VRE120_base
15,5849,5850,2,124.15919679999934,103.41517879999992,983.0,3932.0,1966.0,3932.0,3730.2227279346203,124.15919679999934,124.15919679999934,0.0,VRE120_base
15,6042,6043,2,405.81290160000026,240.53624000000036,983.0,3932.0,1966.0,3932.0,3730.2227279346203,405.81290160000026,405.81290160000026,0.0,VRE120_base
15,6065,6067,3,822.4600923999997,397.5103431999987,983.0,3932.0,1966.0,3932.0,3730.2227279346203,822.4600923999997,822.4600923999997,0.0,VRE120_base
15,6186,6187,2,232.44253599999774,147.81770639999922,983.0,3932.0,1966.0,3932.0,3730.2227279346203,232.44253599999774,232.44253599999774,0.0,VRE120_base
16,4169,4170,2,470.1769351999983,237.0718367999989,983.0,3932.0,1966.0,3932.0,3730.2227279346203,470.1769351999983,470.1769351999983,0.0,VRE120_base
16,4410,4411,2,157.20423159999973,124.70026400000006,983.0,3932.0,1966.0,3932.0,3730.2227279346203,157.20423159999973,157.20423159999973,0.0,VRE120_base
16,4434,4435,2,248.47868199999812,131.571411599999,983.0,3932.0,1966.0,3932.0,3730.2227279346203,248.47868199999812,248.47868199999812,0.0,VRE120_base
16,4458,4460,3,829.520875199999,413.26812079999854,983.0,3932.0,1966.0,3932.0,3730.2227279346203,829.520875199999,829.520875199999,0.0,VRE120_base
16,4746,4747,2,123.37384439999914,98.99171120000028,983.0,3932.0,1966.0,3932.0,3730.2227279346203,123.37384439999914,123.37384439999914,0.0,VRE120_base
16,4770,4771,2,206.69933559999663,127.02282839999862,983.0,3932.0,1966.0,3932.0,3730.2227279346203,206.69933559999663,206.69933559999663,0.0,VRE120_base
16,4865,4867,3,315.44278199999826,226.06780319999962,983.0,3932.0,1966.0,3932.0,3730.2227279346203,315.44278199999826,315.44278199999826,0.0,VRE120_base
16,4914,4915,2,84.86361479999869,80.07083479999983,983.0,3932.0,1966.0,3932.0,3730.2227279346203,84.86361479999869,84.86361479999869,0.0,VRE120_base
16,4935,4940,6,1354.0935067999972,430.99726759999976,983.0,3932.0,1966.0,3932.0,3730.2227279346203,1354.0935067999972,1354.0935067999972,0.0,VRE120_base
16,4962,4964,3,357.82617839999966,223.27738640000098,983.0,3932.0,1966.0,3932.0,3730.2227279346203,357.82617839999966,357.82617839999966,0.0,VRE120_base
16,4984,4988,5,1719.9087691999976,527.4009067999996,983.0,3932.0,1966.0,3932.0,3730.2227279346203,1719.9087691999976,1719.9087691999976,0.0,VRE120_base
16,5007,5007,1,145.93976359999942,145.93976359999942,983.0,3932.0,1966.0,3932.0,3730.2227279346203,145.93976359999942,145.93976359999942,0.0,VRE120_base
16,5009,5012,4,940.6715252000013,281.0900187999996,983.0,3932.0,1966.0,3932.0,3730.2227279346203,940.6715252000013,940.6715252000013,0.0,VRE120_base
16,5031,5031,1,159.8556668000001,159.8556668000001,983.0,3932.0,1966.0,3932.0,3730.2227279346203,159.8556668000001,159.8556668000001,0.0,VRE120_base
16,5033,5036,4,520.6781507999995,275.3956824000006,983.0,3932.0,1966.0,3932.0,3730.2227279346203,520.6781507999995,520.6781507999995,0.0,VRE120_base
16,5057,5057,1,285.5623487999983,285.5623487999983,983.0,3932.0,1966.0,3932.0,3730.2227279346203,285.5623487999983,285.5623487999983,0.0,VRE120_base
16,5178,5180,3,283.88471759999993,130.01984360000006,983.0,3932.0,1966.0,3932.0,3730.2227279346203,283.88471759999993,283.88471759999993,0.0,VRE120_base
16,5321,5324,4,868.968817599999,518.6425319999998,983.0,3932.0,1966.0,3932.0,3730.2227279346203,868.968817599999,868.968817599999,0.0,VRE120_base
16,5346,5348,3,1090.6054035999996,477.1548264000003,983.0,3932.0,1966.0,3932.0,3730.2227279346203,1090.6054035999996,1090.6054035999996,0.0,VRE120_base
16,5391,5396,6,2379.8223267999983,604.7642731999986,983.0,3932.0,1966.0,3932.0,3730.2227279346203,2379.8223267999983,2379.8223267999983,0.0,VRE120_base
16,5414,5420,7,3833.200937199994,1028.5298223999998,983.0,3932.0,1966.0,3932.0,3730.2227279346203,3769.7718463999954,3730.2227279346203,102.97820926537361,VRE120_base
16,5610,5611,2,320.42560719999983,214.7150616000008,983.0,3932.0,1966.0,3932.0,3730.2227279346203,320.42560719999983,320.42560719999983,0.0,VRE120_base
16,5658,5659,2,324.358532799999,178.17293399999926,983.0,3932.0,1966.0,3932.0,3730.2227279346203,324.358532799999,324.358532799999,0.0,VRE120_base
16,5681,5682,2,248.06245560000025,146.55330520000098,983.0,3932.0,1966.0,3932.0,3730.2227279346203,248.06245560000025,248.06245560000025,0.0,VRE120_base
16,5847,5851,5,2487.502969600002,763.4151787999999,983.0,3932.0,1966.0,3932.0,3730.2227279346203,2487.502969600002,2487.502969600002,0.0,VRE120_base
16,5899,5900,2,637.5096695999991,398.88933520000046,983.0,3932.0,1966.0,3932.0,3730.2227279346203,637.5096695999991,637.5096695999991,0.0,VRE120_base
16,5921,5923,3,571.8425456000014,289.10277600000063,983.0,3932.0,1966.0,3932.0,3730.2227279346203,571.8425456000014,571.8425456000014,0.0,VRE120_base
16,5945,5947,3,718.9890095999972,424.6838927999979,983.0,3932.0,1966.0,3932.0,3730.2227279346203,718.9890095999972,718.9890095999972,0.0,VRE120_base
16,5970,5971,2,392.88150439999845,286.21102879999944,983.0,3932.0,1966.0,3932.0,3730.2227279346203,392.88150439999845,392.88150439999845,0.0,VRE120_base
16,6042,6043,2,469.81290160000026,272.53624000000036,983.0,3932.0,1966.0,3932.0,3730.2227279346203,469.81290160000026,469.81290160000026,0.0,VRE120_base
16,6065,6067,3,508.46009239999967,299.5103431999987,983.0,3932.0,1966.0,3932.0,3730.2227279346203,508.46009239999967,508.46009239999967,0.0,VRE120_base
17,4746,4747,2,187.37384439999914,130.99171120000028,983.0,3932.0,1966.0,3932.0,3730.2227279346203,187.37384439999914,187.37384439999914,0.0,VRE120_base
17,4770,4771,2,270.69933559999663,159.02282839999862,983.0,3932.0,1966.0,3932.0,3730.2227279346203,270.69933559999663,270.69933559999663,0.0,VRE120_base
17,4839,4844,6,813.1971087999991,227.51234640000075,983.0,3932.0,1966.0,3932.0,3730.2227279346203,813.1971087999991,813.1971087999991,0.0,VRE120_base
17,4866,4867,2,342.39283439999963,247.06780319999962,983.0,3932.0,1966.0,3932.0,3730.2227279346203,342.39283439999963,342.39283439999963,0.0,VRE120_base
17,4912,4912,1,17.07707599999958,17.07707599999958,983.0,3932.0,1966.0,3932.0,3730.2227279346203,17.07707599999958,17.07707599999958,0.0,VRE120_base
17,4914,4914,1,125.07083479999983,125.07083479999983,983.0,3932.0,1966.0,3932.0,3730.2227279346203,125.07083479999983,125.07083479999983,0.0,VRE120_base
17,4935,4935,1,53.59117559999868,53.59117559999868,983.0,3932.0,1966.0,3932.0,3730.2227279346203,53.59117559999868,53.59117559999868,0.0,VRE120_base
17,4937,4940,4,806.5319023999991,340.99726759999976,983.0,3932.0,1966.0,3932.0,3730.2227279346203,806.5319023999991,806.5319023999991,0.0,VRE120_base
17,4962,4964,3,511.82617839999966,256.277386400001,983.0,3932.0,1966.0,3932.0,3730.2227279346203,511.82617839999966,511.82617839999966,0.0,VRE120_base
17,4984,4989,6,2180.825198399996,628.4009067999987,983.0,3932.0,1966.0,3932.0,3730.2227279346203,2180.825198399996,2180.825198399996,0.0,VRE120_base
17,5007,5012,6,1443.9923736,341.0900187999996,983.0,3932.0,1966.0,3932.0,3730.2227279346203,1443.9923736,1443.9923736,0.0,VRE120_base
17,5057,5058,2,24.901707199996963,19.339358399998673,983.0,3932.0,1966.0,3932.0,3730.2227279346203,24.901707199996963,24.901707199996963,0.0,VRE120_base
17,5346,5347,2,205.92518159999872,137.15482640000027,983.0,3932.0,1966.0,3932.0,3730.2227279346203,205.92518159999872,205.92518159999872,0.0,VRE120_base
17,5391,5393,3,229.87422479999805,164.76427319999857,983.0,3932.0,1966.0,3932.0,3730.2227279346203,229.87422479999805,229.87422479999805,0.0,VRE120_base
17,5414,5417,4,1206.1695079999954,432.3098683999997,983.0,3932.0,1966.0,3932.0,3730.2227279346203,1206.1695079999954,1206.1695079999954,0.0,VRE120_base
17,5726,5732,7,2221.585704799999,600.3754184,983.0,3932.0,1966.0,3932.0,3730.2227279346203,2221.585704799999,2221.585704799999,0.0,VRE120_base
17,5753,5756,4,965.604085599999,393.0160103999997,983.0,3932.0,1966.0,3932.0,3730.2227279346203,965.604085599999,965.604085599999,0.0,VRE120_base
17,5849,5850,2,164.15919679999934,123.41517879999992,983.0,3932.0,1966.0,3932.0,3730.2227279346203,164.15919679999934,164.15919679999934,0.0,VRE120_base
17,5921,5923,3,784.8425456000014,360.10277600000063,983.0,3932.0,1966.0,3932.0,3730.2227279346203,784.8425456000014,784.8425456000014,0.0,VRE120_base
17,5946,5946,1,169.68389279999792,169.68389279999792,983.0,3932.0,1966.0,3932.0,3730.2227279346203,169.68389279999792,169.68389279999792,0.0,VRE120_base
17,6040,6044,5,1525.4561644000005,550.5362400000004,983.0,3932.0,1966.0,3932.0,3730.2227279346203,1525.4561644000005,1525.4561644000005,0.0,VRE120_base
17,6066,6067,2,367.48361359999853,227.51034319999872,983.0,3932.0,1966.0,3932.0,3730.2227279346203,367.48361359999853,367.48361359999853,0.0,VRE120_base
18,4697,4700,4,1310.5135223999996,498.34060279999994,983.0,3932.0,1966.0,3932.0,3730.2227279346203,1310.5135223999996,1310.5135223999996,0.0,VRE120_base
18,4746,4748,3,886.2426623999991,393.9917112000003,983.0,3932.0,1966.0,3932.0,3730.2227279346203,886.2426623999991,886.2426623999991,0.0,VRE120_base
18,4769,4772,4,1181.8003279999966,457.0228283999986,983.0,3932.0,1966.0,3932.0,3730.2227279346203,1181.8003279999966,1181.8003279999966,0.0,VRE120_base
18,4790,4790,1,288.14813680000043,288.14813680000043,983.0,3932.0,1966.0,3932.0,3730.2227279346203,288.14813680000043,288.14813680000043,0.0,VRE120_base
18,4818,4820,3,348.56566439999915,189.14454599999954,983.0,3932.0,1966.0,3932.0,3730.2227279346203,348.56566439999915,348.56566439999915,0.0,VRE120_base
18,4866,4868,3,1056.8133764000004,526.0678031999996,983.0,3932.0,1966.0,3932.0,3730.2227279346203,1056.8133764000004,1056.8133764000004,0.0,VRE120_base
18,4891,4891,1,29.359492399999,29.359492399999,983.0,3932.0,1966.0,3932.0,3730.2227279346203,29.359492399999,29.359492399999,0.0,VRE120_base
18,4912,4915,4,216.89019839999855,150.07083479999983,983.0,3932.0,1966.0,3932.0,3730.2227279346203,216.89019839999855,216.89019839999855,0.0,VRE120_base
18,4934,4941,8,5393.426303599994,1085.9972675999998,983.0,3932.0,1966.0,3932.0,3730.2227279346203,5231.908283199995,3730.2227279346203,1663.2035756653736,VRE120_base
18,4962,4964,3,597.8261783999997,303.277386400001,983.0,3932.0,1966.0,3932.0,3730.2227279346203,597.8261783999997,597.8261783999997,0.0,VRE120_base
18,4984,4988,5,2199.9087691999966,627.4009067999987,983.0,3932.0,1966.0,3932.0,3730.2227279346203,2199.9087691999966,2199.9087691999966,0.0,VRE120_base
18,5007,5012,6,1273.9923736,336.0900187999996,983.0,3932.0,1966.0,3932.0,3730.2227279346203,1273.9923736,1273.9923736,0.0,VRE120_base
18,5346,5346,1,253.15482640000027,253.15482640000027,983.0,3932.0,1966.0,3932.0,3730.2227279346203,253.15482640000027,253.15482640000027,0.0,VRE120_base
18,5391,5396,6,2139.8223267999983,564.7642731999986,983.0,3932.0,1966.0,3932.0,3730.2227279346203,2139.8223267999983,2139.8223267999983,0.0,VRE120_base
18,5413,5420,8,5162.764517199993,1152.3098683999997,983.0,3932.0,1966.0,3932.0,3730.2227279346203,4750.025557999994,3730.2227279346203,1432.5417892653727,VRE120_base
18,5439,5444,6,2372.229961199998,645.362930799999,983.0,3932.0,1966.0,3932.0,3730.2227279346203,2372.229961199998,2372.229961199998,0.0,VRE120_base
18,5538,5540,3,308.66822839999986,150.5283555999995,983.0,3932.0,1966.0,3932.0,3730.2227279346203,308.66822839999986,308.66822839999986,0.0,VRE120_base
18,5562,5564,3,1346.0715867999997,525.6963524000003,983.0,3932.0,1966.0,3932.0,3730.2227279346203,1346.0715867999997,1346.0715867999997,0.0,VRE120_base
18,5658,5658,1,8.172933999999259,8.172933999999259,983.0,3932.0,1966.0,3932.0,3730.2227279346203,8.172933999999259,8.172933999999259,0.0,VRE120_base
18,5680,5683,4,1193.944989200002,461.553305200001,983.0,3932.0,1966.0,3932.0,3730.2227279346203,1193.944989200002,1193.944989200002,0.0,VRE120_base
18,5727,5732,6,1001.3689908000015,218.75285760000043,983.0,3932.0,1966.0,3932.0,3730.2227279346203,1001.3689908000015,1001.3689908000015,0.0,VRE120_base
18,5849,5850,2,94.15919679999934,88.41517879999992,983.0,3932.0,1966.0,3932.0,3730.2227279346203,94.15919679999934,94.15919679999934,0.0,VRE120_base
18,5919,5924,6,2821.2602996000005,765.1027760000006,983.0,3932.0,1966.0,3932.0,3730.2227279346203,2821.2602996000005,2821.2602996000005,0.0,VRE120_base
18,5945,5948,4,1494.7113011999963,670.6838927999979,983.0,3932.0,1966.0,3932.0,3730.2227279346203,1494.7113011999963,1494.7113011999963,0.0,VRE120_base
18,6041,6044,4,1375.1980312000014,520.5362400000004,983.0,3932.0,1966.0,3932.0,3730.2227279346203,1375.1980312000014,1375.1980312000014,0.0,VRE120_base
18,6065,6067,3,552.4600923999997,307.5103431999987,983.0,3932.0,1966.0,3932.0,3730.2227279346203,552.4600923999997,552.4600923999997,0.0,VRE120_base
19,4339,4339,1,17.257265999999618,17.257265999999618,983.0,3932.0,1966.0,3932.0,3730.2227279346203,17.257265999999618,17.257265999999618,0.0,VRE120_base
19,4386,4386,1,19.97189680000065,19.97189680000065,983.0,3932.0,1966.0,3932.0,3730.2227279346203,19.97189680000065,19.97189680000065,0.0,VRE120_base
19,4410,4412,3,735.6067691999997,355.70026400000006,983.0,3932.0,1966.0,3932.0,3730.2227279346203,735.6067691999997,735.6067691999997,0.0,VRE120_base
19,4433,4436,4,1532.1089503999983,517.571411599999,983.0,3932.0,1966.0,3932.0,3730.2227279346203,1532.1089503999983,1532.1089503999983,0.0,VRE120_base
19,4458,4460,3,787.520875199999,336.5316264000012,983.0,3932.0,1966.0,3932.0,3730.2227279346203,787.520875199999,787.520875199999,0.0,VRE120_base
19,4746,4748,3,866.2426623999991,393.9917112000003,983.0,3932.0,1966.0,3932.0,3730.2227279346203,866.2426623999991,866.2426623999991,0.0,VRE120_base
19,4770,4770,1,27.022828399998616,27.022828399998616,983.0,3932.0,1966.0,3932.0,3730.2227279346203,27.022828399998616,27.022828399998616,0.0,VRE120_base
19,4864,4868,5,1387.2607967999984,526.0678031999996,983.0,3932.0,1966.0,3932.0,3730.2227279346203,1387.2607967999984,1387.2607967999984,0.0,VRE120_base
19,4935,4941,7,2684.774948399996,641.9972675999998,983.0,3932.0,1966.0,3932.0,3730.2227279346203,2684.774948399996,2684.774948399996,0.0,VRE120_base
19,4962,4964,3,1102.8261783999997,449.277386400001,983.0,3932.0,1966.0,3932.0,3730.2227279346203,1102.8261783999997,1102.8261783999997,0.0,VRE120_base
19,4983,4989,7,3068.363082799997,831.6539771999996,983.0,3932.0,1966.0,3932.0,3730.2227279346203,3068.363082799997,3068.363082799997,0.0,VRE120_base
19,5007,5012,6,1495.9923736,353.0900187999996,983.0,3932.0,1966.0,3932.0,3730.2227279346203,1495.9923736,1495.9923736,0.0,VRE120_base
19,5035,5036,2,373.8472444000008,315.3956824000006,983.0,3932.0,1966.0,3932.0,3730.2227279346203,373.8472444000008,373.8472444000008,0.0,VRE120_base
19,5056,5060,5,1342.0262151999987,414.3393583999996,983.0,3932.0,1966.0,3932.0,3730.2227279346203,1342.0262151999987,1342.0262151999987,0.0,VRE120_base
19,5079,5085,7,2482.193580399995,571.8153219999995,983.0,3932.0,1966.0,3932.0,3730.2227279346203,2482.193580399995,2482.193580399995,0.0,VRE120_base
19,5177,5180,4,956.1272359999984,329.38875519999965,983.0,3932.0,1966.0,3932.0,3730.2227279346203,956.1272359999984,956.1272359999984,0.0,VRE120_base
19,5391,5396,6,1999.8223267999983,534.7642731999986,983.0,3932.0,1966.0,3932.0,3730.2227279346203,1999.8223267999983,1999.8223267999983,0.0,VRE120_base
19,5414,5419,6,2937.0441651999945,807.3098683999997,983.0,3932.0,1966.0,3932.0,3730.2227279346203,2937.0441651999945,2937.0441651999945,0.0,VRE120_base
19,5440,5444,5,968.7418063999985,410.36293079999905,983.0,3932.0,1966.0,3932.0,3730.2227279346203,968.7418063999985,968.7418063999985,0.0,VRE120_base
19,5511,5516,6,1791.0220235999977,567.3920823999997,983.0,3932.0,1966.0,3932.0,3730.2227279346203,1791.0220235999977,1791.0220235999977,0.0,VRE120_base
19,5849,5850,2,204.15919679999934,143.41517879999992,983.0,3932.0,1966.0,3932.0,3730.2227279346203,204.15919679999934,204.15919679999934,0.0,VRE120_base
19,5922,5922,1,66.10277600000063,66.10277600000063,983.0,3932.0,1966.0,3932.0,3730.2227279346203,66.10277600000063,66.10277600000063,0.0,VRE120_base
19,6042,6043,2,215.81290160000026,145.53624000000036,983.0,3932.0,1966.0,3932.0,3730.2227279346203,215.81290160000026,215.81290160000026,0.0,VRE120_base
19,6186,6187,2,112.44253599999774,87.81770639999922,983.0,3932.0,1966.0,3932.0,3730.2227279346203,112.44253599999774,112.44253599999774,0.0,VRE120_base
19,6209,6210,2,106.56948920000013,72.7926320000006,983.0,3932.0,1966.0,3932.0,3730.2227279346203,106.56948920000013,106.56948920000013,0.0,VRE120_base
20,4218,4220,3,893.5574811999977,502.1215407999998,983.0,3932.0,1966.0,3932.0,3730.2227279346203,893.5574811999977,893.5574811999977,0.0,VRE120_base
20,4242,4244,3,1279.4143023999986,522.2442279999996,983.0,3932.0,1966.0,3932.0,3730.2227279346203,1279.4143023999986,1279.4143023999986,0.0,VRE120_base
20,4266,4267,2,327.49947919999704,168.01704879999852,983.0,3932.0,1966.0,3932.0,3730.2227279346203,327.49947919999704,327.49947919999704,0.0,VRE120_base
20,4314,4316,3,211.36650999999983,128.41248040000028,983.0,3932.0,1966.0,3932.0,3730.2227279346203,211.36650999999983,211.36650999999983,0.0,VRE120_base
20,4339,4340,2,728.5862647999993,404.2572659999996,983.0,3932.0,1966.0,3932.0,3730.2227279346203,728.5862647999993,728.5862647999993,0.0,VRE120_base
20,4408,4412,5,1878.4223159999983,679.7002640000001,983.0,3932.0,1966.0,3932.0,3730.2227279346203,1878.4223159999983,1878.4223159999983,0.0,VRE120_base
20,4434,4435,2,348.4786819999981,181.571411599999,983.0,3932.0,1966.0,3932.0,3730.2227279346203,348.4786819999981,348.4786819999981,0.0,VRE120_base
20,4458,4460,3,784.520875199999,335.5316264000012,983.0,3932.0,1966.0,3932.0,3730.2227279346203,784.520875199999,784.520875199999,0.0,VRE120_base
20,4506,4508,3,453.525889999999,201.75883839999915,983.0,3932.0,1966.0,3932.0,3730.2227279346203,453.525889999999,453.525889999999,0.0,VRE120_base
20,4744,4749,6,3330.7215823999995,921.9917112000003,983.0,3932.0,1966.0,3932.0,3730.2227279346203,3330.7215823999995,3330.7215823999995,0.0,VRE120_base
20,4769,4772,4,1304.8003279999966,474.0228283999986,983.0,3932.0,1966.0,3932.0,3730.2227279346203,1304.8003279999966,1304.8003279999966,0.0,VRE120_base
20,4818,4820,3,453.56566439999915,224.14454599999954,983.0,3932.0,1966.0,3932.0,3730.2227279346203,453.56566439999915,453.56566439999915,0.0,VRE120_base
20,4839,4844,6,1695.1971087999991,374.51234640000075,983.0,3932.0,1966.0,3932.0,3730.2227279346203,1695.1971087999991,1695.1971087999991,0.0,VRE120_base
20,4866,4867,2,174.39283439999963,163.06780319999962,983.0,3932.0,1966.0,3932.0,3730.2227279346203,174.39283439999963,174.39283439999963,0.0,VRE120_base
20,4914,4915,2,363.8636147999987,247.07083479999983,983.0,3932.0,1966.0,3932.0,3730.2227279346203,363.8636147999987,363.8636147999987,0.0,VRE120_base
20,4935,4941,7,3227.774948399996,740.9972675999998,983.0,3932.0,1966.0,3932.0,3730.2227279346203,3227.774948399996,3227.774948399996,0.0,VRE120_base
20,4961,4964,4,1883.9420671999987,683.277386400001,983.0,3932.0,1966.0,3932.0,3730.2227279346203,1883.9420671999987,1883.9420671999987,0.0,VRE120_base
20,4984,4989,6,2524.825198399996,657.4009067999987,983.0,3932.0,1966.0,3932.0,3730.2227279346203,2524.825198399996,2524.825198399996,0.0,VRE120_base
20,5007,5012,6,1863.9923736,411.0900187999996,983.0,3932.0,1966.0,3932.0,3730.2227279346203,1863.9923736,1863.9923736,0.0,VRE120_base
20,5035,5035,1,42.395682400000624,42.395682400000624,983.0,3932.0,1966.0,3932.0,3730.2227279346203,42.395682400000624,42.395682400000624,0.0,VRE120_base
20,5057,5059,3,360.14658079999754,161.33935839999958,983.0,3932.0,1966.0,3932.0,3730.2227279346203,360.14658079999754,360.14658079999754,0.0,VRE120_base
20,5226,5227,2,231.8474527999988,170.63549239999975,983.0,3932.0,1966.0,3932.0,3730.2227279346203,231.8474527999988,231.8474527999988,0.0,VRE120_base
20,5391,5394,4,1601.380657599998,533.7642731999986,983.0,3932.0,1966.0,3932.0,3730.2227279346203,1601.380657599998,1601.380657599998,0.0,VRE120_base
20,5415,5417,3,1141.7389591999981,412.3098683999997,983.0,3932.0,1966.0,3932.0,3730.2227279346203,1141.7389591999981,1141.7389591999981,0.0,VRE120_base
20,5439,5440,2,101.14026319999903,72.65210839999963,983.0,3932.0,1966.0,3932.0,3730.2227279346203,101.14026319999903,101.14026319999903,0.0,VRE120_base
20,5442,5442,1,110.36293079999996,110.36293079999996,983.0,3932.0,1966.0,3932.0,3730.2227279346203,110.36293079999996,110.36293079999996,0.0,VRE120_base
20,5849,5850,2,219.15919679999934,178.41517879999992,983.0,3932.0,1966.0,3932.0,3730.2227279346203,219.15919679999934,219.15919679999934,0.0,VRE120_base
20,5921,5924,4,987.7830140000015,399.10277600000063,983.0,3932.0,1966.0,3932.0,3730.2227279346203,987.7830140000015,987.7830140000015,0.0,VRE120_base
20,5946,5947,2,327.6063103999977,249.68389279999792,983.0,3932.0,1966.0,3932.0,3730.2227279346203,327.6063103999977,327.6063103999977,0.0,VRE120_base
20,6018,6019,2,124.19198639999831,120.09214359999987,983.0,3932.0,1966.0,3932.0,3730.2227279346203,124.19198639999831,124.19198639999831,0.0,VRE120_base
20,6041,6044,4,1295.1980312000014,495.53624000000036,983.0,3932.0,1966.0,3932.0,3730.2227279346203,1295.1980312000014,1295.1980312000014,0.0,VRE120_base
20,6066,6067,2,177.48361359999853,132.51034319999872,983.0,3932.0,1966.0,3932.0,3730.2227279346203,177.48361359999853,177.48361359999853,0.0,VRE120_base
1,4410,4411,2,106.20423159999973,80.30026399999952,983.0,3932.0,1966.0,3932.0,3730.2227279346203,106.20423159999973,106.20423159999973,0.0,VRE120_wind_hvy
1,4434,4435,2,175.67868199999793,95.30727039999874,983.0,3932.0,1966.0,3932.0,3730.2227279346203,175.67868199999793,175.67868199999793,0.0,VRE120_wind_hvy
1,4818,4819,2,199.53769359999933,134.14454599999954,983.0,3932.0,1966.0,3932.0,3730.2227279346203,199.53769359999933,199.53769359999933,0.0,VRE120_wind_hvy
1,4866,4866,1,109.06780319999962,109.06780319999962,983.0,3932.0,1966.0,3932.0,3730.2227279346203,109.06780319999962,109.06780319999962,0.0,VRE120_wind_hvy
1,4938,4939,2,317.91802039999857,169.7207527999999,983.0,3932.0,1966.0,3932.0,3730.2227279346203,317.91802039999857,317.91802039999857,0.0,VRE120_wind_hvy
1,4962,4964,3,1190.6261784000008,478.07738640000116,983.0,3932.0,1966.0,3932.0,3730.2227279346203,1190.6261784000008,1190.6261784000008,0.0,VRE120_wind_hvy
1,4983,4989,7,4244.363082799997,932.2009067999988,983.0,3932.0,1966.0,3932.0,3730.2227279346203,4244.363082799997,3730.2227279346203,514.1403548653766,VRE120_wind_hvy
1,5007,5009,3,558.0040395999986,275.13976359999833,983.0,3932.0,1966.0,3932.0,3730.2227279346203,558.0040395999986,558.0040395999986,0.0,VRE120_wind_hvy
1,5012,5012,1,110.2900187999985,110.2900187999985,983.0,3932.0,1966.0,3932.0,3730.2227279346203,110.2900187999985,110.2900187999985,0.0,VRE120_wind_hvy
1,5391,5393,3,268.4742247999984,179.76427319999857,983.0,3932.0,1966.0,3932.0,3730.2227279346203,268.4742247999984,268.4742247999984,0.0,VRE120_wind_hvy
1,5415,5416,2,515.8396907999995,423.3098683999997,983.0,3932.0,1966.0,3932.0,3730.2227279346203,515.8396907999995,515.8396907999995,0.0,VRE120_wind_hvy
1,5753,5756,4,639.0040856000005,310.61601040000005,983.0,3932.0,1966.0,3932.0,3730.2227279346203,639.0040856000005,639.0040856000005,0.0,VRE120_wind_hvy
1,5779,5779,1,14.181985199998962,14.181985199998962,983.0,3932.0,1966.0,3932.0,3730.2227279346203,14.181985199998962,14.181985199998962,0.0,VRE120_wind_hvy
1,5826,5826,1,155.16750599999978,155.16750599999978,983.0,3932.0,1966.0,3932.0,3730.2227279346203,155.16750599999978,155.16750599999978,0.0,VRE120_wind_hvy
1,5848,5849,2,366.99918960000105,282.61517879999883,983.0,3932.0,1966.0,3932.0,3730.2227279346203,366.99918960000105,366.99918960000105,0.0,VRE120_wind_hvy
1,5921,5921,1,16.017275199999858,16.017275199999858,983.0,3932.0,1966.0,3932.0,3730.2227279346203,16.017275199999858,16.017275199999858,0.0,VRE120_wind_hvy
1,5970,5970,1,165.41102879999926,165.41102879999926,983.0,3932.0,1966.0,3932.0,3730.2227279346203,165.41102879999926,165.41102879999926,0.0,VRE120_wind_hvy
1,6040,6044,5,1894.0561644000009,639.93624,983.0,3932.0,1966.0,3932.0,3730.2227279346203,1894.0561644000009,1894.0561644000009,0.0,VRE120_wind_hvy
1,6063,6068,6,3581.2102111999975,963.5103431999987,983.0,3932.0,1966.0,3932.0,3730.2227279346203,3581.2102111999975,3581.2102111999975,0.0,VRE120_wind_hvy
2,4339,4340,2,165.98626479999893,110.0572659999998,983.0,3932.0,1966.0,3932.0,3730.2227279346203,165.98626479999893,165.98626479999893,0.0,VRE120_wind_hvy
2,4410,4412,3,518.2067691999991,285.3002639999995,983.0,3932.0,1966.0,3932.0,3730.2227279346203,518.2067691999991,518.2067691999991,0.0,VRE120_wind_hvy
2,4433,4436,4,1529.1089503999983,580.3072703999987,983.0,3932.0,1966.0,3932.0,3730.2227279346203,1529.1089503999983,1529.1089503999983,0.0,VRE120_wind_hvy
2,4770,4770,1,0.6228283999989799,0.6228283999989799,983.0,3932.0,1966.0,3932.0,3730.2227279346203,0.6228283999989799,0.6228283999989799,0.0,VRE120_wind_hvy
2,4818,4820,3,959.5656643999992,411.14454599999954,983.0,3932.0,1966.0,3932.0,3730.2227279346203,959.5656643999992,959.5656643999992,0.0,VRE120_wind_hvy
2,4864,4867,4,981.0402547999965,509.0678031999996,983.0,3932.0,1966.0,3932.0,3730.2227279346203,981.0402547999965,981.0402547999965,0.0,VRE120_wind_hvy
2,4891,4891,1,19.15949239999918,19.15949239999918,983.0,3932.0,1966.0,3932.0,3730.2227279346203,19.15949239999918,19.15949239999918,0.0,VRE120_wind_hvy
2,4914,4914,1,96.6708348000002,96.6708348000002,983.0,3932.0,1966.0,3932.0,3730.2227279346203,96.6708348000002,96.6708348000002,0.0,VRE120_wind_hvy
2,4935,4935,1,3.191175599999042,3.191175599999042,983.0,3932.0,1966.0,3932.0,3730.2227279346203,3.191175599999042,3.191175599999042,0.0,VRE120_wind_hvy
2,4937,4939,3,421.0347135999982,209.7207527999999,983.0,3932.0,1966.0,3932.0,3730.2227279346203,421.0347135999982,421.0347135999982,0.0,VRE120_wind_hvy
2,4962,4965,4,683.7468731999998,464.18908159999955,983.0,3932.0,1966.0,3932.0,3730.2227279346203,683.7468731999998,683.7468731999998,0.0,VRE120_wind_hvy
2,4983,4989,7,4267.363082799997,957.2009067999988,983.0,3932.0,1966.0,3932.0,3730.2227279346203,4267.363082799997,3730.2227279346203,537.1403548653766,VRE120_wind_hvy
2,5005,5009,5,947.7326539999976,317.13976359999833,983.0,3932.0,1966.0,3932.0,3730.2227279346203,947.7326539999976,947.7326539999976,0.0,VRE120_wind_hvy
2,5012,5012,1,152.2900187999985,152.2900187999985,983.0,3932.0,1966.0,3932.0,3730.2227279346203,152.2900187999985,152.2900187999985,0.0,VRE120_wind_hvy
2,5058,5060,3,647.675534,359.5393583999994,983.0,3932.0,1966.0,3932.0,3730.2227279346203,647.675534,647.675534,0.0,VRE120_wind_hvy
2,5178,5180,3,539.0847175999997,204.7887552000002,983.0,3932.0,1966.0,3932.0,3730.2227279346203,539.0847175999997,539.0847175999997,0.0,VRE120_wind_hvy
2,5226,5227,2,323.0474527999995,219.43549239999993,983.0,3932.0,1966.0,3932.0,3730.2227279346203,323.0474527999995,323.0474527999995,0.0,VRE120_wind_hvy
2,5346,5347,2,16.525181599999087,11.954826400000456,983.0,3932.0,1966.0,3932.0,3730.2227279346203,16.525181599999087,16.525181599999087,0.0,VRE120_wind_hvy
2,5391,5393,3,1528.4742247999984,599.7642731999986,983.0,3932.0,1966.0,3932.0,3730.2227279346203,1528.4742247999984,1528.4742247999984,0.0,VRE120_wind_hvy
2,5414,5417,4,2005.3695079999961,822.3098683999997,983.0,3932.0,1966.0,3932.0,3730.2227279346203,2005.3695079999961,2005.3695079999961,0.0,VRE120_wind_hvy
2,5441,5444,4,1614.889697999999,545.9629307999994,983.0,3932.0,1966.0,3932.0,3730.2227279346203,1614.889697999999,1614.889697999999,0.0,VRE120_wind_hvy
2,5921,5922,2,229.1200512000005,139.01727519999986,983.0,3932.0,1966.0,3932.0,3730.2227279346203,229.1200512000005,229.1200512000005,0.0,VRE120_wind_hvy
2,6018,6019,2,737.391986399999,452.89214360000005,983.0,3932.0,1966.0,3932.0,3730.2227279346203,737.391986399999,737.391986399999,0.0,VRE120_wind_hvy
2,6040,6044,5,1909.0561644000009,642.93624,983.0,3932.0,1966.0,3932.0,3730.2227279346203,1909.0561644000009,1909.0561644000009,0.0,VRE120_wind_hvy
3,4410,4412,3,403.20676919999914,215.30026399999952,983.0,3932.0,1966.0,3932.0,3730.2227279346203,403.20676919999914,403.20676919999914,0.0,VRE120_wind_hvy
3,4818,4820,3,816.5656643999992,345.14454599999954,983.0,3932.0,1966.0,3932.0,3730.2227279346203,816.5656643999992,816.5656643999992,0.0,VRE120_wind_hvy
3,4865,4866,2,144.11775079999825,129.06780319999962,983.0,3932.0,1966.0,3932.0,3730.2227279346203,144.11775079999825,144.11775079999825,0.0,VRE120_wind_hvy
3,4935,4940,6,1397.0935067999972,419.7207527999999,983.0,3932.0,1966.0,3932.0,3730.2227279346203,1397.0935067999972,1397.0935067999972,0.0,VRE120_wind_hvy
3,4962,4964,3,515.6261784000008,253.07738640000116,983.0,3932.0,1966.0,3932.0,3730.2227279346203,515.6261784000008,515.6261784000008,0.0,VRE120_wind_hvy
3,4984,4989,6,3615.025198399997,857.2009067999988,983.0,3932.0,1966.0,3932.0,3730.2227279346203,3615.025198399997,3615.025198399997,0.0,VRE120_wind_hvy
3,5007,5009,3,339.0040395999986,202.13976359999833,983.0,3932.0,1966.0,3932.0,3730.2227279346203,339.0040395999986,339.0040395999986,0.0,VRE120_wind_hvy
3,5012,5012,1,17.290018799998506,17.290018799998506,983.0,3932.0,1966.0,3932.0,3730.2227279346203,17.290018799998506,17.290018799998506,0.0,VRE120_wind_hvy
3,5056,5061,6,2774.5634815999992,869.5393583999994,983.0,3932.0,1966.0,3932.0,3730.2227279346203,2774.5634815999992,2774.5634815999992,0.0,VRE120_wind_hvy
3,5079,5085,7,2503.793580399998,463.7977315999997,983.0,3932.0,1966.0,3932.0,3730.2227279346203,2503.793580399998,2503.793580399998,0.0,VRE120_wind_hvy
3,5226,5227,2,307.0474527999995,211.43549239999993,983.0,3932.0,1966.0,3932.0,3730.2227279346203,307.0474527999995,307.0474527999995,0.0,VRE120_wind_hvy
3,5322,5322,1,4.6425319999998464,4.6425319999998464,983.0,3932.0,1966.0,3932.0,3730.2227279346203,4.6425319999998464,4.6425319999998464,0.0,VRE120_wind_hvy
3,5346,5347,2,96.52518159999909,51.95482640000046,983.0,3932.0,1966.0,3932.0,3730.2227279346203,96.52518159999909,96.52518159999909,0.0,VRE120_wind_hvy
3,5391,5393,3,223.4742247999984,164.76427319999857,983.0,3932.0,1966.0,3932.0,3730.2227279346203,223.4742247999984,223.4742247999984,0.0,VRE120_wind_hvy
3,5415,5416,2,403.8396907999995,367.3098683999997,983.0,3932.0,1966.0,3932.0,3730.2227279346203,403.8396907999995,403.8396907999995,0.0,VRE120_wind_hvy
3,5919,5924,6,2667.4602995999994,839.0172752000008,983.0,3932.0,1966.0,3932.0,3730.2227279346203,2667.4602995999994,2667.4602995999994,0.0,VRE120_wind_hvy
3,5946,5946,1,29.283892799998284,29.283892799998284,983.0,3932.0,1966.0,3932.0,3730.2227279346203,29.283892799998284,29.283892799998284,0.0,VRE120_wind_hvy
3,5970,5971,2,865.0815043999983,543.4110287999993,983.0,3932.0,1966.0,3932.0,3730.2227279346203,865.0815043999983,865.0815043999983,0.0,VRE120_wind_hvy
3,6018,6018,1,167.89214360000005,167.89214360000005,983.0,3932.0,1966.0,3932.0,3730.2227279346203,167.89214360000005,167.89214360000005,0.0,VRE120_wind_hvy
3,6041,6044,4,1499.3980312000003,552.93624,983.0,3932.0,1966.0,3932.0,3730.2227279346203,1499.3980312000003,1499.3980312000003,0.0,VRE120_wind_hvy
4,4339,4340,2,229.98626479999893,142.0572659999998,983.0,3932.0,1966.0,3932.0,3730.2227279346203,229.98626479999893,229.98626479999893,0.0,VRE120_wind_hvy
4,4363,4363,1,37.14555119999932,37.14555119999932,983.0,3932.0,1966.0,3932.0,3730.2227279346203,37.14555119999932,37.14555119999932,0.0,VRE120_wind_hvy
4,4383,4383,1,39.35173479999867,39.35173479999867,983.0,3932.0,1966.0,3932.0,3730.2227279346203,39.35173479999867,39.35173479999867,0.0,VRE120_wind_hvy
4,4385,4388,4,1288.1741091999975,513.2321127999985,983.0,3932.0,1966.0,3932.0,3730.2227279346203,1288.1741091999975,1288.1741091999975,0.0,VRE120_wind_hvy
4,4410,4412,3,3268.206769199999,1170.3002639999995,983.0,3932.0,1966.0,3932.0,3730.2227279346203,2948.0025375999994,2948.0025375999994,320.20423159999973,VRE120_wind_hvy
4,4431,4431,1,270.86212559999876,270.86212559999876,983.0,3932.0,1966.0,3932.0,3730.2227279346203,270.86212559999876,270.86212559999876,0.0,VRE120_wind_hvy
4,4434,4438,5,1989.6256735999968,635.3714115999992,983.0,3932.0,1966.0,3932.0,3730.2227279346203,1989.6256735999968,1989.6256735999968,0.0,VRE120_wind_hvy
4,4458,4460,3,312.7208751999997,153.06812079999872,983.0,3932.0,1966.0,3932.0,3730.2227279346203,312.7208751999997,312.7208751999997,0.0,VRE120_wind_hvy
4,4747,4747,1,110.99171120000028,110.99171120000028,983.0,3932.0,1966.0,3932.0,3730.2227279346203,110.99171120000028,110.99171120000028,0.0,VRE120_wind_hvy
4,4818,4819,2,85.53769359999933,77.14454599999954,983.0,3932.0,1966.0,3932.0,3730.2227279346203,85.53769359999933,85.53769359999933,0.0,VRE120_wind_hvy
4,4865,4866,2,670.1177507999982,392.0678031999996,983.0,3932.0,1966.0,3932.0,3730.2227279346203,670.1177507999982,670.1177507999982,0.0,VRE120_wind_hvy
4,4890,4892,3,243.85460879999846,181.15949239999918,983.0,3932.0,1966.0,3932.0,3730.2227279346203,243.85460879999846,243.85460879999846,0.0,VRE120_wind_hvy
4,4938,4939,2,271.91802039999857,146.7207527999999,983.0,3932.0,1966.0,3932.0,3730.2227279346203,271.91802039999857,271.91802039999857,0.0,VRE120_wind_hvy
4,4962,4965,4,1443.7468731999998,555.0773864000012,983.0,3932.0,1966.0,3932.0,3730.2227279346203,1443.7468731999998,1443.7468731999998,0.0,VRE120_wind_hvy
4,4984,4989,6,5132.025198399997,1169.2009067999988,983.0,3932.0,1966.0,3932.0,3730.2227279346203,4789.133216399999,3730.2227279346203,1401.8024704653767,VRE120_wind_hvy
4,5006,5009,4,787.1843691999984,349.13976359999833,983.0,3932.0,1966.0,3932.0,3730.2227279346203,787.1843691999984,787.1843691999984,0.0,VRE120_wind_hvy
4,5011,5012,2,364.173460799997,339.2900187999985,983.0,3932.0,1966.0,3932.0,3730.2227279346203,364.173460799997,364.173460799997,0.0,VRE120_wind_hvy
4,5030,5036,7,1714.6238659999963,449.3956824000006,983.0,3932.0,1966.0,3932.0,3730.2227279346203,1714.6238659999963,1714.6238659999963,0.0,VRE120_wind_hvy
4,5057,5060,4,715.8378827999986,379.5393583999994,983.0,3932.0,1966.0,3932.0,3730.2227279346203,715.8378827999986,715.8378827999986,0.0,VRE120_wind_hvy
4,5346,5347,2,306.5251815999991,187.57035519999863,983.0,3932.0,1966.0,3932.0,3730.2227279346203,306.5251815999991,306.5251815999991,0.0,VRE120_wind_hvy
4,5391,5393,3,1458.4742247999984,564.7642731999986,983.0,3932.0,1966.0,3932.0,3730.2227279346203,1458.4742247999984,1458.4742247999984,0.0,VRE120_wind_hvy
4,5415,5416,2,513.8396907999995,422.3098683999997,983.0,3932.0,1966.0,3932.0,3730.2227279346203,513.8396907999995,513.8396907999995,0.0,VRE120_wind_hvy
4,5514,5515,2,361.5733567999996,210.3920823999997,983.0,3932.0,1966.0,3932.0,3730.2227279346203,361.5733567999996,361.5733567999996,0.0,VRE120_wind_hvy
4,5754,5754,1,56.61601040000005,56.61601040000005,983.0,3932.0,1966.0,3932.0,3730.2227279346203,56.61601040000005,56.61601040000005,0.0,VRE120_wind_hvy
4,5777,5777,1,8.1221831999992,8.1221831999992,983.0,3932.0,1966.0,3932.0,3730.2227279346203,8.1221831999992,8.1221831999992,0.0,VRE120_wind_hvy
4,5779,5779,1,32.18198519999896,32.18198519999896,983.0,3932.0,1966.0,3932.0,3730.2227279346203,32.18198519999896,32.18198519999896,0.0,VRE120_wind_hvy
4,5826,5826,1,57.167505999999776,57.167505999999776,983.0,3932.0,1966.0,3932.0,3730.2227279346203,57.167505999999776,57.167505999999776,0.0,VRE120_wind_hvy
4,5847,5850,4,1871.8286215999997,754.6151787999988,983.0,3932.0,1966.0,3932.0,3730.2227279346203,1871.8286215999997,1871.8286215999997,0.0,VRE120_wind_hvy
4,6042,6043,2,287.81290159999935,169.93624,983.0,3932.0,1966.0,3932.0,3730.2227279346203,287.81290159999935,287.81290159999935,0.0,VRE120_wind_hvy
5,4339,4340,2,115.98626479999893,85.0572659999998,983.0,3932.0,1966.0,3932.0,3730.2227279346203,115.98626479999893,115.98626479999893,0.0,VRE120_wind_hvy
5,4410,4411,2,266.20423159999973,160.30026399999952,983.0,3932.0,1966.0,3932.0,3730.2227279346203,266.20423159999973,266.20423159999973,0.0,VRE120_wind_hvy
5,4434,4435,2,355.67868199999793,180.3714115999992,983.0,3932.0,1966.0,3932.0,3730.2227279346203,355.67868199999793,355.67868199999793,0.0,VRE120_wind_hvy
5,4819,4820,2,25.172516799999357,15.02797079999982,983.0,3932.0,1966.0,3932.0,3730.2227279346203,25.172516799999357,25.172516799999357,0.0,VRE120_wind_hvy
5,4864,4866,3,301.5152235999976,169.06780319999962,983.0,3932.0,1966.0,3932.0,3730.2227279346203,301.5152235999976,301.5152235999976,0.0,VRE120_wind_hvy
5,4891,4891,1,34.15949239999918,34.15949239999918,983.0,3932.0,1966.0,3932.0,3730.2227279346203,34.15949239999918,34.15949239999918,0.0,VRE120_wind_hvy
5,4914,4914,1,106.6708348000002,106.6708348000002,983.0,3932.0,1966.0,3932.0,3730.2227279346203,106.6708348000002,106.6708348000002,0.0,VRE120_wind_hvy
5,4935,4940,6,2462.0935067999962,589.720752799999,983.0,3932.0,1966.0,3932.0,3730.2227279346203,2462.0935067999962,2462.0935067999962,0.0,VRE120_wind_hvy
5,4959,4959,1,11.118100400000912,11.118100400000912,983.0,3932.0,1966.0,3932.0,3730.2227279346203,11.118100400000912,11.118100400000912,0.0,VRE120_wind_hvy
5,4961,4965,5,3976.0627619999996,1088.0773864000012,983.0,3932.0,1966.0,3932.0,3730.2227279346203,3856.796293999999,3730.2227279346203,245.8400340653793,VRE120_wind_hvy
5,4983,4989,7,6052.363082799997,1212.2009067999988,983.0,3932.0,1966.0,3932.0,3730.2227279346203,5580.471100799999,3730.2227279346203,2322.1403548653766,VRE120_wind_hvy
5,5006,5012,7,2252.572703199996,572.1397635999983,983.0,3932.0,1966.0,3932.0,3730.2227279346203,2252.572703199996,2252.572703199996,0.0,VRE120_wind_hvy
5,5031,5031,1,57.85566680000011,57.85566680000011,983.0,3932.0,1966.0,3932.0,3730.2227279346203,57.85566680000011,57.85566680000011,0.0,VRE120_wind_hvy
5,5033,5035,3,286.4265888,154.39568240000062,983.0,3932.0,1966.0,3932.0,3730.2227279346203,286.4265888,286.4265888,0.0,VRE120_wind_hvy
5,5056,5061,6,3949.5634815999992,1044.5393583999994,983.0,3932.0,1966.0,3932.0,3730.2227279346203,3888.0241232,3730.2227279346203,219.340753665379,VRE120_wind_hvy
5,5079,5079,1,35.48527319999994,35.48527319999994,983.0,3932.0,1966.0,3932.0,3730.2227279346203,35.48527319999994,35.48527319999994,0.0,VRE120_wind_hvy
5,5081,5081,1,77.59311839999827,77.59311839999827,983.0,3932.0,1966.0,3932.0,3730.2227279346203,77.59311839999827,77.59311839999827,0.0,VRE120_wind_hvy
5,5177,5180,4,1254.1272359999984,419.7887552000002,983.0,3932.0,1966.0,3932.0,3730.2227279346203,1254.1272359999984,1254.1272359999984,0.0,VRE120_wind_hvy
5,5226,5227,2,178.04745279999952,119.43549239999993,983.0,3932.0,1966.0,3932.0,3730.2227279346203,178.04745279999952,178.04745279999952,0.0,VRE120_wind_hvy
5,5391,5394,4,1930.9806575999992,764.7642731999986,983.0,3932.0,1966.0,3932.0,3730.2227279346203,1930.9806575999992,1930.9806575999992,0.0,VRE120_wind_hvy
5,5414,5417,4,2724.369507999996,988.3098683999997,983.0,3932.0,1966.0,3932.0,3730.2227279346203,2719.0596395999964,2719.0596395999964,5.3098683999996865,VRE120_wind_hvy
5,5442,5442,1,88.9629307999985,88.9629307999985,983.0,3932.0,1966.0,3932.0,3730.2227279346203,88.9629307999985,88.9629307999985,0.0,VRE120_wind_hvy
5,5753,5754,2,202.5316475999989,191.91563719999886,983.0,3932.0,1966.0,3932.0,3730.2227279346203,202.5316475999989,202.5316475999989,0.0,VRE120_wind_hvy
5,5848,5849,2,360.99918960000105,279.61517879999883,983.0,3932.0,1966.0,3932.0,3730.2227279346203,360.99918960000105,360.99918960000105,0.0,VRE120_wind_hvy
5,5920,5923,4,823.8251040000005,364.01727520000077,983.0,3932.0,1966.0,3932.0,3730.2227279346203,823.8251040000005,823.8251040000005,0.0,VRE120_wind_hvy
5,5946,5946,1,202.28389279999828,202.28389279999828,983.0,3932.0,1966.0,3932.0,3730.2227279346203,202.28389279999828,202.28389279999828,0.0,VRE120_wind_hvy
5,6042,6043,2,233.81290159999935,142.93624,983.0,3932.0,1966.0,3932.0,3730.2227279346203,233.81290159999935,233.81290159999935,0.0,VRE120_wind_hvy
6,3786,3786,1,93.19426719999865,93.19426719999865,983.0,3932.0,1966.0,3932.0,3730.2227279346203,93.19426719999865,93.19426719999865,0.0,VRE120_wind_hvy
6,4266,4268,3,565.717166399997,253.88243039999816,983.0,3932.0,1966.0,3932.0,3730.2227279346203,565.717166399997,565.717166399997,0.0,VRE120_wind_hvy
6,4339,4340,2,567.9862647999989,311.0572659999998,983.0,3932.0,1966.0,3932.0,3730.2227279346203,567.9862647999989,567.9862647999989,0.0,VRE120_wind_hvy
6,4410,4412,3,1213.2067691999991,485.3002639999995,983.0,3932.0,1966.0,3932.0,3730.2227279346203,1213.2067691999991,1213.2067691999991,0.0,VRE120_wind_hvy
6,4434,4436,3,1088.338317599998,445.30727039999874,983.0,3932.0,1966.0,3932.0,3730.2227279346203,1088.338317599998,1088.338317599998,0.0,VRE120_wind_hvy
6,4458,4459,2,299.65275440000096,197.33162640000137,983.0,3932.0,1966.0,3932.0,3730.2227279346203,299.65275440000096,299.65275440000096,0.0,VRE120_wind_hvy
6,4866,4866,1,109.06780319999962,109.06780319999962,983.0,3932.0,1966.0,3932.0,3730.2227279346203,109.06780319999962,109.06780319999962,0.0,VRE120_wind_hvy
6,4914,4914,1,31.670834800000193,31.670834800000193,983.0,3932.0,1966.0,3932.0,3730.2227279346203,31.670834800000193,31.670834800000193,0.0,VRE120_wind_hvy
6,4935,4940,6,1917.0935067999972,504.7207527999999,983.0,3932.0,1966.0,3932.0,3730.2227279346203,1917.0935067999972,1917.0935067999972,0.0,VRE120_wind_hvy
6,4962,4964,3,1185.6261784000008,458.07738640000116,983.0,3932.0,1966.0,3932.0,3730.2227279346203,1185.6261784000008,1185.6261784000008,0.0,VRE120_wind_hvy
6,4985,4988,4,1071.8115603999959,382.20090679999885,983.0,3932.0,1966.0,3932.0,3730.2227279346203,1071.8115603999959,1071.8115603999959,0.0,VRE120_wind_hvy
6,5058,5058,1,11.5393583999994,11.5393583999994,983.0,3932.0,1966.0,3932.0,3730.2227279346203,11.5393583999994,11.5393583999994,0.0,VRE120_wind_hvy
6,5346,5348,3,952.4054035999998,416.95482640000046,983.0,3932.0,1966.0,3932.0,3730.2227279346203,952.4054035999998,952.4054035999998,0.0,VRE120_wind_hvy
6,5390,5396,7,4639.152847599999,1155.7642731999986,983.0,3932.0,1966.0,3932.0,3730.2227279346203,4281.678622800001,3730.2227279346203,908.9301196653792,VRE120_wind_hvy
6,5413,5417,5,4334.533087999995,1322.3098683999997,983.0,3932.0,1966.0,3932.0,3730.2227279346203,3986.693397199995,3730.2227279346203,604.3103600653744,VRE120_wind_hvy
6,5439,5444,6,3375.029961199998,856.9629307999994,983.0,3932.0,1966.0,3932.0,3730.2227279346203,3375.029961199998,3375.029961199998,0.0,VRE120_wind_hvy
6,5826,5826,1,138.16750599999978,138.16750599999978,983.0,3932.0,1966.0,3932.0,3730.2227279346203,138.16750599999978,138.16750599999978,0.0,VRE120_wind_hvy
6,5846,5851,6,2862.0955871999995,970.6151787999988,983.0,3932.0,1966.0,3932.0,3730.2227279346203,2862.0955871999995,2862.0955871999995,0.0,VRE120_wind_hvy
6,6041,6044,4,919.3980312000003,407.93624,983.0,3932.0,1966.0,3932.0,3730.2227279346203,919.3980312000003,919.3980312000003,0.0,VRE120_wind_hvy
7,4433,4436,4,1464.1089503999983,550.3072703999987,983.0,3932.0,1966.0,3932.0,3730.2227279346203,1464.1089503999983,1464.1089503999983,0.0,VRE120_wind_hvy
7,4746,4748,3,355.84266240000034,224.99171120000028,983.0,3932.0,1966.0,3932.0,3730.2227279346203,355.84266240000034,355.84266240000034,0.0,VRE120_wind_hvy
7,4865,4866,2,234.11775079999825,184.06780319999962,983.0,3932.0,1966.0,3932.0,3730.2227279346203,234.11775079999825,234.11775079999825,0.0,VRE120_wind_hvy
7,4914,4914,1,126.6708348000002,126.6708348000002,983.0,3932.0,1966.0,3932.0,3730.2227279346203,126.6708348000002,126.6708348000002,0.0,VRE120_wind_hvy
7,4934,4940,7,3031.544861999995,656.720752799999,983.0,3932.0,1966.0,3932.0,3730.2227279346203,3031.544861999995,3031.544861999995,0.0,VRE120_wind_hvy
7,4961,4965,5,1881.0627619999996,665.0773864000012,983.0,3932.0,1966.0,3932.0,3730.2227279346203,1881.0627619999996,1881.0627619999996,0.0,VRE120_wind_hvy
7,4984,4989,6,3279.025198399997,797.2009067999988,983.0,3932.0,1966.0,3932.0,3730.2227279346203,3279.025198399997,3279.025198399997,0.0,VRE120_wind_hvy
7,5007,5007,1,132.13976359999833,132.13976359999833,983.0,3932.0,1966.0,3932.0,3730.2227279346203,132.13976359999833,132.13976359999833,0.0,VRE120_wind_hvy
7,5009,5009,1,27.88319120000051,27.88319120000051,983.0,3932.0,1966.0,3932.0,3730.2227279346203,27.88319120000051,27.88319120000051,0.0,VRE120_wind_hvy
7,5058,5060,3,437.67553399999997,289.5393583999994,983.0,3932.0,1966.0,3932.0,3730.2227279346203,437.67553399999997,437.67553399999997,0.0,VRE120_wind_hvy
7,5226,5226,1,114.43549239999993,114.43549239999993,983.0,3932.0,1966.0,3932.0,3730.2227279346203,114.43549239999993,114.43549239999993,0.0,VRE120_wind_hvy
7,5391,5393,3,1033.4742247999984,434.76427319999857,983.0,3932.0,1966.0,3932.0,3730.2227279346203,1033.4742247999984,1033.4742247999984,0.0,VRE120_wind_hvy
7,5414,5417,4,1580.3695079999961,702.3098683999997,983.0,3932.0,1966.0,3932.0,3730.2227279346203,1580.3695079999961,1580.3695079999961,0.0,VRE120_wind_hvy
7,5848,5849,2,515.999189600001,329.61517879999883,983.0,3932.0,1966.0,3932.0,3730.2227279346203,515.999189600001,515.999189600001,0.0,VRE120_wind_hvy
7,5970,5972,3,709.8626043999975,391.670475599999,983.0,3932.0,1966.0,3932.0,3730.2227279346203,709.8626043999975,709.8626043999975,0.0,VRE120_wind_hvy
7,5994,5996,3,959.0585440000004,397.2580939999998,983.0,3932.0,1966.0,3932.0,3730.2227279346203,959.0585440000004,959.0585440000004,0.0,VRE120_wind_hvy
7,6018,6019,2,637.391986399999,402.89214360000005,983.0,3932.0,1966.0,3932.0,3730.2227279346203,637.391986399999,637.391986399999,0.0,VRE120_wind_hvy
7,6042,6043,2,153.81290159999935,102.93624,983.0,3932.0,1966.0,3932.0,3730.2227279346203,153.81290159999935,153.81290159999935,0.0,VRE120_wind_hvy
8,4339,4340,2,505.98626479999893,280.0572659999998,983.0,3932.0,1966.0,3932.0,3730.2227279346203,505.98626479999893,505.98626479999893,0.0,VRE120_wind_hvy
8,4818,4821,4,1095.2249531999978,499.14454599999954,983.0,3932.0,1966.0,3932.0,3730.2227279346203,1095.2249531999978,1095.2249531999978,0.0,VRE120_wind_hvy
8,4864,4866,3,876.5152235999976,479.0678031999996,983.0,3932.0,1966.0,3932.0,3730.2227279346203,876.5152235999976,876.5152235999976,0.0,VRE120_wind_hvy
8,4891,4891,1,1.1594923999991806,1.1594923999991806,983.0,3932.0,1966.0,3932.0,3730.2227279346203,1.1594923999991806,1.1594923999991806,0.0,VRE120_wind_hvy
8,4912,4912,1,38.27707599999849,38.27707599999849,983.0,3932.0,1966.0,3932.0,3730.2227279346203,38.27707599999849,38.27707599999849,0.0,VRE120_wind_hvy
8,4914,4914,1,149.6708348000002,149.6708348000002,983.0,3932.0,1966.0,3932.0,3730.2227279346203,149.6708348000002,149.6708348000002,0.0,VRE120_wind_hvy
8,4935,4940,6,1914.0935067999972,476.7207527999999,983.0,3932.0,1966.0,3932.0,3730.2227279346203,1914.0935067999972,1914.0935067999972,0.0,VRE120_wind_hvy
8,4962,4964,3,1175.6261784000008,473.07738640000116,983.0,3932.0,1966.0,3932.0,3730.2227279346203,1175.6261784000008,1175.6261784000008,0.0,VRE120_wind_hvy
8,4984,4989,6,2865.025198399997,732.2009067999988,983.0,3932.0,1966.0,3932.0,3730.2227279346203,2865.025198399997,2865.025198399997,0.0,VRE120_wind_hvy
8,5007,5007,1,112.13976359999833,112.13976359999833,983.0,3932.0,1966.0,3932.0,3730.2227279346203,112.13976359999833,112.13976359999833,0.0,VRE120_wind_hvy
8,5009,5009,1,7.88319120000051,7.88319120000051,983.0,3932.0,1966.0,3932.0,3730.2227279346203,7.88319120000051,7.88319120000051,0.0,VRE120_wind_hvy
8,5058,5059,2,313.1842319999996,234.5393583999994,983.0,3932.0,1966.0,3932.0,3730.2227279346203,313.1842319999996,313.1842319999996,0.0,VRE120_wind_hvy
8,5226,5226,1,44.43549239999993,44.43549239999993,983.0,3932.0,1966.0,3932.0,3730.2227279346203,44.43549239999993,44.43549239999993,0.0,VRE120_wind_hvy
8,5391,5393,3,568.4742247999984,279.76427319999857,983.0,3932.0,1966.0,3932.0,3730.2227279346203,568.4742247999984,568.4742247999984,0.0,VRE120_wind_hvy
8,5414,5417,4,945.3695079999961,557.3098683999997,983.0,3932.0,1966.0,3932.0,3730.2227279346203,945.3695079999961,945.3695079999961,0.0,VRE120_wind_hvy
8,6041,6044,4,1159.3980312000003,467.93624,983.0,3932.0,1966.0,3932.0,3730.2227279346203,1159.3980312000003,1159.3980312000003,0.0,VRE120_wind_hvy
8,6186,6188,3,957.371223199998,664.4177063999987,983.0,3932.0,1966.0,3932.0,3730.2227279346203,957.371223199998,957.371223199998,0.0,VRE120_wind_hvy
9,4434,4435,2,65.67868199999793,40.30727039999874,983.0,3932.0,1966.0,3932.0,3730.2227279346203,65.67868199999793,65.67868199999793,0.0,VRE120_wind_hvy
9,4864,4867,4,1281.0402547999965,584.0678031999996,983.0,3932.0,1966.0,3932.0,3730.2227279346203,1281.0402547999965,1281.0402547999965,0.0,VRE120_wind_hvy
9,4890,4892,3,557.8546087999985,304.1594923999992,983.0,3932.0,1966.0,3932.0,3730.2227279346203,557.8546087999985,557.8546087999985,0.0,VRE120_wind_hvy
9,4914,4914,1,86.6708348000002,86.6708348000002,983.0,3932.0,1966.0,3932.0,3730.2227279346203,86.6708348000002,86.6708348000002,0.0,VRE120_wind_hvy
9,4938,4939,2,207.91802039999857,114.7207527999999,983.0,3932.0,1966.0,3932.0,3730.2227279346203,207.91802039999857,207.91802039999857,0.0,VRE120_wind_hvy
9,4963,4964,2,155.2664680000007,123.07738640000116,983.0,3932.0,1966.0,3932.0,3730.2227279346203,155.2664680000007,155.2664680000007,0.0,VRE120_wind_hvy
9,4984,4988,5,1106.508769199996,382.20090679999885,983.0,3932.0,1966.0,3932.0,3730.2227279346203,1106.508769199996,1106.508769199996,0.0,VRE120_wind_hvy
9,5226,5226,1,54.43549239999993,54.43549239999993,983.0,3932.0,1966.0,3932.0,3730.2227279346203,54.43549239999993,54.43549239999993,0.0,VRE120_wind_hvy
9,5391,5393,3,562.4742247999984,281.76427319999857,983.0,3932.0,1966.0,3932.0,3730.2227279346203,562.4742247999984,562.4742247999984,0.0,VRE120_wind_hvy
9,5415,5416,2,457.8396907999995,394.3098683999997,983.0,3932.0,1966.0,3932.0,3730.2227279346203,457.8396907999995,457.8396907999995,0.0,VRE120_wind_hvy
9,5442,5442,1,15.962930799998503,15.962930799998503,983.0,3932.0,1966.0,3932.0,3730.2227279346203,15.962930799998503,15.962930799998503,0.0,VRE120_wind_hvy
9,5848,5850,3,764.3432076000008,460.61517879999883,983.0,3932.0,1966.0,3932.0,3730.2227279346203,764.3432076000008,764.3432076000008,0.0,VRE120_wind_hvy
9,6040,6044,5,2009.0561644000009,640.93624,983.0,3932.0,1966.0,3932.0,3730.2227279346203,2009.0561644000009,2009.0561644000009,0.0,VRE120_wind_hvy
10,4434,4434,1,10.307270399998743,10.307270399998743,983.0,3932.0,1966.0,3932.0,3730.2227279346203,10.307270399998743,10.307270399998743,0.0,VRE120_wind_hvy
10,4864,4867,4,816.0402547999965,454.0678031999996,983.0,3932.0,1966.0,3932.0,3730.2227279346203,816.0402547999965,816.0402547999965,0.0,VRE120_wind_hvy
10,4937,4939,3,296.0347135999982,149.7207527999999,983.0,3932.0,1966.0,3932.0,3730.2227279346203,296.0347135999982,296.0347135999982,0.0,VRE120_wind_hvy
10,4963,4964,2,115.26646800000071,103.07738640000116,983.0,3932.0,1966.0,3932.0,3730.2227279346203,115.26646800000071,115.26646800000071,0.0,VRE120_wind_hvy
10,4984,4988,5,1366.508769199998,442.20090679999885,983.0,3932.0,1966.0,3932.0,3730.2227279346203,1366.508769199998,1366.508769199998,0.0,VRE120_wind_hvy
10,5058,5058,1,69.5393583999994,69.5393583999994,983.0,3932.0,1966.0,3932.0,3730.2227279346203,69.5393583999994,69.5393583999994,0.0,VRE120_wind_hvy
10,5391,5393,3,471.4742247999984,240.76427319999857,983.0,3932.0,1966.0,3932.0,3730.2227279346203,471.4742247999984,471.4742247999984,0.0,VRE120_wind_hvy
10,5414,5417,4,1164.3695079999961,598.3098683999997,983.0,3932.0,1966.0,3932.0,3730.2227279346203,1164.3695079999961,1164.3695079999961,0.0,VRE120_wind_hvy
10,5442,5442,1,1.962930799998503,1.962930799998503,983.0,3932.0,1966.0,3932.0,3730.2227279346203,1.962930799998503,1.962930799998503,0.0,VRE120_wind_hvy
10,5514,5514,1,66.39208239999971,66.39208239999971,983.0,3932.0,1966.0,3932.0,3730.2227279346203,66.39208239999971,66.39208239999971,0.0,VRE120_wind_hvy
10,5609,5612,4,875.9393983999989,358.11506160000044,983.0,3932.0,1966.0,3932.0,3730.2227279346203,875.9393983999989,875.9393983999989,0.0,VRE120_wind_hvy
10,5848,5850,3,1141.3432076000008,704.6151787999988,983.0,3932.0,1966.0,3932.0,3730.2227279346203,1141.3432076000008,1141.3432076000008,0.0,VRE120_wind_hvy
10,5919,5923,5,1517.9198311999999,649.0172752000008,983.0,3932.0,1966.0,3932.0,3730.2227279346203,1517.9198311999999,1517.9198311999999,0.0,VRE120_wind_hvy
10,6042,6043,2,327.81290159999935,189.93624,983.0,3932.0,1966.0,3932.0,3730.2227279346203,327.81290159999935,327.81290159999935,0.0,VRE120_wind_hvy
11,4339,4340,2,545.9862647999989,300.0572659999998,983.0,3932.0,1966.0,3932.0,3730.2227279346203,545.9862647999989,545.9862647999989,0.0,VRE120_wind_hvy
11,4818,4820,3,393.56566439999915,204.14454599999954,983.0,3932.0,1966.0,3932.0,3730.2227279346203,393.56566439999915,393.56566439999915,0.0,VRE120_wind_hvy
11,4865,4866,2,758.1177507999982,436.0678031999996,983.0,3932.0,1966.0,3932.0,3730.2227279346203,758.1177507999982,758.1177507999982,0.0,VRE120_wind_hvy
11,4889,4892,4,1202.5328359999985,456.1594923999992,983.0,3932.0,1966.0,3932.0,3730.2227279346203,1202.5328359999985,1202.5328359999985,0.0,VRE120_wind_hvy
11,4912,4912,1,52.27707599999849,52.27707599999849,983.0,3932.0,1966.0,3932.0,3730.2227279346203,52.27707599999849,52.27707599999849,0.0,VRE120_wind_hvy
11,4914,4915,2,166.8636147999996,163.6708348000002,983.0,3932.0,1966.0,3932.0,3730.2227279346203,166.8636147999996,166.8636147999996,0.0,VRE120_wind_hvy
11,4935,4940,6,2394.093506799997,546.7207527999999,983.0,3932.0,1966.0,3932.0,3730.2227279346203,2394.093506799997,2394.093506799997,0.0,VRE120_wind_hvy
11,4961,4965,5,1470.0627619999996,563.0773864000012,983.0,3932.0,1966.0,3932.0,3730.2227279346203,1470.0627619999996,1470.0627619999996,0.0,VRE120_wind_hvy
11,4984,4989,6,4545.025198399997,1012.2009067999988,983.0,3932.0,1966.0,3932.0,3730.2227279346203,4515.824291599998,3730.2227279346203,814.8024704653767,VRE120_wind_hvy
11,5007,5012,6,1637.392373599996,447.13976359999833,983.0,3932.0,1966.0,3932.0,3730.2227279346203,1637.392373599996,1637.392373599996,0.0,VRE120_wind_hvy
11,5057,5060,4,995.8378827999986,449.5393583999994,983.0,3932.0,1966.0,3932.0,3730.2227279346203,995.8378827999986,995.8378827999986,0.0,VRE120_wind_hvy
11,5225,5228,4,1334.0011171999977,504.43549239999993,983.0,3932.0,1966.0,3932.0,3730.2227279346203,1334.0011171999977,1334.0011171999977,0.0,VRE120_wind_hvy
11,5250,5250,1,31.120324799999253,31.120324799999253,983.0,3932.0,1966.0,3932.0,3730.2227279346203,31.120324799999253,31.120324799999253,0.0,VRE120_wind_hvy
11,5322,5324,3,425.56313079999927,194.64253199999985,983.0,3932.0,1966.0,3932.0,3730.2227279346203,425.56313079999927,425.56313079999927,0.0,VRE120_wind_hvy
11,5346,5347,2,546.5251815999991,276.95482640000046,983.0,3932.0,1966.0,3932.0,3730.2227279346203,546.5251815999991,546.5251815999991,0.0,VRE120_wind_hvy
11,5391,5394,4,2168.980657599999,769.7642731999986,983.0,3932.0,1966.0,3932.0,3730.2227279346203,2168.980657599999,2168.980657599999,0.0,VRE120_wind_hvy
11,5414,5417,4,2428.369507999996,914.3098683999997,983.0,3932.0,1966.0,3932.0,3730.2227279346203,2428.369507999996,2428.369507999996,0.0,VRE120_wind_hvy
11,5441,5444,4,802.889697999999,337.9629307999994,983.0,3932.0,1966.0,3932.0,3730.2227279346203,802.889697999999,802.889697999999,0.0,VRE120_wind_hvy
11,6042,6043,2,193.81290159999935,122.93624,983.0,3932.0,1966.0,3932.0,3730.2227279346203,193.81290159999935,193.81290159999935,0.0,VRE120_wind_hvy
12,4339,4341,3,1052.3694271999984,472.92899879999914,983.0,3932.0,1966.0,3932.0,3730.2227279346203,1052.3694271999984,1052.3694271999984,0.0,VRE120_wind_hvy
12,4865,4866,2,456.11775079999825,285.0678031999996,983.0,3932.0,1966.0,3932.0,3730.2227279346203,456.11775079999825,456.11775079999825,0.0,VRE120_wind_hvy
12,4935,4940,6,882.0935067999972,304.7207527999999,983.0,3932.0,1966.0,3932.0,3730.2227279346203,882.0935067999972,882.0935067999972,0.0,VRE120_wind_hvy
12,4963,4964,2,115.26646800000071,103.07738640000116,983.0,3932.0,1966.0,3932.0,3730.2227279346203,115.26646800000071,115.26646800000071,0.0,VRE120_wind_hvy
12,4985,4989,5,1855.3279895999967,610.0370979999998,983.0,3932.0,1966.0,3932.0,3730.2227279346203,1855.3279895999967,1855.3279895999967,0.0,VRE120_wind_hvy
12,5007,5007,1,137.13976359999833,137.13976359999833,983.0,3932.0,1966.0,3932.0,3730.2227279346203,137.13976359999833,137.13976359999833,0.0,VRE120_wind_hvy
12,5009,5009,1,32.88319120000051,32.88319120000051,983.0,3932.0,1966.0,3932.0,3730.2227279346203,32.88319120000051,32.88319120000051,0.0,VRE120_wind_hvy
12,5225,5228,4,634.0011171999977,329.43549239999993,983.0,3932.0,1966.0,3932.0,3730.2227279346203,634.0011171999977,634.0011171999977,0.0,VRE120_wind_hvy
12,5250,5252,3,826.3246279999994,381.12032479999925,983.0,3932.0,1966.0,3932.0,3730.2227279346203,826.3246279999994,826.3246279999994,0.0,VRE120_wind_hvy
12,5391,5393,3,496.4742247999984,255.76427319999857,983.0,3932.0,1966.0,3932.0,3730.2227279346203,496.4742247999984,496.4742247999984,0.0,VRE120_wind_hvy
12,5414,5417,4,684.3695079999961,478.3098683999997,983.0,3932.0,1966.0,3932.0,3730.2227279346203,684.3695079999961,684.3695079999961,0.0,VRE120_wind_hvy
12,5848,5849,2,390.99918960000105,294.61517879999883,983.0,3932.0,1966.0,3932.0,3730.2227279346203,390.99918960000105,390.99918960000105,0.0,VRE120_wind_hvy
12,5921,5924,4,1454.5830140000016,494.01727520000077,983.0,3932.0,1966.0,3932.0,3730.2227279346203,1454.5830140000016,1454.5830140000016,0.0,VRE120_wind_hvy
12,6042,6043,2,503.81290159999935,277.93624,983.0,3932.0,1966.0,3932.0,3730.2227279346203,503.81290159999935,503.81290159999935,0.0,VRE120_wind_hvy
12,6065,6067,3,763.6600923999977,389.5103431999987,983.0,3932.0,1966.0,3932.0,3730.2227279346203,763.6600923999977,763.6600923999977,0.0,VRE120_wind_hvy
13,4434,4435,2,165.67868199999793,90.30727039999874,983.0,3932.0,1966.0,3932.0,3730.2227279346203,165.67868199999793,165.67868199999793,0.0,VRE120_wind_hvy
13,4747,4747,1,69.99171120000028,69.99171120000028,983.0,3932.0,1966.0,3932.0,3730.2227279346203,69.99171120000028,69.99171120000028,0.0,VRE120_wind_hvy
13,4818,4820,3,513.5656643999992,244.14454599999954,983.0,3932.0,1966.0,3932.0,3730.2227279346203,513.5656643999992,513.5656643999992,0.0,VRE120_wind_hvy
13,4864,4867,4,2091.0402547999975,759.0678031999996,983.0,3932.0,1966.0,3932.0,3730.2227279346203,2091.0402547999975,2091.0402547999975,0.0,VRE120_wind_hvy
13,4890,4892,3,507.85460879999846,269.1594923999992,983.0,3932.0,1966.0,3932.0,3730.2227279346203,507.85460879999846,507.85460879999846,0.0,VRE120_wind_hvy
13,4914,4914,1,26.670834800000193,26.670834800000193,983.0,3932.0,1966.0,3932.0,3730.2227279346203,26.670834800000193,26.670834800000193,0.0,VRE120_wind_hvy
13,4935,4940,6,1842.0935067999972,464.7207527999999,983.0,3932.0,1966.0,3932.0,3730.2227279346203,1842.0935067999972,1842.0935067999972,0.0,VRE120_wind_hvy
13,4962,4965,4,1459.7468731999998,549.0773864000012,983.0,3932.0,1966.0,3932.0,3730.2227279346203,1459.7468731999998,1459.7468731999998,0.0,VRE120_wind_hvy
13,4984,4988,5,1394.508769199996,478.20090679999885,983.0,3932.0,1966.0,3932.0,3730.2227279346203,1394.508769199996,1394.508769199996,0.0,VRE120_wind_hvy
13,5391,5393,3,658.4742247999984,279.76427319999857,983.0,3932.0,1966.0,3932.0,3730.2227279346203,658.4742247999984,658.4742247999984,0.0,VRE120_wind_hvy
13,5414,5417,4,2279.369507999996,863.3098683999997,983.0,3932.0,1966.0,3932.0,3730.2227279346203,2279.369507999996,2279.369507999996,0.0,VRE120_wind_hvy
13,5442,5442,1,151.9629307999985,151.9629307999985,983.0,3932.0,1966.0,3932.0,3730.2227279346203,151.9629307999985,151.9629307999985,0.0,VRE120_wind_hvy
13,5848,5849,2,620.999189600001,409.61517879999883,983.0,3932.0,1966.0,3932.0,3730.2227279346203,620.999189600001,620.999189600001,0.0,VRE120_wind_hvy
13,6040,6040,1,94.65813320000052,94.65813320000052,983.0,3932.0,1966.0,3932.0,3730.2227279346203,94.65813320000052,94.65813320000052,0.0,VRE120_wind_hvy
13,6042,6044,3,1128.9663791999992,487.93624,983.0,3932.0,1966.0,3932.0,3730.2227279346203,1128.9663791999992,1128.9663791999992,0.0,VRE120_wind_hvy
13,6594,6594,1,42.71006120000038,42.71006120000038,983.0,3932.0,1966.0,3932.0,3730.2227279346203,42.71006120000038,42.71006120000038,0.0,VRE120_wind_hvy
14,4410,4410,1,135.30026399999952,135.30026399999952,983.0,3932.0,1966.0,3932.0,3730.2227279346203,135.30026399999952,135.30026399999952,0.0,VRE120_wind_hvy
14,4865,4866,2,446.11775079999825,280.0678031999996,983.0,3932.0,1966.0,3932.0,3730.2227279346203,446.11775079999825,446.11775079999825,0.0,VRE120_wind_hvy
14,4935,4939,5,2022.5963179999953,636.720752799999,983.0,3932.0,1966.0,3932.0,3730.2227279346203,2022.5963179999953,2022.5963179999953,0.0,VRE120_wind_hvy
14,4963,4964,2,155.2664680000007,123.07738640000116,983.0,3932.0,1966.0,3932.0,3730.2227279346203,155.2664680000007,155.2664680000007,0.0,VRE120_wind_hvy
14,4984,4988,5,1286.508769199997,437.20090679999885,983.0,3932.0,1966.0,3932.0,3730.2227279346203,1286.508769199997,1286.508769199997,0.0,VRE120_wind_hvy
14,5391,5393,3,331.4742247999984,200.76427319999857,983.0,3932.0,1966.0,3932.0,3730.2227279346203,331.4742247999984,331.4742247999984,0.0,VRE120_wind_hvy
14,5415,5415,1,347.3098683999997,347.3098683999997,983.0,3932.0,1966.0,3932.0,3730.2227279346203,347.3098683999997,347.3098683999997,0.0,VRE120_wind_hvy
14,5442,5443,2,193.89615479999793,160.9629307999985,983.0,3932.0,1966.0,3932.0,3730.2227279346203,193.89615479999793,193.89615479999793,0.0,VRE120_wind_hvy
14,5681,5681,1,95.35330520000025,95.35330520000025,983.0,3932.0,1966.0,3932.0,3730.2227279346203,95.35330520000025,95.35330520000025,0.0,VRE120_wind_hvy
14,5921,5921,1,44.01727519999986,44.01727519999986,983.0,3932.0,1966.0,3932.0,3730.2227279346203,44.01727519999986,44.01727519999986,0.0,VRE120_wind_hvy
14,6041,6043,3,522.2445536000005,198.93624,983.0,3932.0,1966.0,3932.0,3730.2227279346203,522.2445536000005,522.2445536000005,0.0,VRE120_wind_hvy
15,4219,4219,1,128.9215408,128.9215408,983.0,3932.0,1966.0,3932.0,3730.2227279346203,128.9215408,128.9215408,0.0,VRE120_wind_hvy
15,4864,4867,4,1426.0402547999975,659.0678031999996,983.0,3932.0,1966.0,3932.0,3730.2227279346203,1426.0402547999975,1426.0402547999975,0.0,VRE120_wind_hvy
15,4891,4891,1,34.15949239999918,34.15949239999918,983.0,3932.0,1966.0,3932.0,3730.2227279346203,34.15949239999918,34.15949239999918,0.0,VRE120_wind_hvy
15,4912,4912,1,15.277075999998488,15.277075999998488,983.0,3932.0,1966.0,3932.0,3730.2227279346203,15.277075999998488,15.277075999998488,0.0,VRE120_wind_hvy
15,4914,4914,1,106.6708348000002,106.6708348000002,983.0,3932.0,1966.0,3932.0,3730.2227279346203,106.6708348000002,106.6708348000002,0.0,VRE120_wind_hvy
15,4934,4941,8,4253.226303599994,819.720752799999,983.0,3932.0,1966.0,3932.0,3730.2227279346203,4253.226303599994,3730.2227279346203,523.0035756653738,VRE120_wind_hvy
15,4961,4965,5,2731.0627619999996,808.0773864000012,983.0,3932.0,1966.0,3932.0,3730.2227279346203,2731.0627619999996,2731.0627619999996,0.0,VRE120_wind_hvy
15,4983,4989,7,7471.363082799996,1462.2009067999988,983.0,3932.0,1966.0,3932.0,3730.2227279346203,5907.854313599999,3730.2227279346203,3741.1403548653757,VRE120_wind_hvy
15,5007,5012,6,1784.392373599996,499.13976359999833,983.0,3932.0,1966.0,3932.0,3730.2227279346203,1784.392373599996,1784.392373599996,0.0,VRE120_wind_hvy
15,5031,5031,1,304.8556668000001,304.8556668000001,983.0,3932.0,1966.0,3932.0,3730.2227279346203,304.8556668000001,304.8556668000001,0.0,VRE120_wind_hvy
15,5033,5036,4,1100.8781508000002,401.3956824000006,983.0,3932.0,1966.0,3932.0,3730.2227279346203,1100.8781508000002,1100.8781508000002,0.0,VRE120_wind_hvy
15,5057,5060,4,2195.8378827999986,749.5393583999994,983.0,3932.0,1966.0,3932.0,3730.2227279346203,2195.8378827999986,2195.8378827999986,0.0,VRE120_wind_hvy
15,5081,5083,3,109.01314319999801,48.20470279999972,983.0,3932.0,1966.0,3932.0,3730.2227279346203,109.01314319999801,109.01314319999801,0.0,VRE120_wind_hvy
15,5226,5227,2,121.04745279999952,118.43549239999993,983.0,3932.0,1966.0,3932.0,3730.2227279346203,121.04745279999952,121.04745279999952,0.0,VRE120_wind_hvy
15,5346,5347,2,186.5251815999991,96.95482640000046,983.0,3932.0,1966.0,3932.0,3730.2227279346203,186.5251815999991,186.5251815999991,0.0,VRE120_wind_hvy
15,5391,5393,3,568.4742247999984,279.76427319999857,983.0,3932.0,1966.0,3932.0,3730.2227279346203,568.4742247999984,568.4742247999984,0.0,VRE120_wind_hvy
15,5415,5416,2,473.8396907999995,402.3098683999997,983.0,3932.0,1966.0,3932.0,3730.2227279346203,473.8396907999995,473.8396907999995,0.0,VRE120_wind_hvy
15,6042,6043,2,343.81290159999935,197.93624,983.0,3932.0,1966.0,3932.0,3730.2227279346203,343.81290159999935,343.81290159999935,0.0,VRE120_wind_hvy
15,6065,6067,3,505.66009239999767,303.5103431999987,983.0,3932.0,1966.0,3932.0,3730.2227279346203,505.66009239999767,505.66009239999767,0.0,VRE120_wind_hvy
15,6186,6187,2,142.44253599999774,84.41770639999868,983.0,3932.0,1966.0,3932.0,3730.2227279346203,142.44253599999774,142.44253599999774,0.0,VRE120_wind_hvy
16,4410,4411,2,56.20423159999973,55.300263999999515,983.0,3932.0,1966.0,3932.0,3730.2227279346203,56.20423159999973,56.20423159999973,0.0,VRE120_wind_hvy
16,4434,4435,2,165.67868199999793,90.30727039999874,983.0,3932.0,1966.0,3932.0,3730.2227279346203,165.67868199999793,165.67868199999793,0.0,VRE120_wind_hvy
16,4458,4460,3,667.7208751999997,368.0681207999987,983.0,3932.0,1966.0,3932.0,3730.2227279346203,667.7208751999997,667.7208751999997,0.0,VRE120_wind_hvy
16,4865,4866,2,144.11775079999825,129.06780319999962,983.0,3932.0,1966.0,3932.0,3730.2227279346203,144.11775079999825,144.11775079999825,0.0,VRE120_wind_hvy
16,4935,4935,1,58.19117559999904,58.19117559999904,983.0,3932.0,1966.0,3932.0,3730.2227279346203,58.19117559999904,58.19117559999904,0.0,VRE120_wind_hvy
16,4937,4939,3,526.0347135999982,244.7207527999999,983.0,3932.0,1966.0,3932.0,3730.2227279346203,526.0347135999982,526.0347135999982,0.0,VRE120_wind_hvy
16,4963,4964,2,225.2664680000007,158.07738640000116,983.0,3932.0,1966.0,3932.0,3730.2227279346203,225.2664680000007,225.2664680000007,0.0,VRE120_wind_hvy
16,4984,4988,5,1341.508769199997,437.20090679999885,983.0,3932.0,1966.0,3932.0,3730.2227279346203,1341.508769199997,1341.508769199997,0.0,VRE120_wind_hvy
16,5178,5179,2,118.00859880000007,78.21984359999988,983.0,3932.0,1966.0,3932.0,3730.2227279346203,118.00859880000007,118.00859880000007,0.0,VRE120_wind_hvy
16,5321,5324,4,776.968817599999,504.64253199999985,983.0,3932.0,1966.0,3932.0,3730.2227279346203,776.968817599999,776.968817599999,0.0,VRE120_wind_hvy
16,5346,5347,2,456.5251815999991,231.95482640000046,983.0,3932.0,1966.0,3932.0,3730.2227279346203,456.5251815999991,456.5251815999991,0.0,VRE120_wind_hvy
16,5391,5393,3,1543.4742247999984,604.7642731999986,983.0,3932.0,1966.0,3932.0,3730.2227279346203,1543.4742247999984,1543.4742247999984,0.0,VRE120_wind_hvy
16,5414,5417,4,2270.369507999996,721.5298223999998,983.0,3932.0,1966.0,3932.0,3730.2227279346203,2270.369507999996,2270.369507999996,0.0,VRE120_wind_hvy
16,5610,5611,2,74.02560719999929,73.11506160000044,983.0,3932.0,1966.0,3932.0,3730.2227279346203,74.02560719999929,74.02560719999929,0.0,VRE120_wind_hvy
16,5658,5659,2,262.75853279999774,138.97293399999853,983.0,3932.0,1966.0,3932.0,3730.2227279346203,262.75853279999774,262.75853279999774,0.0,VRE120_wind_hvy
16,5847,5850,4,1071.8286215999997,539.6151787999988,983.0,3932.0,1966.0,3932.0,3730.2227279346203,1071.8286215999997,1071.8286215999997,0.0,VRE120_wind_hvy
16,5921,5922,2,79.12005120000049,64.01727519999986,983.0,3932.0,1966.0,3932.0,3730.2227279346203,79.12005120000049,79.12005120000049,0.0,VRE120_wind_hvy
16,5970,5970,1,218.41102879999926,218.41102879999926,983.0,3932.0,1966.0,3932.0,3730.2227279346203,218.41102879999926,218.41102879999926,0.0,VRE120_wind_hvy
16,6042,6043,2,407.81290159999935,229.93624,983.0,3932.0,1966.0,3932.0,3730.2227279346203,407.81290159999935,407.81290159999935,0.0,VRE120_wind_hvy
16,6066,6067,2,209.083613599998,205.51034319999872,983.0,3932.0,1966.0,3932.0,3730.2227279346203,209.083613599998,209.083613599998,0.0,VRE120_wind_hvy
17,4866,4866,1,150.06780319999962,150.06780319999962,983.0,3932.0,1966.0,3932.0,3730.2227279346203,150.06780319999962,150.06780319999962,0.0,VRE120_wind_hvy
17,4914,4914,1,26.670834800000193,26.670834800000193,983.0,3932.0,1966.0,3932.0,3730.2227279346203,26.670834800000193,26.670834800000193,0.0,VRE120_wind_hvy
17,4938,4939,2,287.91802039999857,154.7207527999999,983.0,3932.0,1966.0,3932.0,3730.2227279346203,287.91802039999857,287.91802039999857,0.0,VRE120_wind_hvy
17,4962,4964,3,329.62617840000075,191.07738640000116,983.0,3932.0,1966.0,3932.0,3730.2227279346203,329.62617840000075,329.62617840000075,0.0,VRE120_wind_hvy
17,4984,4988,5,1786.508769199998,538.2009067999988,983.0,3932.0,1966.0,3932.0,3730.2227279346203,1786.508769199998,1786.508769199998,0.0,VRE120_wind_hvy
17,5391,5393,3,223.4742247999984,164.76427319999857,983.0,3932.0,1966.0,3932.0,3730.2227279346203,223.4742247999984,223.4742247999984,0.0,VRE120_wind_hvy
17,5415,5416,2,513.8396907999995,422.3098683999997,983.0,3932.0,1966.0,3932.0,3730.2227279346203,513.8396907999995,513.8396907999995,0.0,VRE120_wind_hvy
17,5753,5756,4,707.0040856000005,333.61601040000005,983.0,3932.0,1966.0,3932.0,3730.2227279346203,707.0040856000005,707.0040856000005,0.0,VRE120_wind_hvy
17,5921,5922,2,221.1200512000005,135.01727519999986,983.0,3932.0,1966.0,3932.0,3730.2227279346203,221.1200512000005,221.1200512000005,0.0,VRE120_wind_hvy
17,6041,6044,4,1319.3980312000003,507.93624,983.0,3932.0,1966.0,3932.0,3730.2227279346203,1319.3980312000003,1319.3980312000003,0.0,VRE120_wind_hvy
17,6066,6066,1,133.51034319999872,133.51034319999872,983.0,3932.0,1966.0,3932.0,3730.2227279346203,133.51034319999872,133.51034319999872,0.0,VRE120_wind_hvy
18,4790,4790,1,77.34813680000116,77.34813680000116,983.0,3932.0,1966.0,3932.0,3730.2227279346203,77.34813680000116,77.34813680000116,0.0,VRE120_wind_hvy
18,4818,4819,2,183.53769359999933,126.14454599999954,983.0,3932.0,1966.0,3932.0,3730.2227279346203,183.53769359999933,183.53769359999933,0.0,VRE120_wind_hvy
18,4866,4866,1,429.0678031999996,429.0678031999996,983.0,3932.0,1966.0,3932.0,3730.2227279346203,429.0678031999996,429.0678031999996,0.0,VRE120_wind_hvy
18,4891,4891,1,14.15949239999918,14.15949239999918,983.0,3932.0,1966.0,3932.0,3730.2227279346203,14.15949239999918,14.15949239999918,0.0,VRE120_wind_hvy
18,4914,4914,1,51.67083480000019,51.67083480000019,983.0,3932.0,1966.0,3932.0,3730.2227279346203,51.67083480000019,51.67083480000019,0.0,VRE120_wind_hvy
18,4934,4940,7,4377.544861999995,899.720752799999,983.0,3932.0,1966.0,3932.0,3730.2227279346203,4377.544861999995,3730.2227279346203,647.3221340653749,VRE120_wind_hvy
18,4962,4964,3,415.62617840000075,238.07738640000116,983.0,3932.0,1966.0,3932.0,3730.2227279346203,415.62617840000075,415.62617840000075,0.0,VRE120_wind_hvy
18,4984,4988,5,1821.508769199998,537.2009067999988,983.0,3932.0,1966.0,3932.0,3730.2227279346203,1821.508769199998,1821.508769199998,0.0,VRE120_wind_hvy
18,5346,5346,1,7.9548264000004565,7.9548264000004565,983.0,3932.0,1966.0,3932.0,3730.2227279346203,7.9548264000004565,7.9548264000004565,0.0,VRE120_wind_hvy
18,5391,5393,3,1423.4742247999984,564.7642731999986,983.0,3932.0,1966.0,3932.0,3730.2227279346203,1423.4742247999984,1423.4742247999984,0.0,VRE120_wind_hvy
18,5413,5417,5,3434.5330879999947,1142.3098683999997,983.0,3932.0,1966.0,3932.0,3730.2227279346203,3275.223219599995,3275.223219599995,159.3098683999997,VRE120_wind_hvy
18,5441,5444,4,1254.889697999999,455.9629307999994,983.0,3932.0,1966.0,3932.0,3730.2227279346203,1254.889697999999,1254.889697999999,0.0,VRE120_wind_hvy
18,5562,5564,3,723.2715867999996,313.4963523999995,983.0,3932.0,1966.0,3932.0,3730.2227279346203,723.2715867999996,723.2715867999996,0.0,VRE120_wind_hvy
18,5919,5924,6,1993.4602995999994,540.0172752000008,983.0,3932.0,1966.0,3932.0,3730.2227279346203,1993.4602995999994,1993.4602995999994,0.0,VRE120_wind_hvy
18,5946,5946,1,235.28389279999828,235.28389279999828,983.0,3932.0,1966.0,3932.0,3730.2227279346203,235.28389279999828,235.28389279999828,0.0,VRE120_wind_hvy
18,6041,6044,4,1179.3980312000003,477.93624,983.0,3932.0,1966.0,3932.0,3730.2227279346203,1179.3980312000003,1179.3980312000003,0.0,VRE120_wind_hvy
18,6066,6067,2,245.083613599998,213.51034319999872,983.0,3932.0,1966.0,3932.0,3730.2227279346203,245.083613599998,245.083613599998,0.0,VRE120_wind_hvy
19,4410,4412,3,616.2067691999991,286.3002639999995,983.0,3932.0,1966.0,3932.0,3730.2227279346203,616.2067691999991,616.2067691999991,0.0,VRE120_wind_hvy
19,4434,4436,3,1181.338317599998,476.30727039999874,983.0,3932.0,1966.0,3932.0,3730.2227279346203,1181.338317599998,1181.338317599998,0.0,VRE120_wind_hvy
19,4458,4460,3,625.7208751999997,283.33162640000137,983.0,3932.0,1966.0,3932.0,3730.2227279346203,625.7208751999997,625.7208751999997,0.0,VRE120_wind_hvy
19,4865,4866,2,744.1177507999982,429.0678031999996,983.0,3932.0,1966.0,3932.0,3730.2227279346203,744.1177507999982,744.1177507999982,0.0,VRE120_wind_hvy
19,4935,4940,6,1808.0935067999972,455.7207527999999,983.0,3932.0,1966.0,3932.0,3730.2227279346203,1808.0935067999972,1808.0935067999972,0.0,VRE120_wind_hvy
19,4962,4964,3,920.6261784000008,384.07738640000116,983.0,3932.0,1966.0,3932.0,3730.2227279346203,920.6261784000008,920.6261784000008,0.0,VRE120_wind_hvy
19,4984,4988,5,2586.508769199998,810.6539771999996,983.0,3932.0,1966.0,3932.0,3730.2227279346203,2586.508769199998,2586.508769199998,0.0,VRE120_wind_hvy
19,5058,5060,3,632.675534,354.5393583999994,983.0,3932.0,1966.0,3932.0,3730.2227279346203,632.675534,632.675534,0.0,VRE120_wind_hvy
19,5079,5079,1,40.48527319999994,40.48527319999994,983.0,3932.0,1966.0,3932.0,3730.2227279346203,40.48527319999994,40.48527319999994,0.0,VRE120_wind_hvy
19,5081,5083,3,298.013143199998,111.20470279999972,983.0,3932.0,1966.0,3932.0,3730.2227279346203,298.013143199998,298.013143199998,0.0,VRE120_wind_hvy
19,5178,5180,3,749.0847175999997,274.7887552000002,983.0,3932.0,1966.0,3932.0,3730.2227279346203,749.0847175999997,749.0847175999997,0.0,VRE120_wind_hvy
19,5391,5393,3,1333.4742247999984,534.7642731999986,983.0,3932.0,1966.0,3932.0,3730.2227279346203,1333.4742247999984,1333.4742247999984,0.0,VRE120_wind_hvy
19,5414,5417,4,1960.3695079999961,797.3098683999997,983.0,3932.0,1966.0,3932.0,3730.2227279346203,1960.3695079999961,1960.3695079999961,0.0,VRE120_wind_hvy
19,5441,5443,3,327.4969091999992,220.9629307999994,983.0,3932.0,1966.0,3932.0,3730.2227279346203,327.4969091999992,327.4969091999992,0.0,VRE120_wind_hvy
19,5511,5511,1,1.5897107999990112,1.5897107999990112,983.0,3932.0,1966.0,3932.0,3730.2227279346203,1.5897107999990112,1.5897107999990112,0.0,VRE120_wind_hvy
19,5514,5515,2,669.5733567999996,374.3920823999997,983.0,3932.0,1966.0,3932.0,3730.2227279346203,669.5733567999996,669.5733567999996,0.0,VRE120_wind_hvy
19,6042,6043,2,153.81290159999935,102.93624,983.0,3932.0,1966.0,3932.0,3730.2227279346203,153.81290159999935,153.81290159999935,0.0,VRE120_wind_hvy
19,6186,6186,1,24.41770639999868,24.41770639999868,983.0,3932.0,1966.0,3932.0,3730.2227279346203,24.41770639999868,24.41770639999868,0.0,VRE120_wind_hvy
20,4219,4220,2,743.2948623999991,455.9215408,983.0,3932.0,1966.0,3932.0,3730.2227279346203,743.2948623999991,743.2948623999991,0.0,VRE120_wind_hvy
20,4242,4243,2,512.1420455999996,262.24422799999957,983.0,3932.0,1966.0,3932.0,3730.2227279346203,512.1420455999996,512.1420455999996,0.0,VRE120_wind_hvy
20,4266,4267,2,303.0994791999974,155.88243039999816,983.0,3932.0,1966.0,3932.0,3730.2227279346203,303.0994791999974,303.0994791999974,0.0,VRE120_wind_hvy
20,4339,4340,2,585.9862647999989,320.0572659999998,983.0,3932.0,1966.0,3932.0,3730.2227279346203,585.9862647999989,585.9862647999989,0.0,VRE120_wind_hvy
20,4410,4412,3,1533.2067691999991,610.3002639999995,983.0,3932.0,1966.0,3932.0,3730.2227279346203,1533.2067691999991,1533.2067691999991,0.0,VRE120_wind_hvy
20,4434,4435,2,265.67868199999793,140.30727039999874,983.0,3932.0,1966.0,3932.0,3730.2227279346203,265.67868199999793,265.67868199999793,0.0,VRE120_wind_hvy
20,4458,4460,3,622.7208751999997,282.33162640000137,983.0,3932.0,1966.0,3932.0,3730.2227279346203,622.7208751999997,622.7208751999997,0.0,VRE120_wind_hvy
20,4506,4508,3,127.92588999999953,87.55883839999933,983.0,3932.0,1966.0,3932.0,3730.2227279346203,127.92588999999953,127.92588999999953,0.0,VRE120_wind_hvy
20,4746,4748,3,1084.8426624000003,467.9917112000003,983.0,3932.0,1966.0,3932.0,3730.2227279346203,1084.8426624000003,1084.8426624000003,0.0,VRE120_wind_hvy
20,4818,4820,3,264.56566439999915,161.14454599999954,983.0,3932.0,1966.0,3932.0,3730.2227279346203,264.56566439999915,264.56566439999915,0.0,VRE120_wind_hvy
20,4866,4866,1,66.06780319999962,66.06780319999962,983.0,3932.0,1966.0,3932.0,3730.2227279346203,66.06780319999962,66.06780319999962,0.0,VRE120_wind_hvy
20,4914,4914,1,148.6708348000002,148.6708348000002,983.0,3932.0,1966.0,3932.0,3730.2227279346203,148.6708348000002,148.6708348000002,0.0,VRE120_wind_hvy
20,4935,4940,6,2272.093506799997,554.7207527999999,983.0,3932.0,1966.0,3932.0,3730.2227279346203,2272.093506799997,2272.093506799997,0.0,VRE120_wind_hvy
20,4962,4964,3,1555.6261784000008,618.0773864000012,983.0,3932.0,1966.0,3932.0,3730.2227279346203,1555.6261784000008,1555.6261784000008,0.0,VRE120_wind_hvy
20,4984,4988,5,2101.508769199998,567.2009067999988,983.0,3932.0,1966.0,3932.0,3730.2227279346203,2101.508769199998,2101.508769199998,0.0,VRE120_wind_hvy
20,5058,5058,1,101.5393583999994,101.5393583999994,983.0,3932.0,1966.0,3932.0,3730.2227279346203,101.5393583999994,101.5393583999994,0.0,VRE120_wind_hvy
20,5226,5227,2,187.04745279999952,151.43549239999993,983.0,3932.0,1966.0,3932.0,3730.2227279346203,187.04745279999952,187.04745279999952,0.0,VRE120_wind_hvy
20,5391,5393,3,1330.4742247999984,533.7642731999986,983.0,3932.0,1966.0,3932.0,3730.2227279346203,1330.4742247999984,1330.4742247999984,0.0,VRE120_wind_hvy
20,5415,5416,2,473.8396907999995,402.3098683999997,983.0,3932.0,1966.0,3932.0,3730.2227279346203,473.8396907999995,473.8396907999995,0.0,VRE120_wind_hvy
20,5921,5922,2,299.1200512000005,174.01727519999986,983.0,3932.0,1966.0,3932.0,3730.2227279346203,299.1200512000005,299.1200512000005,0.0,VRE120_wind_hvy
20,6018,6018,1,22.892143600000054,22.892143600000054,983.0,3932.0,1966.0,3932.0,3730.2227279346203,22.892143600000054,22.892143600000054,0.0,VRE120_wind_hvy
20,6041,6044,4,1099.3980312000003,452.93624,983.0,3932.0,1966.0,3932.0,3730.2227279346203,1099.3980312000003,1099.3980312000003,0.0,VRE120_wind_hvy
20,6066,6066,1,38.510343199998715,38.510343199998715,983.0,3932.0,1966.0,3932.0,3730.2227279346203,38.510343199998715,38.510343199998715,0.0,VRE120_wind_hvy
