Set parameter Username
Academic license - for non-commercial use only - expires 2026-12-09
Set parameter Username
Academic license - for non-commercial use only - expires 2026-12-09
Set parameter Username
Academic license - for non-commercial use only - expires 2026-12-09
Set parameter Username
Academic license - for non-commercial use only - expires 2026-12-09
Set parameter Username
Academic license - for non-commercial use only - expires 2026-12-09
Set parameter Username
Academic license - for non-commercial use only - expires 2026-12-09
Set parameter Username
Academic license - for non-commercial use only - expires 2026-12-09
Set parameter Username
Academic license - for non-commercial use only - expires 2026-12-09
Set parameter Username
Academic license - for non-commercial use only - expires 2026-12-09
Set parameter Username
Academic license - for non-commercial use only - expires 2026-12-09
Set parameter Username
Academic license - for non-commercial use only - expires 2026-12-09
Set parameter Username
Academic license - for non-commercial use only - expires 2026-12-09
Set parameter Username
Academic license - for non-commercial use only - expires 2026-12-09
Set parameter Username
Academic license - for non-commercial use only - expires 2026-12-09
Set parameter Username
Academic license - for non-commercial use only - expires 2026-12-09
Set parameter Username
Academic license - for non-commercial use only - expires 2026-12-09
Set parameter Username
Academic license - for non-commercial use only - expires 2026-12-09
Set parameter Username
Academic license - for non-commercial use only - expires 2026-12-09
Set parameter Username
Academic license - for non-commercial use only - expires 2026-12-09
Set parameter Username
Academic license - for non-commercial use only - expires 2026-12-09
Set parameter Username
Academic license - for non-commercial use only - expires 2026-12-09
Set parameter Username
Academic license - for non-commercial use only - expires 2026-12-09
Set parameter Username
Academic license - for non-commercial use only - expires 2026-12-09
Set parameter Username
Academic license - for non-commercial use only - expires 2026-12-09
Set parameter Username
Academic license - for non-commercial use only - expires 2026-12-09
Set parameter Username
Academic license - for non-commercial use only - expires 2026-12-09
Set parameter Username
Academic license - for non-commercial use only - expires 2026-12-09
Set parameter Username
Academic license - for non-commercial use only - expires 2026-12-09
Set parameter Username
Academic license - for non-commercial use only - expires 2026-12-09
Set parameter Username
Academic license - for non-commercial use only - expires 2026-12-09
Set parameter Username
Academic license - for non-commercial use only - expires 2026-12-09
Set parameter Username
Academic license - for non-commercial use only - expires 2026-12-09
Set parameter Username
Academic license - for non-commercial use only - expires 2026-12-09
Set parameter Username
Academic license - for non-commercial use only - expires 2026-12-09
Set parameter Username
Academic license - for non-commercial use only - expires 2026-12-09
Set parameter Username
Academic license - for non-commercial use only - expires 2026-12-09
Set parameter Username
Academic license - for non-commercial use only - expires 2026-12-09
Set parameter Username
Academic license - for non-commercial use only - expires 2026-12-09
Set parameter Username
Academic license - for non-commercial use only - expires 2026-12-09
Set parameter Username
Academic license - for non-commercial use only - expires 2026-12-09
Set parameter Username
Academic license - for non-commercial use only - expires 2026-12-09
Set parameter Username
Academic license - for non-commercial use only - expires 2026-12-09
Set parameter Username
Academic license - for non-commercial use only - expires 2026-12-09
Set parameter Username
Academic license - for non-commercial use only - expires 2026-12-09
Set parameter Username
Academic license - for non-commercial use only - expires 2026-12-09
Set parameter Username
Academic license - for non-commercial use only - expires 2026-12-09
Set parameter Username
Academic license - for non-commercial use only - expires 2026-12-09
Set parameter Username
Academic license - for non-commercial use only - expires 2026-12-09
Set parameter Username
Academic license - for non-commercial use only - expires 2026-12-09
Set parameter Username
Academic license - for non-commercial use only - expires 2026-12-09
Set parameter Username
Academic license - for non-commercial use only - expires 2026-12-09
Set parameter Username
Academic license - for non-commercial use only - expires 2026-12-09
Set parameter Username
Academic license - for non-commercial use only - expires 2026-12-09
Set parameter Username
Academic license - for non-commercial use only - expires 2026-12-09
Set parameter Username
Academic license - for non-commercial use only - expires 2026-12-09
Set parameter Username
Academic license - for non-commercial use only - expires 2026-12-09
Set parameter Username
Academic license - for non-commercial use only - expires 2026-12-09
Set parameter Username
Academic license - for non-commercial use only - expires 2026-12-09
Set parameter Username
Academic license - for non-commercial use only - expires 2026-12-09
Set parameter Username
Academic license - for non-commercial use only - expires 2026-12-09
Set parameter Username
Academic license - for non-commercial use only - expires 2026-12-09
Set parameter Username
Academic license - for non-commercial use only - expires 2026-12-09
Set parameter Username
Academic license - for non-commercial use only - expires 2026-12-09
Set parameter Username
Academic license - for non-commercial use only - expires 2026-12-09
Set parameter Username
Academic license - for non-commercial use only - expires 2026-12-09
Set parameter Username
Academic license - for non-commercial use only - expires 2026-12-09
Set parameter Username
Academic license - for non-commercial use only - expires 2026-12-09
Set parameter Username
Academic license - for non-commercial use only - expires 2026-12-09
Set parameter Username
Academic license - for non-commercial use only - expires 2026-12-09
Set parameter Username
Academic license - for non-commercial use only - expires 2026-12-09
Set parameter Username
Academic license - for non-commercial use only - expires 2026-12-09
Set parameter Username
Academic license - for non-commercial use only - expires 2026-12-09
Set parameter Username
Academic license - for non-commercial use only - expires 2026-12-09
Set parameter Username
Academic license - for non-commercial use only - expires 2026-12-09
Set parameter Username
Academic license - for non-commercial use only - expires 2026-12-09
Set parameter Username
Academic license - for non-commercial use only - expires 2026-12-09
Set parameter Username
Academic license - for non-commercial use only - expires 2026-12-09
Set parameter Username
Academic license - for non-commercial use only - expires 2026-12-09
Set parameter Username
Academic license - for non-commercial use only - expires 2026-12-09
Set parameter Username
Academic license - for non-commercial use only - expires 2026-12-09
Set parameter Username
Academic license - for non-commercial use only - expires 2026-12-09
Set parameter Username
Academic license - for non-commercial use only - expires 2026-12-09
Set parameter Username
Academic license - for non-commercial use only - expires 2026-12-09
Set parameter Username
Academic license - for non-commercial use only - expires 2026-12-09
Set parameter Username
Academic license - for non-commercial use only - expires 2026-12-09
Set parameter Username
Academic license - for non-commercial use only - expires 2026-12-09
Set parameter Username
Academic license - for non-commercial use only - expires 2026-12-09
Set parameter Username
Academic license - for non-commercial use only - expires 2026-12-09
Set parameter Username
Academic license - for non-commercial use only - expires 2026-12-09
Set parameter Username
Academic license - for non-commercial use only - expires 2026-12-09
Set parameter Username
Academic license - for non-commercial use only - expires 2026-12-09
Set parameter Username
Academic license - for non-commercial use only - expires 2026-12-09
Set parameter Username
Academic license - for non-commercial use only - expires 2026-12-09
Set parameter Username
Academic license - for non-commercial use only - expires 2026-12-09
Set parameter Username
Academic license - for non-commercial use only - expires 2026-12-09
Set parameter Username
Academic license - for non-commercial use only - expires 2026-12-09
Set parameter Username
Academic license - for non-commercial use only - expires 2026-12-09
Set parameter Username
Academic license - for non-commercial use only - expires 2026-12-09
Set parameter Username
Academic license - for non-commercial use only - expires 2026-12-09
Set parameter Username
Academic license - for non-commercial use only - expires 2026-12-09
Set parameter Username
Academic license - for non-commercial use only - expires 2026-12-09
Set parameter Username
Academic license - for non-commercial use only - expires 2026-12-09
Set parameter Username
Academic license - for non-commercial use only - expires 2026-12-09
Set parameter Username
Academic license - for non-commercial use only - expires 2026-12-09
Set parameter Username
Academic license - for non-commercial use only - expires 2026-12-09
Set parameter Username
Academic license - for non-commercial use only - expires 2026-12-09
Set parameter Username
Academic license - for non-commercial use only - expires 2026-12-09
Set parameter Username
Academic license - for non-commercial use only - expires 2026-12-09
Set parameter Username
Academic license - for non-commercial use only - expires 2026-12-09
Set parameter Username
Academic license - for non-commercial use only - expires 2026-12-09
Set parameter Username
Academic license - for non-commercial use only - expires 2026-12-09
Set parameter Username
Academic license - for non-commercial use only - expires 2026-12-09
Set parameter Username
Academic license - for non-commercial use only - expires 2026-12-09
Set parameter Username
Academic license - for non-commercial use only - expires 2026-12-09
Set parameter Username
Academic license - for non-commercial use only - expires 2026-12-09
Set parameter Username
Academic license - for non-commercial use only - expires 2026-12-09
Set parameter Username
Academic license - for non-commercial use only - expires 2026-12-09
Set parameter Username
Academic license - for non-commercial use only - expires 2026-12-09
Set parameter Username
Academic license - for non-commercial use only - expires 2026-12-09
Set parameter Username
Academic license - for non-commercial use only - expires 2026-12-09
Set parameter Username
Academic license - for non-commercial use only - expires 2026-12-09
Set parameter Username
Academic license - for non-commercial use only - expires 2026-12-09
Set parameter Username
Academic license - for non-commercial use only - expires 2026-12-09
Set parameter Username
Academic license - for non-commercial use only - expires 2026-12-09
Set parameter Username
Academic license - for non-commercial use only - expires 2026-12-09
Set parameter Username
Academic license - for non-commercial use only - expires 2026-12-09
Set parameter Username
Academic license - for non-commercial use only - expires 2026-12-09
Set parameter Username
Academic license - for non-commercial use only - expires 2026-12-09
Set parameter Username
Academic license - for non-commercial use only - expires 2026-12-09
Set parameter Username
Academic license - for non-commercial use only - expires 2026-12-09
Set parameter Username
Academic license - for non-commercial use only - expires 2026-12-09
Set parameter Username
Academic license - for non-commercial use only - expires 2026-12-09
Set parameter Username
Academic license - for non-commercial use only - expires 2026-12-09
Set parameter Username
Academic license - for non-commercial use only - expires 2026-12-09
Set parameter Username
Academic license - for non-commercial use only - expires 2026-12-09
Set parameter Username
Academic license - for non-commercial use only - expires 2026-12-09
Set parameter Username
Academic license - for non-commercial use only - expires 2026-12-09
Set parameter Username
Academic license - for non-commercial use only - expires 2026-12-09
Set parameter Username
Academic license - for non-commercial use only - expires 2026-12-09
Set parameter Username
Academic license - for non-commercial use only - expires 2026-12-09
Set parameter Username
Academic license - for non-commercial use only - expires 2026-12-09
Set parameter OptimalityTol to value 0.0001
Set parameter FeasibilityTol to value 1e-06
Set parameter Presolve to value -1
Set parameter AggFill to value 10
Set parameter PreDual to value -1
Set parameter TimeLimit to value 7200
Set parameter MIPGap to value 0.001
Set parameter Method to value 2
Set parameter BarConvTol to value 1e-08
Set parameter NumericFocus to value 0
Set parameter Crossover to value -1
Set parameter OutputFlag to value 1
Set parameter FeasibilityTol to value 1e-06
Set parameter PreDual to value -1
Set parameter Method to value 2
Set parameter Crossover to value -1
Set parameter TimeLimit to value 7200
Set parameter OutputFlag to value 1
Set parameter NumericFocus to value 0
Set parameter MIPGap to value 0.001
Set parameter OptimalityTol to value 0.0001
Set parameter AggFill to value 10
Set parameter BarConvTol to value 1e-08
Set parameter Presolve to value -1
Gurobi Optimizer version 13.0.0 build v13.0.0rc1 (win64 - Windows 10.0 (19045.2))

CPU model: Intel(R) Core(TM) i9-10900K CPU @ 3.70GHz, instruction set [SSE2|AVX|AVX2]
Thread count: 10 physical cores, 20 logical processors, using up to 20 threads

Non-default parameters:
TimeLimit  7200
MIPGap  0.001
OptimalityTol  0.0001
Method  2
AggFill  10

Optimize a model with 2750496 rows, 718473 columns and 4756386 nonzeros (Min)
Model fingerprint: 0x600f1781
Model has 665760 linear objective coefficients
Coefficient statistics:
  Matrix range     [9e-01, 1e+00]
  Objective range  [1e-02, 1e+04]
  Bounds range     [0e+00, 0e+00]
  RHS range        [1e-01, 1e+09]
Presolve removed 2732981 rows and 619399 columns
Presolve time: 1.14s
Presolved: 17515 rows, 99074 columns, 125344 nonzeros

Ordering time: 0.01s

Barrier statistics:
 AA' NZ     : 1.751e+04
 Factor NZ  : 2.538e+05 (roughly 50 MB of memory)
 Factor Ops : 4.757e+06 (less than 1 second per iteration)
 Threads    : 10

                  Objective                Residual
Iter       Primal          Dual         Primal    Dual     Compl     Time
   0   1.68682380e+10 -6.75523928e+11  1.11e+04 2.32e+00  2.19e+07     1s
   1   1.97594844e+09 -3.41331013e+11  5.51e+02 7.28e-11  2.45e+06     1s
   2   1.00398665e+09 -6.88652640e+10  7.65e+00 1.47e-09  3.56e+05     1s
   3   8.96944688e+08 -6.59863238e+09  6.94e-01 1.40e-10  3.79e+04     1s
   4   8.66784978e+08  2.02763626e+08  4.50e-02 2.91e-11  3.35e+03     1s
   5   8.55310249e+08  5.54530618e+08  1.52e-02 2.91e-11  1.52e+03     1s
   6   8.44276088e+08  6.86306976e+08  6.76e-03 2.91e-11  7.97e+02     1s
   7   8.34036019e+08  7.54850232e+08  2.89e-03 1.89e-11  4.00e+02     1s
   8   8.26897122e+08  7.88675762e+08  1.45e-03 1.46e-11  1.93e+02     1s
   9   8.22184153e+08  7.99798775e+08  8.19e-04 2.91e-11  1.13e+02     1s
  10   8.15928143e+08  8.07015979e+08  1.47e-04 1.70e-11  4.50e+01     1s
  11   8.14752585e+08  8.10156545e+08  8.08e-05 2.91e-11  2.32e+01     1s
  12   8.13556123e+08  8.11665246e+08  1.93e-05 1.64e-11  9.54e+00     1s
  13   8.13303312e+08  8.12340101e+08  9.42e-06 2.91e-11  4.86e+00     1s
  14   8.13133041e+08  8.12708520e+08  3.31e-06 2.91e-11  2.14e+00     1s
  15   8.13081209e+08  8.12868098e+08  1.72e-06 2.91e-11  1.08e+00     1s
  16   8.13038500e+08  8.12965595e+08  5.09e-07 2.91e-11  3.68e-01     2s
  17   8.13027917e+08  8.12995213e+08  2.45e-07 2.91e-11  1.65e-01     2s
  18   8.13020581e+08  8.13008918e+08  6.65e-08 2.91e-11  5.89e-02     2s
  19   8.13018315e+08  8.13015015e+08  1.67e-08 2.91e-11  1.67e-02     2s
  20   8.13017546e+08  8.13017157e+08  1.89e-09 4.37e-11  1.97e-03     2s
  21   8.13017437e+08  8.13017356e+08  1.12e-09 2.91e-11  4.07e-04     2s
  22   8.13017419e+08  8.13017419e+08  9.82e-10 2.91e-11  4.21e-06     2s
  23   8.13017419e+08  8.13017419e+08  2.84e-10 4.37e-11  2.31e-09     2s

Barrier solved model in 23 iterations and 1.63 seconds (2.60 work units)
Optimal objective 8.13017419e+08

Crossover log...

    2081 DPushes remaining with DInf 0.0000000e+00                 2s
       0 DPushes remaining with DInf 0.0000000e+00                 2s

    3111 PPushes remaining with PInf 0.0000000e+00                 2s
       0 PPushes remaining with PInf 0.0000000e+00                 2s

  Push phase complete: Pinf 0.0000000e+00, Dinf 3.1334935e-11      2s

Crossover time: 0.03 seconds (0.02 work units)
Iteration    Objective       Primal Inf.    Dual Inf.      Time
    5195    8.1301742e+08   0.000000e+00   0.000000e+00      2s

Solved in 5195 iterations and 2.23 seconds (3.44 work units)
Optimal objective  8.130174188e+08

User-callback calls 199, time in user-callback 0.00 sec
Reading Input_Data Files for PCM mode
No xlsx file found in the directory D:/MIT Dropbox/Shen Wang/MIT/RA/RA_assessment/RAChronoOps/exports/hope_model_cases/RAChronoOps_VRE120_base_perf1mw_s001_ED\Data_RAChronoOps_PCM/, try to read data from .csv files
Reading network
Reading technology
Reading time series
Reading optional gen_availability_timeseries.csv
Reading policies
Reading single parameters
CSV Files Successfully Load From D:/MIT Dropbox/Shen Wang/MIT/RA/RA_assessment/RAChronoOps/exports/hope_model_cases/RAChronoOps_VRE120_base_perf1mw_s001_ED\Data_RAChronoOps_PCM/
Info: PCM will use generator-level AF for 76 generators from gen_availability_timeseries.
Carbon policy constraints are disabled (carbon_policy = 0).


Model mode: PCM

Termination_status= OPTIMAL

Primal_status= FEASIBLE_POINT



Objective_value= 8.130174188141993e8

Operation_cost= 7.95422640679733e8

Load_shedding= 1.7594778133961312e7

RPS_requirement Dict{InlineStrings.String3, Float64}("Z1" => 0.0)

RPSPenalty= 0

CarbonCapPenalty= 0

CarbonCapEmissions= Tuple{InlineStrings.String3, Float64}[("RTS", 0.0)]

Solving time: 12.460000038146973
HOPE model (PCM mode) is successfully solved!
No compatible power-balance duals found for configured network_model=0; skipping power price output.
Generating summary analysis tables in D:/MIT Dropbox/Shen Wang/MIT/RA/RA_assessment/RAChronoOps/exports/hope_model_cases/RAChronoOps_VRE120_base_perf1mw_s001_ED\output_tmp_1779924412\Analysis ...
Write solved results in the folder D:/MIT Dropbox/Shen Wang/MIT/RA/RA_assessment/RAChronoOps/exports/hope_model_cases/RAChronoOps_VRE120_base_perf1mw_s001_ED\output DONE!
Set parameter Username
Academic license - for non-commercial use only - expires 2026-12-09
Set parameter OptimalityTol to value 0.0001
Set parameter FeasibilityTol to value 1e-06
Set parameter Presolve to value -1
Set parameter AggFill to value 10
Set parameter PreDual to value -1
Set parameter TimeLimit to value 7200
Set parameter MIPGap to value 0.001
Set parameter Method to value 2
Set parameter BarConvTol to value 1e-08
Set parameter NumericFocus to value 0
Set parameter Crossover to value -1
Set parameter OutputFlag to value 1
Set parameter FeasibilityTol to value 1e-06
Set parameter PreDual to value -1
Set parameter Method to value 2
Set parameter Crossover to value -1
Set parameter TimeLimit to value 7200
Set parameter OutputFlag to value 1
Set parameter NumericFocus to value 0
Set parameter MIPGap to value 0.001
Set parameter OptimalityTol to value 0.0001
Set parameter AggFill to value 10
Set parameter BarConvTol to value 1e-08
Set parameter Presolve to value -1
Gurobi Optimizer version 13.0.0 build v13.0.0rc1 (win64 - Windows 10.0 (19045.2))

CPU model: Intel(R) Core(TM) i9-10900K CPU @ 3.70GHz, instruction set [SSE2|AVX|AVX2]
Thread count: 10 physical cores, 20 logical processors, using up to 20 threads

Non-default parameters:
TimeLimit  7200
MIPGap  0.001
OptimalityTol  0.0001
Method  2
AggFill  10

Optimize a model with 2750496 rows, 718473 columns and 4756386 nonzeros (Min)
Model fingerprint: 0xfa0eabba
Model has 665760 linear objective coefficients
Coefficient statistics:
  Matrix range     [9e-01, 1e+00]
  Objective range  [1e-02, 1e+04]
  Bounds range     [0e+00, 0e+00]
  RHS range        [1e-01, 1e+09]
Presolve removed 2732980 rows and 618688 columns
Presolve time: 1.11s
Presolved: 17516 rows, 99785 columns, 126057 nonzeros

Ordering time: 0.01s

Barrier statistics:
 AA' NZ     : 1.751e+04
 Factor NZ  : 2.242e+05 (roughly 50 MB of memory)
 Factor Ops : 3.579e+06 (less than 1 second per iteration)
 Threads    : 10

                  Objective                Residual
Iter       Primal          Dual         Primal    Dual     Compl     Time
   0   1.88507960e+10 -6.05038343e+11  1.12e+04 2.94e+00  1.97e+07     1s
   1   2.07938191e+09 -3.05644813e+11  5.73e+02 5.82e-11  2.21e+06     1s
   2   1.03549580e+09 -6.49414944e+10  8.48e+00 7.42e-10  3.34e+05     1s
   3   9.15069596e+08 -5.07693985e+09  7.87e-01 8.73e-11  3.01e+04     1s
   4   8.84882701e+08  1.11727643e+08  6.10e-02 2.91e-11  3.87e+03     1s
   5   8.75583783e+08  5.32159452e+08  2.60e-02 2.91e-11  1.72e+03     1s
   6   8.65596112e+08  6.82228268e+08  1.34e-02 2.91e-11  9.19e+02     1s
   7   8.51124502e+08  7.64189966e+08  5.61e-03 1.87e-11  4.36e+02     1s
   8   8.42614755e+08  8.04838631e+08  2.79e-03 2.91e-11  1.89e+02     1s
   9   8.36611980e+08  8.17704761e+08  1.25e-03 2.91e-11  9.47e+01     1s
  10   8.31907097e+08  8.24494356e+08  3.78e-04 2.91e-11  3.71e+01     1s
  11   8.30513252e+08  8.26891667e+08  1.80e-04 2.91e-11  1.81e+01     1s
  12   8.29649837e+08  8.28064621e+08  6.63e-05 2.91e-11  7.94e+00     1s
  13   8.29410400e+08  8.28535485e+08  3.79e-05 2.91e-11  4.38e+00     1s
  14   8.29196728e+08  8.28825284e+08  1.41e-05 2.91e-11  1.86e+00     1s
  15   8.29117415e+08  8.28935306e+08  5.89e-06 1.90e-11  9.13e-01     1s
  16   8.29076147e+08  8.29008045e+08  1.85e-06 2.91e-11  3.41e-01     1s
  17   8.29063200e+08  8.29032007e+08  7.26e-07 2.91e-11  1.56e-01     1s
  18   8.29056693e+08  8.29046444e+08  1.62e-07 1.49e-11  5.14e-02     1s
  19   8.29055290e+08  8.29051640e+08  6.35e-08 2.91e-11  1.83e-02     1s
  20   8.29054368e+08  8.29054032e+08  7.64e-09 2.91e-11  1.68e-03     2s
  21   8.29054247e+08  8.29054158e+08  1.81e-09 2.91e-11  4.48e-04     2s
  22   8.29054209e+08  8.29054205e+08  4.75e-10 4.37e-11  2.19e-05     2s
  23   8.29054207e+08  8.29054207e+08  5.74e-10 2.91e-11  1.88e-07     2s
  24   8.29054207e+08  8.29054207e+08  9.68e-11 2.91e-11  2.33e-10     2s

Barrier solved model in 24 iterations and 1.59 seconds (2.61 work units)
Optimal objective 8.29054207e+08

Crossover log...

    2022 DPushes remaining with DInf 0.0000000e+00                 2s
       0 DPushes remaining with DInf 0.0000000e+00                 2s

    3164 PPushes remaining with PInf 0.0000000e+00                 2s
       0 PPushes remaining with PInf 0.0000000e+00                 2s

  Push phase complete: Pinf 0.0000000e+00, Dinf 3.4475534e-11      2s

Crossover time: 0.03 seconds (0.02 work units)
Iteration    Objective       Primal Inf.    Dual Inf.      Time
    5189    8.2905421e+08   0.000000e+00   0.000000e+00      2s

Solved in 5189 iterations and 2.18 seconds (3.46 work units)
Optimal objective  8.290542065e+08

User-callback calls 193, time in user-callback 0.00 sec
Reading Input_Data Files for PCM mode
No xlsx file found in the directory D:/MIT Dropbox/Shen Wang/MIT/RA/RA_assessment/RAChronoOps/exports/hope_model_cases/RAChronoOps_VRE120_base_perf1mw_s002_ED\Data_RAChronoOps_PCM/, try to read data from .csv files
Reading network
Reading technology
Reading time series
Reading optional gen_availability_timeseries.csv
Reading policies
Reading single parameters
CSV Files Successfully Load From D:/MIT Dropbox/Shen Wang/MIT/RA/RA_assessment/RAChronoOps/exports/hope_model_cases/RAChronoOps_VRE120_base_perf1mw_s002_ED\Data_RAChronoOps_PCM/
Info: PCM will use generator-level AF for 76 generators from gen_availability_timeseries.
Carbon policy constraints are disabled (carbon_policy = 0).


Model mode: PCM

Termination_status= OPTIMAL

Primal_status= FEASIBLE_POINT



Objective_value= 8.290542065276328e8

Operation_cost= 8.039914600457939e8

Load_shedding= 2.506274648130753e7

RPS_requirement Dict{InlineStrings.String3, Float64}("Z1" => 0.0)

RPSPenalty= 0

CarbonCapPenalty= 0

CarbonCapEmissions= Tuple{InlineStrings.String3, Float64}[("RTS", 0.0)]

Solving time: 13.818000078201294
HOPE model (PCM mode) is successfully solved!
No compatible power-balance duals found for configured network_model=0; skipping power price output.
Generating summary analysis tables in D:/MIT Dropbox/Shen Wang/MIT/RA/RA_assessment/RAChronoOps/exports/hope_model_cases/RAChronoOps_VRE120_base_perf1mw_s002_ED\output_tmp_1779924527\Analysis ...
Write solved results in the folder D:/MIT Dropbox/Shen Wang/MIT/RA/RA_assessment/RAChronoOps/exports/hope_model_cases/RAChronoOps_VRE120_base_perf1mw_s002_ED\output DONE!
Set parameter Username
Academic license - for non-commercial use only - expires 2026-12-09
Set parameter OptimalityTol to value 0.0001
Set parameter FeasibilityTol to value 1e-06
Set parameter Presolve to value -1
Set parameter AggFill to value 10
Set parameter PreDual to value -1
Set parameter TimeLimit to value 7200
Set parameter MIPGap to value 0.001
Set parameter Method to value 2
Set parameter BarConvTol to value 1e-08
Set parameter NumericFocus to value 0
Set parameter Crossover to value -1
Set parameter OutputFlag to value 1
Set parameter FeasibilityTol to value 1e-06
Set parameter PreDual to value -1
Set parameter Method to value 2
Set parameter Crossover to value -1
Set parameter TimeLimit to value 7200
Set parameter OutputFlag to value 1
Set parameter NumericFocus to value 0
Set parameter MIPGap to value 0.001
Set parameter OptimalityTol to value 0.0001
Set parameter AggFill to value 10
Set parameter BarConvTol to value 1e-08
Set parameter Presolve to value -1
Gurobi Optimizer version 13.0.0 build v13.0.0rc1 (win64 - Windows 10.0 (19045.2))

CPU model: Intel(R) Core(TM) i9-10900K CPU @ 3.70GHz, instruction set [SSE2|AVX|AVX2]
Thread count: 10 physical cores, 20 logical processors, using up to 20 threads

Non-default parameters:
TimeLimit  7200
MIPGap  0.001
OptimalityTol  0.0001
Method  2
AggFill  10

Optimize a model with 2750496 rows, 718473 columns and 4756386 nonzeros (Min)
Model fingerprint: 0xee27e92d
Model has 665760 linear objective coefficients
Coefficient statistics:
  Matrix range     [9e-01, 1e+00]
  Objective range  [1e-02, 1e+04]
  Bounds range     [0e+00, 0e+00]
  RHS range        [1e-01, 1e+09]
Presolve removed 2732980 rows and 618829 columns
Presolve time: 1.12s
Presolved: 17516 rows, 99644 columns, 125916 nonzeros

Ordering time: 0.01s

Barrier statistics:
 AA' NZ     : 1.751e+04
 Factor NZ  : 2.539e+05 (roughly 50 MB of memory)
 Factor Ops : 4.760e+06 (less than 1 second per iteration)
 Threads    : 10

                  Objective                Residual
Iter       Primal          Dual         Primal    Dual     Compl     Time
   0   1.76980063e+10 -5.86574143e+11  1.12e+04 2.94e+00  1.91e+07     1s
   1   2.04706451e+09 -2.96520898e+11  6.16e+02 5.82e-11  2.19e+06     1s
   2   1.01618939e+09 -6.71101878e+10  1.07e+01 1.56e-09  3.47e+05     1s
   3   8.96163163e+08 -4.60827437e+09  7.86e-01 1.16e-10  2.76e+04     1s
   4   8.75538464e+08  1.25560975e+08  7.27e-02 4.37e-11  3.76e+03     1s
   5   8.66676961e+08  5.31886395e+08  3.25e-02 2.91e-11  1.68e+03     1s
   6   8.56346057e+08  6.59866375e+08  1.63e-02 2.91e-11  9.86e+02     1s
   7   8.45641270e+08  7.53496282e+08  7.14e-03 2.91e-11  4.62e+02     1s
   8   8.35789976e+08  7.95655569e+08  2.91e-03 2.91e-11  2.01e+02     1s
   9   8.30367676e+08  8.07074697e+08  1.54e-03 2.91e-11  1.17e+02     1s
  10   8.24015980e+08  8.14282792e+08  2.53e-04 2.91e-11  4.88e+01     1s
  11   8.22720375e+08  8.17992942e+08  1.25e-04 2.91e-11  2.37e+01     1s
  12   8.21724671e+08  8.19557709e+08  4.02e-05 2.91e-11  1.09e+01     1s
  13   8.21463032e+08  8.20392426e+08  2.16e-05 2.91e-11  5.37e+00     1s
  14   8.21273524e+08  8.20807043e+08  9.13e-06 2.91e-11  2.34e+00     1s
  15   8.21185169e+08  8.20927269e+08  3.94e-06 2.91e-11  1.29e+00     1s
  16   8.21130459e+08  8.21032173e+08  8.68e-07 2.91e-11  4.93e-01     1s
  17   8.21119266e+08  8.21075835e+08  3.63e-07 2.91e-11  2.18e-01     2s
  18   8.21113721e+08  8.21102506e+08  1.23e-07 2.91e-11  5.63e-02     2s
  19   8.21111317e+08  8.21108044e+08  2.86e-08 2.91e-11  1.64e-02     2s
  20   8.21110480e+08  8.21110090e+08  2.62e-09 2.91e-11  1.96e-03     2s
  21   8.21110395e+08  8.21110297e+08  6.66e-10 2.91e-11  4.88e-04     2s
  22   8.21110368e+08  8.21110366e+08  1.27e-09 2.91e-11  8.74e-06     2s
  23   8.21110367e+08  8.21110367e+08  4.61e-10 2.91e-11  3.01e-08     2s
  24   8.21110367e+08  8.21110367e+08  4.26e-10 2.91e-11  7.20e-11     2s

Barrier solved model in 24 iterations and 1.65 seconds (2.62 work units)
Optimal objective 8.21110367e+08

Crossover log...

    2093 DPushes remaining with DInf 0.0000000e+00                 2s
       0 DPushes remaining with DInf 0.0000000e+00                 2s

    3106 PPushes remaining with PInf 0.0000000e+00                 2s
       0 PPushes remaining with PInf 0.0000000e+00                 2s

  Push phase complete: Pinf 0.0000000e+00, Dinf 4.7037929e-11      2s

Crossover time: 0.04 seconds (0.02 work units)
Iteration    Objective       Primal Inf.    Dual Inf.      Time
    5202    8.2111037e+08   0.000000e+00   0.000000e+00      2s

Solved in 5202 iterations and 2.20 seconds (3.46 work units)
Optimal objective  8.211103666e+08

User-callback calls 202, time in user-callback 0.00 sec
Reading Input_Data Files for PCM mode
No xlsx file found in the directory D:/MIT Dropbox/Shen Wang/MIT/RA/RA_assessment/RAChronoOps/exports/hope_model_cases/RAChronoOps_VRE120_base_perf1mw_s003_ED\Data_RAChronoOps_PCM/, try to read data from .csv files
Reading network
Reading technology
Reading time series
Reading optional gen_availability_timeseries.csv
Reading policies
Reading single parameters
CSV Files Successfully Load From D:/MIT Dropbox/Shen Wang/MIT/RA/RA_assessment/RAChronoOps/exports/hope_model_cases/RAChronoOps_VRE120_base_perf1mw_s003_ED\Data_RAChronoOps_PCM/
Info: PCM will use generator-level AF for 76 generators from gen_availability_timeseries.
Carbon policy constraints are disabled (carbon_policy = 0).


Model mode: PCM

Termination_status= OPTIMAL

Primal_status= FEASIBLE_POINT



Objective_value= 8.21110366632666e8

Operation_cost= 7.96129990598218e8

Load_shedding= 2.4980376033961322e7

RPS_requirement Dict{InlineStrings.String3, Float64}("Z1" => 0.0)

RPSPenalty= 0

CarbonCapPenalty= 0

CarbonCapEmissions= Tuple{InlineStrings.String3, Float64}[("RTS", 0.0)]

Solving time: 12.53000020980835
HOPE model (PCM mode) is successfully solved!
No compatible power-balance duals found for configured network_model=0; skipping power price output.
Generating summary analysis tables in D:/MIT Dropbox/Shen Wang/MIT/RA/RA_assessment/RAChronoOps/exports/hope_model_cases/RAChronoOps_VRE120_base_perf1mw_s003_ED\output_tmp_1779924643\Analysis ...
Warning: Failed to rename temporary output directory into place (attempt 1/5): IOError: rm("D:/MIT Dropbox/Shen Wang/MIT/RA/RA_assessment/RAChronoOps/exports/hope_model_cases/RAChronoOps_VRE120_base_perf1mw_s003_ED\\output_tmp_1779924643\\Analysis"): resource busy or locked (EBUSY)
Retrying in 2 seconds... (close any open CSV/Excel files or pause Dropbox sync)
Warning: Temporary output rename reported a filesystem lock, but 'D:/MIT Dropbox/Shen Wang/MIT/RA/RA_assessment/RAChronoOps/exports/hope_model_cases/RAChronoOps_VRE120_base_perf1mw_s003_ED\output' already contains analysis outputs.
Continuing with 'D:/MIT Dropbox/Shen Wang/MIT/RA/RA_assessment/RAChronoOps/exports/hope_model_cases/RAChronoOps_VRE120_base_perf1mw_s003_ED\output' and leaving 'D:/MIT Dropbox/Shen Wang/MIT/RA/RA_assessment/RAChronoOps/exports/hope_model_cases/RAChronoOps_VRE120_base_perf1mw_s003_ED\output_tmp_1779924643' for later cleanup if needed.
Write solved results in the folder D:/MIT Dropbox/Shen Wang/MIT/RA/RA_assessment/RAChronoOps/exports/hope_model_cases/RAChronoOps_VRE120_base_perf1mw_s003_ED\output DONE!
Set parameter Username
Academic license - for non-commercial use only - expires 2026-12-09
Set parameter OptimalityTol to value 0.0001
Set parameter FeasibilityTol to value 1e-06
Set parameter Presolve to value -1
Set parameter AggFill to value 10
Set parameter PreDual to value -1
Set parameter TimeLimit to value 7200
Set parameter MIPGap to value 0.001
Set parameter Method to value 2
Set parameter BarConvTol to value 1e-08
Set parameter NumericFocus to value 0
Set parameter Crossover to value -1
Set parameter OutputFlag to value 1
Set parameter FeasibilityTol to value 1e-06
Set parameter PreDual to value -1
Set parameter Method to value 2
Set parameter Crossover to value -1
Set parameter TimeLimit to value 7200
Set parameter OutputFlag to value 1
Set parameter NumericFocus to value 0
Set parameter MIPGap to value 0.001
Set parameter OptimalityTol to value 0.0001
Set parameter AggFill to value 10
Set parameter BarConvTol to value 1e-08
Set parameter Presolve to value -1
Gurobi Optimizer version 13.0.0 build v13.0.0rc1 (win64 - Windows 10.0 (19045.2))

CPU model: Intel(R) Core(TM) i9-10900K CPU @ 3.70GHz, instruction set [SSE2|AVX|AVX2]
Thread count: 10 physical cores, 20 logical processors, using up to 20 threads

Non-default parameters:
TimeLimit  7200
MIPGap  0.001
OptimalityTol  0.0001
Method  2
AggFill  10

Optimize a model with 2750496 rows, 718473 columns and 4756386 nonzeros (Min)
Model fingerprint: 0x766857c4
Model has 665760 linear objective coefficients
Coefficient statistics:
  Matrix range     [9e-01, 1e+00]
  Objective range  [1e-02, 1e+04]
  Bounds range     [0e+00, 0e+00]
  RHS range        [1e-01, 1e+09]
Presolve removed 2732987 rows and 618703 columns
Presolve time: 1.11s
Presolved: 17509 rows, 99770 columns, 126028 nonzeros

Ordering time: 0.01s

Barrier statistics:
 AA' NZ     : 1.751e+04
 Factor NZ  : 2.538e+05 (roughly 50 MB of memory)
 Factor Ops : 4.756e+06 (less than 1 second per iteration)
 Threads    : 10

                  Objective                Residual
Iter       Primal          Dual         Primal    Dual     Compl     Time
   0   1.87193673e+10 -6.55438619e+11  1.12e+04 2.14e+00  2.13e+07     1s
   1   2.23726451e+09 -3.31368060e+11  5.77e+02 7.28e-11  2.40e+06     1s
   2   1.13448063e+09 -6.86393367e+10  1.17e+01 4.95e-10  3.55e+05     1s
   3   9.53451255e+08 -5.92862581e+09  1.51e+00 1.09e-10  3.46e+04     1s
   4   9.24579574e+08  4.18155650e+08  1.08e-01 2.91e-11  2.54e+03     1s
   5   9.15001561e+08  6.35881739e+08  6.04e-02 2.91e-11  1.40e+03     1s
   6   9.05098631e+08  7.34476588e+08  3.44e-02 2.91e-11  8.55e+02     1s
   7   8.91943375e+08  7.95112771e+08  1.69e-02 1.46e-11  4.85e+02     1s
   8   8.83512688e+08  8.30408925e+08  8.16e-03 2.91e-11  2.66e+02     1s
   9   8.78209647e+08  8.48441484e+08  4.35e-03 2.09e-11  1.49e+02     1s
  10   8.75736013e+08  8.59051086e+08  3.00e-03 2.91e-11  8.36e+01     1s
  11   8.71783948e+08  8.63546230e+08  1.23e-03 2.91e-11  4.13e+01     1s
  12   8.70069797e+08  8.65736783e+08  6.11e-04 1.86e-11  2.17e+01     1s
  13   8.69238963e+08  8.66945064e+08  3.42e-04 1.97e-11  1.15e+01     1s
  14   8.68539686e+08  8.67579574e+08  1.24e-04 2.91e-11  4.81e+00     1s
  15   8.68335781e+08  8.67842713e+08  6.60e-05 1.66e-11  2.47e+00     1s
  16   8.68197698e+08  8.67982414e+08  2.81e-05 2.91e-11  1.08e+00     1s
  17   8.68143247e+08  8.68035002e+08  1.40e-05 2.91e-11  5.42e-01     2s
  18   8.68110898e+08  8.68066277e+08  5.83e-06 2.91e-11  2.24e-01     2s
  19   8.68098256e+08  8.68078811e+08  2.71e-06 2.91e-11  9.75e-02     2s
  20   8.68089580e+08  8.68084038e+08  6.71e-07 2.91e-11  2.78e-02     2s
  21   8.68087578e+08  8.68085799e+08  2.21e-07 2.91e-11  8.91e-03     2s
  22   8.68086643e+08  8.68086377e+08  2.30e-08 2.91e-11  1.33e-03     2s
  23   8.68086537e+08  8.68086488e+08  5.72e-09 2.91e-11  2.46e-04     2s
  24   8.68086515e+08  8.68086515e+08  2.10e-09 2.91e-11  2.40e-06     2s
  25   8.68086515e+08  8.68086515e+08  4.68e-10 2.91e-11  1.27e-10     2s

Barrier solved model in 25 iterations and 1.67 seconds (2.63 work units)
Optimal objective 8.68086515e+08

Crossover log...

    2076 DPushes remaining with DInf 0.0000000e+00                 2s
       0 DPushes remaining with DInf 0.0000000e+00                 2s

    3080 PPushes remaining with PInf 0.0000000e+00                 2s
       0 PPushes remaining with PInf 0.0000000e+00                 2s

  Push phase complete: Pinf 0.0000000e+00, Dinf 4.8515858e-11      2s

Crossover time: 0.04 seconds (0.02 work units)
Iteration    Objective       Primal Inf.    Dual Inf.      Time
    5159    8.6808652e+08   0.000000e+00   0.000000e+00      2s

Solved in 5159 iterations and 2.26 seconds (3.48 work units)
Optimal objective  8.680865150e+08

User-callback calls 219, time in user-callback 0.00 sec
Reading Input_Data Files for PCM mode
No xlsx file found in the directory D:/MIT Dropbox/Shen Wang/MIT/RA/RA_assessment/RAChronoOps/exports/hope_model_cases/RAChronoOps_VRE120_base_perf1mw_s004_ED\Data_RAChronoOps_PCM/, try to read data from .csv files
Reading network
Reading technology
Reading time series
Reading optional gen_availability_timeseries.csv
Reading policies
Reading single parameters
CSV Files Successfully Load From D:/MIT Dropbox/Shen Wang/MIT/RA/RA_assessment/RAChronoOps/exports/hope_model_cases/RAChronoOps_VRE120_base_perf1mw_s004_ED\Data_RAChronoOps_PCM/
Info: PCM will use generator-level AF for 76 generators from gen_availability_timeseries.
Carbon policy constraints are disabled (carbon_policy = 0).


Model mode: PCM

Termination_status= OPTIMAL

Primal_status= FEASIBLE_POINT



Objective_value= 8.680865150469283e8

Operation_cost= 7.983556036797965e8

Load_shedding= 6.973091136661506e7

RPS_requirement Dict{InlineStrings.String3, Float64}("Z1" => 0.0)

RPSPenalty= 0

CarbonCapPenalty= 0

CarbonCapEmissions= Tuple{InlineStrings.String3, Float64}[("RTS", 0.0)]

Solving time: 10.743000030517578
HOPE model (PCM mode) is successfully solved!
No compatible power-balance duals found for configured network_model=0; skipping power price output.
Generating summary analysis tables in D:/MIT Dropbox/Shen Wang/MIT/RA/RA_assessment/RAChronoOps/exports/hope_model_cases/RAChronoOps_VRE120_base_perf1mw_s004_ED\output_tmp_1779924759\Analysis ...
Warning: Failed to rename temporary output directory into place (attempt 1/5): IOError: rm("D:/MIT Dropbox/Shen Wang/MIT/RA/RA_assessment/RAChronoOps/exports/hope_model_cases/RAChronoOps_VRE120_base_perf1mw_s004_ED\\output_tmp_1779924759\\Analysis"): resource busy or locked (EBUSY)
Retrying in 2 seconds... (close any open CSV/Excel files or pause Dropbox sync)
Warning: Temporary output rename reported a filesystem lock, but 'D:/MIT Dropbox/Shen Wang/MIT/RA/RA_assessment/RAChronoOps/exports/hope_model_cases/RAChronoOps_VRE120_base_perf1mw_s004_ED\output' already contains analysis outputs.
Continuing with 'D:/MIT Dropbox/Shen Wang/MIT/RA/RA_assessment/RAChronoOps/exports/hope_model_cases/RAChronoOps_VRE120_base_perf1mw_s004_ED\output' and leaving 'D:/MIT Dropbox/Shen Wang/MIT/RA/RA_assessment/RAChronoOps/exports/hope_model_cases/RAChronoOps_VRE120_base_perf1mw_s004_ED\output_tmp_1779924759' for later cleanup if needed.
Write solved results in the folder D:/MIT Dropbox/Shen Wang/MIT/RA/RA_assessment/RAChronoOps/exports/hope_model_cases/RAChronoOps_VRE120_base_perf1mw_s004_ED\output DONE!
Set parameter Username
Academic license - for non-commercial use only - expires 2026-12-09
Set parameter OptimalityTol to value 0.0001
Set parameter FeasibilityTol to value 1e-06
Set parameter Presolve to value -1
Set parameter AggFill to value 10
Set parameter PreDual to value -1
Set parameter TimeLimit to value 7200
Set parameter MIPGap to value 0.001
Set parameter Method to value 2
Set parameter BarConvTol to value 1e-08
Set parameter NumericFocus to value 0
Set parameter Crossover to value -1
Set parameter OutputFlag to value 1
Set parameter FeasibilityTol to value 1e-06
Set parameter PreDual to value -1
Set parameter Method to value 2
Set parameter Crossover to value -1
Set parameter TimeLimit to value 7200
Set parameter OutputFlag to value 1
Set parameter NumericFocus to value 0
Set parameter MIPGap to value 0.001
Set parameter OptimalityTol to value 0.0001
Set parameter AggFill to value 10
Set parameter BarConvTol to value 1e-08
Set parameter Presolve to value -1
Gurobi Optimizer version 13.0.0 build v13.0.0rc1 (win64 - Windows 10.0 (19045.2))

CPU model: Intel(R) Core(TM) i9-10900K CPU @ 3.70GHz, instruction set [SSE2|AVX|AVX2]
Thread count: 10 physical cores, 20 logical processors, using up to 20 threads

Non-default parameters:
TimeLimit  7200
MIPGap  0.001
OptimalityTol  0.0001
Method  2
AggFill  10

Optimize a model with 2750496 rows, 718473 columns and 4756386 nonzeros (Min)
Model fingerprint: 0x37489d76
Model has 665760 linear objective coefficients
Coefficient statistics:
  Matrix range     [9e-01, 1e+00]
  Objective range  [1e-02, 1e+04]
  Bounds range     [0e+00, 0e+00]
  RHS range        [1e-01, 1e+09]
Presolve removed 2732992 rows and 618522 columns
Presolve time: 1.11s
Presolved: 17504 rows, 99951 columns, 126199 nonzeros

Ordering time: 0.01s

Barrier statistics:
 AA' NZ     : 1.750e+04
 Factor NZ  : 2.536e+05 (roughly 50 MB of memory)
 Factor Ops : 4.752e+06 (less than 1 second per iteration)
 Threads    : 10

                  Objective                Residual
Iter       Primal          Dual         Primal    Dual     Compl     Time
   0   1.84925491e+10 -6.91455062e+11  1.12e+04 2.94e+00  2.25e+07     1s
   1   2.36998300e+09 -3.49637265e+11  5.76e+02 7.28e-11  2.53e+06     1s
   2   1.19921601e+09 -6.99478536e+10  1.14e+01 3.64e-10  3.62e+05     1s
   3   9.92577084e+08 -4.58145035e+09  1.44e+00 9.46e-11  2.79e+04     1s
   4   9.54002431e+08  2.08243596e+08  2.12e-01 2.91e-11  3.73e+03     1s
   5   9.39407441e+08  6.18669292e+08  6.50e-02 2.91e-11  1.60e+03     1s
   6   9.27434166e+08  7.49666649e+08  3.53e-02 2.91e-11  8.89e+02     1s
   7   9.17755317e+08  8.23204568e+08  1.72e-02 2.21e-11  4.73e+02     1s
   8   9.09405860e+08  8.63609577e+08  7.81e-03 2.91e-11  2.29e+02     1s
   9   9.03606172e+08  8.79572096e+08  3.74e-03 1.92e-11  1.20e+02     1s
  10   8.97814369e+08  8.87091799e+08  1.02e-03 2.91e-11  5.36e+01     1s
  11   8.96325990e+08  8.90604515e+08  5.07e-04 2.91e-11  2.86e+01     1s
  12   8.95357619e+08  8.92985382e+08  2.06e-04 2.91e-11  1.19e+01     1s
  13   8.94942363e+08  8.93785697e+08  9.81e-05 2.91e-11  5.79e+00     1s
  14   8.94741117e+08  8.94157607e+08  4.98e-05 2.91e-11  2.92e+00     1s
  15   8.94624370e+08  8.94340675e+08  2.35e-05 2.91e-11  1.42e+00     1s
  16   8.94560215e+08  8.94447216e+08  9.72e-06 2.91e-11  5.65e-01     1s
  17   8.94528646e+08  8.94481008e+08  3.46e-06 2.91e-11  2.38e-01     2s
  18   8.94515753e+08  8.94500043e+08  1.08e-06 2.91e-11  7.86e-02     2s
  19   8.94512686e+08  8.94505859e+08  5.18e-07 1.76e-11  3.42e-02     2s
  20   8.94510128e+08  8.94509288e+08  6.20e-08 2.91e-11  4.20e-03     2s
  21   8.94509819e+08  8.94509566e+08  1.59e-08 2.91e-11  1.27e-03     2s
  22   8.94509715e+08  8.94509696e+08  2.65e-09 2.91e-11  9.55e-05     2s
  23   8.94509703e+08  8.94509703e+08  1.52e-09 2.91e-11  2.90e-06     2s
  24   8.94509703e+08  8.94509703e+08  1.08e-09 2.91e-11  2.90e-09     2s

Barrier solved model in 24 iterations and 1.63 seconds (2.62 work units)
Optimal objective 8.94509703e+08

Crossover log...

    2004 DPushes remaining with DInf 0.0000000e+00                 2s
       0 DPushes remaining with DInf 0.0000000e+00                 2s

    3145 PPushes remaining with PInf 0.0000000e+00                 2s
       0 PPushes remaining with PInf 0.0000000e+00                 2s

  Push phase complete: Pinf 0.0000000e+00, Dinf 5.5564442e-11      2s

Crossover time: 0.04 seconds (0.02 work units)
Iteration    Objective       Primal Inf.    Dual Inf.      Time
    5152    8.9450970e+08   0.000000e+00   0.000000e+00      2s

Solved in 5152 iterations and 2.22 seconds (3.46 work units)
Optimal objective  8.945097030e+08

User-callback calls 204, time in user-callback 0.00 sec
Reading Input_Data Files for PCM mode
No xlsx file found in the directory D:/MIT Dropbox/Shen Wang/MIT/RA/RA_assessment/RAChronoOps/exports/hope_model_cases/RAChronoOps_VRE120_base_perf1mw_s005_ED\Data_RAChronoOps_PCM/, try to read data from .csv files
Reading network
Reading technology
Reading time series
Reading optional gen_availability_timeseries.csv
Reading policies
Reading single parameters
CSV Files Successfully Load From D:/MIT Dropbox/Shen Wang/MIT/RA/RA_assessment/RAChronoOps/exports/hope_model_cases/RAChronoOps_VRE120_base_perf1mw_s005_ED\Data_RAChronoOps_PCM/
Info: PCM will use generator-level AF for 76 generators from gen_availability_timeseries.
Carbon policy constraints are disabled (carbon_policy = 0).


Model mode: PCM

Termination_status= OPTIMAL

Primal_status= FEASIBLE_POINT



Objective_value= 8.945097029850572e8

Operation_cost= 7.978561283166437e8

Load_shedding= 9.665357466792262e7

RPS_requirement Dict{InlineStrings.String3, Float64}("Z1" => 0.0)

RPSPenalty= 0

CarbonCapPenalty= 0

CarbonCapEmissions= Tuple{InlineStrings.String3, Float64}[("RTS", 0.0)]

Solving time: 11.439000129699707
HOPE model (PCM mode) is successfully solved!
No compatible power-balance duals found for configured network_model=0; skipping power price output.
Generating summary analysis tables in D:/MIT Dropbox/Shen Wang/MIT/RA/RA_assessment/RAChronoOps/exports/hope_model_cases/RAChronoOps_VRE120_base_perf1mw_s005_ED\output_tmp_1779924879\Analysis ...
Warning: Failed to rename temporary output directory into place (attempt 1/5): IOError: rm("D:/MIT Dropbox/Shen Wang/MIT/RA/RA_assessment/RAChronoOps/exports/hope_model_cases/RAChronoOps_VRE120_base_perf1mw_s005_ED\\output_tmp_1779924879\\Analysis"): resource busy or locked (EBUSY)
Retrying in 2 seconds... (close any open CSV/Excel files or pause Dropbox sync)
Warning: Temporary output rename reported a filesystem lock, but 'D:/MIT Dropbox/Shen Wang/MIT/RA/RA_assessment/RAChronoOps/exports/hope_model_cases/RAChronoOps_VRE120_base_perf1mw_s005_ED\output' already contains analysis outputs.
Continuing with 'D:/MIT Dropbox/Shen Wang/MIT/RA/RA_assessment/RAChronoOps/exports/hope_model_cases/RAChronoOps_VRE120_base_perf1mw_s005_ED\output' and leaving 'D:/MIT Dropbox/Shen Wang/MIT/RA/RA_assessment/RAChronoOps/exports/hope_model_cases/RAChronoOps_VRE120_base_perf1mw_s005_ED\output_tmp_1779924879' for later cleanup if needed.
Write solved results in the folder D:/MIT Dropbox/Shen Wang/MIT/RA/RA_assessment/RAChronoOps/exports/hope_model_cases/RAChronoOps_VRE120_base_perf1mw_s005_ED\output DONE!
Set parameter Username
Academic license - for non-commercial use only - expires 2026-12-09
Set parameter OptimalityTol to value 0.0001
Set parameter FeasibilityTol to value 1e-06
Set parameter Presolve to value -1
Set parameter AggFill to value 10
Set parameter PreDual to value -1
Set parameter TimeLimit to value 7200
Set parameter MIPGap to value 0.001
Set parameter Method to value 2
Set parameter BarConvTol to value 1e-08
Set parameter NumericFocus to value 0
Set parameter Crossover to value -1
Set parameter OutputFlag to value 1
Set parameter FeasibilityTol to value 1e-06
Set parameter PreDual to value -1
Set parameter Method to value 2
Set parameter Crossover to value -1
Set parameter TimeLimit to value 7200
Set parameter OutputFlag to value 1
Set parameter NumericFocus to value 0
Set parameter MIPGap to value 0.001
Set parameter OptimalityTol to value 0.0001
Set parameter AggFill to value 10
Set parameter BarConvTol to value 1e-08
Set parameter Presolve to value -1
Gurobi Optimizer version 13.0.0 build v13.0.0rc1 (win64 - Windows 10.0 (19045.2))

CPU model: Intel(R) Core(TM) i9-10900K CPU @ 3.70GHz, instruction set [SSE2|AVX|AVX2]
Thread count: 10 physical cores, 20 logical processors, using up to 20 threads

Non-default parameters:
TimeLimit  7200
MIPGap  0.001
OptimalityTol  0.0001
Method  2
AggFill  10

Optimize a model with 2750496 rows, 718473 columns and 4756386 nonzeros (Min)
Model fingerprint: 0xc384cb78
Model has 665760 linear objective coefficients
Coefficient statistics:
  Matrix range     [9e-01, 1e+00]
  Objective range  [1e-02, 1e+04]
  Bounds range     [0e+00, 0e+00]
  RHS range        [1e-01, 1e+09]
Presolve removed 2732988 rows and 618954 columns
Presolve time: 1.10s
Presolved: 17508 rows, 99519 columns, 125775 nonzeros

Ordering time: 0.01s

Barrier statistics:
 AA' NZ     : 1.751e+04
 Factor NZ  : 2.537e+05 (roughly 50 MB of memory)
 Factor Ops : 4.755e+06 (less than 1 second per iteration)
 Threads    : 10

                  Objective                Residual
Iter       Primal          Dual         Primal    Dual     Compl     Time
   0   1.78066601e+10 -6.07252331e+11  1.12e+04 2.94e+00  1.98e+07     1s
   1   2.08813609e+09 -3.06966482e+11  5.96e+02 5.82e-11  2.25e+06     1s
   2   1.05384740e+09 -6.55789438e+10  8.39e+00 4.80e-10  3.39e+05     1s
   3   9.54814701e+08 -4.84377122e+09  3.52e-01 7.64e-11  2.91e+04     1s
   4   9.26840589e+08  1.58255460e+08  2.12e-02 7.28e-11  3.86e+03     1s
   5   9.17120162e+08  5.12865144e+08  7.77e-03 2.91e-11  2.03e+03     1s
   6   9.10252780e+08  6.51983245e+08  4.68e-03 2.91e-11  1.30e+03     1s
   7   8.99101758e+08  7.43702433e+08  1.70e-03 2.91e-11  7.81e+02     1s
   8   8.91774411e+08  8.04835324e+08  7.88e-04 2.91e-11  4.37e+02     1s
   9   8.85916884e+08  8.42126512e+08  3.80e-04 4.37e-11  2.20e+02     1s
  10   8.78182951e+08  8.58817927e+08  6.14e-05 2.91e-11  9.73e+01     1s
  11   8.75986274e+08  8.66806162e+08  2.79e-05 4.37e-11  4.61e+01     1s
  12   8.74383326e+08  8.70013429e+08  9.14e-06 2.91e-11  2.20e+01     1s
  13   8.73787295e+08  8.71862208e+08  3.71e-06 2.91e-11  9.67e+00     1s
  14   8.73453923e+08  8.72776309e+08  1.00e-06 2.91e-11  3.40e+00     1s
  15   8.73362740e+08  8.73019344e+08  4.20e-07 1.73e-11  1.73e+00     1s
  16   8.73315335e+08  8.73174833e+08  1.49e-07 2.91e-11  7.06e-01     1s
  17   8.73301020e+08  8.73237063e+08  8.01e-08 2.91e-11  3.21e-01     2s
  18   8.73289524e+08  8.73260088e+08  2.73e-08 1.68e-11  1.48e-01     2s
  19   8.73285742e+08  8.73275049e+08  1.07e-08 2.91e-11  5.37e-02     2s
  20   8.73282886e+08  8.73281790e+08  1.60e-09 2.91e-11  5.51e-03     2s
  21   8.73282630e+08  8.73282359e+08  1.15e-09 4.37e-11  1.36e-03     2s
  22   8.73282568e+08  8.73282559e+08  1.41e-09 2.91e-11  4.60e-05     2s
  23   8.73282565e+08  8.73282565e+08  1.05e-09 2.91e-11  6.12e-07     2s
  24   8.73282565e+08  8.73282565e+08  8.33e-10 2.91e-11  6.12e-10     2s

Barrier solved model in 24 iterations and 1.65 seconds (2.62 work units)
Optimal objective 8.73282565e+08

Crossover log...

    2075 DPushes remaining with DInf 0.0000000e+00                 2s
       0 DPushes remaining with DInf 0.0000000e+00                 2s

    3093 PPushes remaining with PInf 0.0000000e+00                 2s
       0 PPushes remaining with PInf 0.0000000e+00                 2s

  Push phase complete: Pinf 0.0000000e+00, Dinf 6.9064754e-11      2s

Crossover time: 0.04 seconds (0.02 work units)
Iteration    Objective       Primal Inf.    Dual Inf.      Time
    5171    8.7328256e+08   0.000000e+00   0.000000e+00      2s

Solved in 5171 iterations and 2.26 seconds (3.46 work units)
Optimal objective  8.732825649e+08

User-callback calls 204, time in user-callback 0.00 sec
Reading Input_Data Files for PCM mode
No xlsx file found in the directory D:/MIT Dropbox/Shen Wang/MIT/RA/RA_assessment/RAChronoOps/exports/hope_model_cases/RAChronoOps_VRE120_base_perf1mw_s006_ED\Data_RAChronoOps_PCM/, try to read data from .csv files
Reading network
Reading technology
Reading time series
Reading optional gen_availability_timeseries.csv
Reading policies
Reading single parameters
CSV Files Successfully Load From D:/MIT Dropbox/Shen Wang/MIT/RA/RA_assessment/RAChronoOps/exports/hope_model_cases/RAChronoOps_VRE120_base_perf1mw_s006_ED\Data_RAChronoOps_PCM/
Info: PCM will use generator-level AF for 76 generators from gen_availability_timeseries.
Carbon policy constraints are disabled (carbon_policy = 0).


Model mode: PCM

Termination_status= OPTIMAL

Primal_status= FEASIBLE_POINT



Objective_value= 8.732825648798971e8

Operation_cost= 7.911941863767767e8

Load_shedding= 8.208837850261517e7

RPS_requirement Dict{InlineStrings.String3, Float64}("Z1" => 0.0)

RPSPenalty= 0

CarbonCapPenalty= 0

CarbonCapEmissions= Tuple{InlineStrings.String3, Float64}[("RTS", 0.0)]

Solving time: 13.704999923706055
HOPE model (PCM mode) is successfully solved!
No compatible power-balance duals found for configured network_model=0; skipping power price output.
Generating summary analysis tables in D:/MIT Dropbox/Shen Wang/MIT/RA/RA_assessment/RAChronoOps/exports/hope_model_cases/RAChronoOps_VRE120_base_perf1mw_s006_ED\output_tmp_1779924997\Analysis ...
Warning: Failed to rename temporary output directory into place (attempt 1/5): IOError: rm("D:/MIT Dropbox/Shen Wang/MIT/RA/RA_assessment/RAChronoOps/exports/hope_model_cases/RAChronoOps_VRE120_base_perf1mw_s006_ED\\output_tmp_1779924997\\Analysis"): resource busy or locked (EBUSY)
Retrying in 2 seconds... (close any open CSV/Excel files or pause Dropbox sync)
Warning: Temporary output rename reported a filesystem lock, but 'D:/MIT Dropbox/Shen Wang/MIT/RA/RA_assessment/RAChronoOps/exports/hope_model_cases/RAChronoOps_VRE120_base_perf1mw_s006_ED\output' already contains analysis outputs.
Continuing with 'D:/MIT Dropbox/Shen Wang/MIT/RA/RA_assessment/RAChronoOps/exports/hope_model_cases/RAChronoOps_VRE120_base_perf1mw_s006_ED\output' and leaving 'D:/MIT Dropbox/Shen Wang/MIT/RA/RA_assessment/RAChronoOps/exports/hope_model_cases/RAChronoOps_VRE120_base_perf1mw_s006_ED\output_tmp_1779924997' for later cleanup if needed.
Write solved results in the folder D:/MIT Dropbox/Shen Wang/MIT/RA/RA_assessment/RAChronoOps/exports/hope_model_cases/RAChronoOps_VRE120_base_perf1mw_s006_ED\output DONE!
Set parameter Username
Academic license - for non-commercial use only - expires 2026-12-09
Set parameter OptimalityTol to value 0.0001
Set parameter FeasibilityTol to value 1e-06
Set parameter Presolve to value -1
Set parameter AggFill to value 10
Set parameter PreDual to value -1
Set parameter TimeLimit to value 7200
Set parameter MIPGap to value 0.001
Set parameter Method to value 2
Set parameter BarConvTol to value 1e-08
Set parameter NumericFocus to value 0
Set parameter Crossover to value -1
Set parameter OutputFlag to value 1
Set parameter FeasibilityTol to value 1e-06
Set parameter PreDual to value -1
Set parameter Method to value 2
Set parameter Crossover to value -1
Set parameter TimeLimit to value 7200
Set parameter OutputFlag to value 1
Set parameter NumericFocus to value 0
Set parameter MIPGap to value 0.001
Set parameter OptimalityTol to value 0.0001
Set parameter AggFill to value 10
Set parameter BarConvTol to value 1e-08
Set parameter Presolve to value -1
Gurobi Optimizer version 13.0.0 build v13.0.0rc1 (win64 - Windows 10.0 (19045.2))

CPU model: Intel(R) Core(TM) i9-10900K CPU @ 3.70GHz, instruction set [SSE2|AVX|AVX2]
Thread count: 10 physical cores, 20 logical processors, using up to 20 threads

Non-default parameters:
TimeLimit  7200
MIPGap  0.001
OptimalityTol  0.0001
Method  2
AggFill  10

Optimize a model with 2750496 rows, 718473 columns and 4756386 nonzeros (Min)
Model fingerprint: 0x27537add
Model has 665760 linear objective coefficients
Coefficient statistics:
  Matrix range     [9e-01, 1e+00]
  Objective range  [1e-02, 1e+04]
  Bounds range     [0e+00, 0e+00]
  RHS range        [1e-01, 1e+09]
Presolve removed 2732979 rows and 619273 columns
Presolve time: 1.12s
Presolved: 17517 rows, 99200 columns, 125474 nonzeros

Ordering time: 0.01s

Barrier statistics:
 AA' NZ     : 1.752e+04
 Factor NZ  : 2.539e+05 (roughly 50 MB of memory)
 Factor Ops : 4.760e+06 (less than 1 second per iteration)
 Threads    : 10

                  Objective                Residual
Iter       Primal          Dual         Primal    Dual     Compl     Time
   0   1.71092293e+10 -1.16644263e+11  1.08e+04 1.82e-12  3.82e+06     1s
   1   2.51493203e+09 -5.83694610e+10  1.06e+03 2.91e-11  5.49e+05     1s
   2   1.15057727e+09 -2.00936015e+10  1.74e+02 2.91e-11  1.29e+05     1s
   3   9.26963909e+08 -1.60594530e+09  4.44e+01 1.02e-10  1.37e+04     1s
   4   8.97428725e+08  1.33381046e+08  2.83e+01 1.16e-10  3.99e+03     1s
   5   8.59087061e+08  5.13421514e+08  1.06e+01 4.66e-10  1.76e+03     1s
   6   8.40026609e+08  6.15220309e+08  5.64e+00 4.37e-10  1.14e+03     1s
   7   8.25781538e+08  7.43139945e+08  2.21e+00 3.93e-10  4.16e+02     1s
   8   8.15762991e+08  7.78701556e+08  9.56e-01 8.88e-10  1.86e+02     1s
   9   8.09479647e+08  7.91983911e+08  3.84e-01 5.09e-10  8.80e+01     1s
  10   8.05844582e+08  7.99105408e+08  1.28e-01 7.42e-10  3.39e+01     1s
  11   8.04441150e+08  8.01546244e+08  5.11e-02 6.55e-10  1.46e+01     1s
  12   8.03787552e+08  8.02675064e+08  1.94e-02 4.07e-10  5.60e+00     1s
  13   8.03583695e+08  8.03010275e+08  1.05e-02 5.24e-10  2.88e+00     1s
  14   8.03408270e+08  8.03165219e+08  3.26e-03 5.82e-10  1.22e+00     1s
  15   8.03356397e+08  8.03237214e+08  1.31e-03 5.53e-10  6.00e-01     1s
  16   8.03330771e+08  8.03290960e+08  3.68e-04 6.26e-10  2.00e-01     1s
  17   8.03323406e+08  8.03309785e+08  1.47e-04 3.35e-10  6.86e-02     1s
  18   8.03319521e+08  8.03315895e+08  3.25e-05 3.35e-10  1.83e-02     2s
  19   8.03318599e+08  8.03317472e+08  8.22e-06 1.75e-10  5.68e-03     2s
  20   8.03318232e+08  8.03318143e+08  5.82e-07 2.04e-10  4.47e-04     2s
  21   8.03318196e+08  8.03318178e+08  1.24e-07 7.28e-11  9.28e-05     2s
  22   8.03318186e+08  8.03318185e+08  2.80e-09 1.02e-10  1.54e-06     2s
  23   8.03318186e+08  8.03318186e+08  9.77e-10 2.91e-11  1.46e-11     2s

Barrier solved model in 23 iterations and 1.60 seconds (2.60 work units)
Optimal objective 8.03318186e+08

Crossover log...

    2044 DPushes remaining with DInf 0.0000000e+00                 2s
       0 DPushes remaining with DInf 0.0000000e+00                 2s

    3097 PPushes remaining with PInf 0.0000000e+00                 2s
       0 PPushes remaining with PInf 0.0000000e+00                 2s

  Push phase complete: Pinf 0.0000000e+00, Dinf 3.3665515e-11      2s

Crossover time: 0.03 seconds (0.02 work units)
Iteration    Objective       Primal Inf.    Dual Inf.      Time
    5144    8.0331819e+08   0.000000e+00   0.000000e+00      2s

Solved in 5144 iterations and 2.17 seconds (3.44 work units)
Optimal objective  8.033181855e+08

User-callback calls 198, time in user-callback 0.00 sec
Reading Input_Data Files for PCM mode
No xlsx file found in the directory D:/MIT Dropbox/Shen Wang/MIT/RA/RA_assessment/RAChronoOps/exports/hope_model_cases/RAChronoOps_VRE120_base_perf1mw_s007_ED\Data_RAChronoOps_PCM/, try to read data from .csv files
Reading network
Reading technology
Reading time series
Reading optional gen_availability_timeseries.csv
Reading policies
Reading single parameters
CSV Files Successfully Load From D:/MIT Dropbox/Shen Wang/MIT/RA/RA_assessment/RAChronoOps/exports/hope_model_cases/RAChronoOps_VRE120_base_perf1mw_s007_ED\Data_RAChronoOps_PCM/
Info: PCM will use generator-level AF for 76 generators from gen_availability_timeseries.
Carbon policy constraints are disabled (carbon_policy = 0).


Model mode: PCM

Termination_status= OPTIMAL

Primal_status= FEASIBLE_POINT



Objective_value= 8.033181855221355e8

Operation_cost= 7.96772415003645e8

Load_shedding= 6.545770517961244e6

RPS_requirement Dict{InlineStrings.String3, Float64}("Z1" => 0.0)

RPSPenalty= 0

CarbonCapPenalty= 0

CarbonCapEmissions= Tuple{InlineStrings.String3, Float64}[("RTS", 0.0)]

Solving time: 10.805999994277954
HOPE model (PCM mode) is successfully solved!
No compatible power-balance duals found for configured network_model=0; skipping power price output.
Generating summary analysis tables in D:/MIT Dropbox/Shen Wang/MIT/RA/RA_assessment/RAChronoOps/exports/hope_model_cases/RAChronoOps_VRE120_base_perf1mw_s007_ED\output_tmp_1779925117\Analysis ...
Warning: Failed to rename temporary output directory into place (attempt 1/5): IOError: rm("D:/MIT Dropbox/Shen Wang/MIT/RA/RA_assessment/RAChronoOps/exports/hope_model_cases/RAChronoOps_VRE120_base_perf1mw_s007_ED\\output_tmp_1779925117\\Analysis"): resource busy or locked (EBUSY)
Retrying in 2 seconds... (close any open CSV/Excel files or pause Dropbox sync)
Warning: Temporary output rename reported a filesystem lock, but 'D:/MIT Dropbox/Shen Wang/MIT/RA/RA_assessment/RAChronoOps/exports/hope_model_cases/RAChronoOps_VRE120_base_perf1mw_s007_ED\output' already contains analysis outputs.
Continuing with 'D:/MIT Dropbox/Shen Wang/MIT/RA/RA_assessment/RAChronoOps/exports/hope_model_cases/RAChronoOps_VRE120_base_perf1mw_s007_ED\output' and leaving 'D:/MIT Dropbox/Shen Wang/MIT/RA/RA_assessment/RAChronoOps/exports/hope_model_cases/RAChronoOps_VRE120_base_perf1mw_s007_ED\output_tmp_1779925117' for later cleanup if needed.
Write solved results in the folder D:/MIT Dropbox/Shen Wang/MIT/RA/RA_assessment/RAChronoOps/exports/hope_model_cases/RAChronoOps_VRE120_base_perf1mw_s007_ED\output DONE!
Set parameter Username
Academic license - for non-commercial use only - expires 2026-12-09
Set parameter OptimalityTol to value 0.0001
Set parameter FeasibilityTol to value 1e-06
Set parameter Presolve to value -1
Set parameter AggFill to value 10
Set parameter PreDual to value -1
Set parameter TimeLimit to value 7200
Set parameter MIPGap to value 0.001
Set parameter Method to value 2
Set parameter BarConvTol to value 1e-08
Set parameter NumericFocus to value 0
Set parameter Crossover to value -1
Set parameter OutputFlag to value 1
Set parameter FeasibilityTol to value 1e-06
Set parameter PreDual to value -1
Set parameter Method to value 2
Set parameter Crossover to value -1
Set parameter TimeLimit to value 7200
Set parameter OutputFlag to value 1
Set parameter NumericFocus to value 0
Set parameter MIPGap to value 0.001
Set parameter OptimalityTol to value 0.0001
Set parameter AggFill to value 10
Set parameter BarConvTol to value 1e-08
Set parameter Presolve to value -1
Gurobi Optimizer version 13.0.0 build v13.0.0rc1 (win64 - Windows 10.0 (19045.2))

CPU model: Intel(R) Core(TM) i9-10900K CPU @ 3.70GHz, instruction set [SSE2|AVX|AVX2]
Thread count: 10 physical cores, 20 logical processors, using up to 20 threads

Non-default parameters:
TimeLimit  7200
MIPGap  0.001
OptimalityTol  0.0001
Method  2
AggFill  10

Optimize a model with 2750496 rows, 718473 columns and 4756386 nonzeros (Min)
Model fingerprint: 0x00ad63ad
Model has 665760 linear objective coefficients
Coefficient statistics:
  Matrix range     [9e-01, 1e+00]
  Objective range  [1e-02, 1e+04]
  Bounds range     [0e+00, 0e+00]
  RHS range        [1e-01, 1e+09]
Presolve removed 2732979 rows and 619448 columns
Presolve time: 1.11s
Presolved: 17517 rows, 99025 columns, 125299 nonzeros

Ordering time: 0.01s

Barrier statistics:
 AA' NZ     : 1.752e+04
 Factor NZ  : 2.539e+05 (roughly 50 MB of memory)
 Factor Ops : 4.760e+06 (less than 1 second per iteration)
 Threads    : 10

                  Objective                Residual
Iter       Primal          Dual         Primal    Dual     Compl     Time
   0   1.65028431e+10 -1.16598845e+11  1.10e+04 1.82e-12  3.81e+06     1s
   1   2.14576201e+09 -5.83149141e+10  8.75e+02 2.91e-11  4.99e+05     1s
   2   1.02389271e+09 -1.84907897e+10  1.05e+02 2.91e-11  1.11e+05     1s
   3   8.57038861e+08  5.16326779e+07  5.52e+00 8.00e-11  4.10e+03     1s
   4   8.34328217e+08  5.77936249e+08  8.04e-01 2.91e-11  1.29e+03     1s
   5   8.22986328e+08  7.01536694e+08  4.21e-01 1.46e-11  6.13e+02     1s
   6   8.12734580e+08  7.60991905e+08  1.88e-01 2.91e-11  2.61e+02     1s
   7   8.04026831e+08  7.78357133e+08  8.51e-02 1.46e-11  1.29e+02     1s
   8   8.00005949e+08  7.86303774e+08  4.50e-02 2.91e-11  6.91e+01     1s
   9   7.97479814e+08  7.90454379e+08  2.39e-02 2.91e-11  3.54e+01     1s
  10   7.95408363e+08  7.92615752e+08  8.98e-03 1.46e-11  1.41e+01     1s
  11   7.94762136e+08  7.93219202e+08  4.79e-03 2.91e-11  7.78e+00     1s
  12   7.94286057e+08  7.93715603e+08  1.81e-03 2.91e-11  2.88e+00     1s
  13   7.94121349e+08  7.93821456e+08  8.55e-04 1.46e-11  1.51e+00     1s
  14   7.94006034e+08  7.93908633e+08  2.05e-04 2.91e-11  4.91e-01     1s
  15   7.93985392e+08  7.93939620e+08  1.00e-04 2.91e-11  2.31e-01     1s
  16   7.93971238e+08  7.93958162e+08  2.96e-05 2.91e-11  6.60e-02     1s
  17   7.93968173e+08  7.93961329e+08  1.60e-05 1.46e-11  3.45e-02     1s
  18   7.93965178e+08  7.93964040e+08  3.04e-06 2.91e-11  5.74e-03     1s
  19   7.93964578e+08  7.93964277e+08  6.29e-07 2.91e-11  1.52e-03     2s
  20   7.93964420e+08  7.93964401e+08  3.64e-08 2.91e-11  9.23e-05     2s
  21   7.93964406e+08  7.93964406e+08  2.43e-09 2.91e-11  1.67e-06     2s
  22   7.93964406e+08  7.93964406e+08  9.25e-10 2.91e-11  1.67e-09     2s

Barrier solved model in 22 iterations and 1.57 seconds (2.58 work units)
Optimal objective 7.93964406e+08

Crossover log...

    2095 DPushes remaining with DInf 0.0000000e+00                 2s
       0 DPushes remaining with DInf 0.0000000e+00                 2s

    3054 PPushes remaining with PInf 0.0000000e+00                 2s
       0 PPushes remaining with PInf 0.0000000e+00                 2s

  Push phase complete: Pinf 0.0000000e+00, Dinf 9.9618092e-12      2s

Crossover time: 0.03 seconds (0.02 work units)
Iteration    Objective       Primal Inf.    Dual Inf.      Time
    5152    7.9396441e+08   0.000000e+00   0.000000e+00      2s

Solved in 5152 iterations and 2.21 seconds (3.43 work units)
Optimal objective  7.939644061e+08

User-callback calls 195, time in user-callback 0.00 sec
Reading Input_Data Files for PCM mode
No xlsx file found in the directory D:/MIT Dropbox/Shen Wang/MIT/RA/RA_assessment/RAChronoOps/exports/hope_model_cases/RAChronoOps_VRE120_base_perf1mw_s008_ED\Data_RAChronoOps_PCM/, try to read data from .csv files
Reading network
Reading technology
Reading time series
Reading optional gen_availability_timeseries.csv
Reading policies
Reading single parameters
CSV Files Successfully Load From D:/MIT Dropbox/Shen Wang/MIT/RA/RA_assessment/RAChronoOps/exports/hope_model_cases/RAChronoOps_VRE120_base_perf1mw_s008_ED\Data_RAChronoOps_PCM/
Info: PCM will use generator-level AF for 76 generators from gen_availability_timeseries.
Carbon policy constraints are disabled (carbon_policy = 0).


Model mode: PCM

Termination_status= OPTIMAL

Primal_status= FEASIBLE_POINT



Objective_value= 7.939644061117852e8

Operation_cost= 7.93964406111258e8

Load_shedding= 0.0

RPS_requirement Dict{InlineStrings.String3, Float64}("Z1" => 0.0)

RPSPenalty= 0

CarbonCapPenalty= 0

CarbonCapEmissions= Tuple{InlineStrings.String3, Float64}[("RTS", 0.0)]

Solving time: 12.361999988555908
HOPE model (PCM mode) is successfully solved!
No compatible power-balance duals found for configured network_model=0; skipping power price output.
Generating summary analysis tables in D:/MIT Dropbox/Shen Wang/MIT/RA/RA_assessment/RAChronoOps/exports/hope_model_cases/RAChronoOps_VRE120_base_perf1mw_s008_ED\output_tmp_1779925238\Analysis ...
Warning: Failed to rename temporary output directory into place (attempt 1/5): IOError: rm("D:/MIT Dropbox/Shen Wang/MIT/RA/RA_assessment/RAChronoOps/exports/hope_model_cases/RAChronoOps_VRE120_base_perf1mw_s008_ED\\output_tmp_1779925238\\Analysis"): resource busy or locked (EBUSY)
Retrying in 2 seconds... (close any open CSV/Excel files or pause Dropbox sync)
Warning: Temporary output rename reported a filesystem lock, but 'D:/MIT Dropbox/Shen Wang/MIT/RA/RA_assessment/RAChronoOps/exports/hope_model_cases/RAChronoOps_VRE120_base_perf1mw_s008_ED\output' already contains analysis outputs.
Continuing with 'D:/MIT Dropbox/Shen Wang/MIT/RA/RA_assessment/RAChronoOps/exports/hope_model_cases/RAChronoOps_VRE120_base_perf1mw_s008_ED\output' and leaving 'D:/MIT Dropbox/Shen Wang/MIT/RA/RA_assessment/RAChronoOps/exports/hope_model_cases/RAChronoOps_VRE120_base_perf1mw_s008_ED\output_tmp_1779925238' for later cleanup if needed.
Write solved results in the folder D:/MIT Dropbox/Shen Wang/MIT/RA/RA_assessment/RAChronoOps/exports/hope_model_cases/RAChronoOps_VRE120_base_perf1mw_s008_ED\output DONE!
Set parameter Username
Academic license - for non-commercial use only - expires 2026-12-09
Set parameter OptimalityTol to value 0.0001
Set parameter FeasibilityTol to value 1e-06
Set parameter Presolve to value -1
Set parameter AggFill to value 10
Set parameter PreDual to value -1
Set parameter TimeLimit to value 7200
Set parameter MIPGap to value 0.001
Set parameter Method to value 2
Set parameter BarConvTol to value 1e-08
Set parameter NumericFocus to value 0
Set parameter Crossover to value -1
Set parameter OutputFlag to value 1
Set parameter FeasibilityTol to value 1e-06
Set parameter PreDual to value -1
Set parameter Method to value 2
Set parameter Crossover to value -1
Set parameter TimeLimit to value 7200
Set parameter OutputFlag to value 1
Set parameter NumericFocus to value 0
Set parameter MIPGap to value 0.001
Set parameter OptimalityTol to value 0.0001
Set parameter AggFill to value 10
Set parameter BarConvTol to value 1e-08
Set parameter Presolve to value -1
Gurobi Optimizer version 13.0.0 build v13.0.0rc1 (win64 - Windows 10.0 (19045.2))

CPU model: Intel(R) Core(TM) i9-10900K CPU @ 3.70GHz, instruction set [SSE2|AVX|AVX2]
Thread count: 10 physical cores, 20 logical processors, using up to 20 threads

Non-default parameters:
TimeLimit  7200
MIPGap  0.001
OptimalityTol  0.0001
Method  2
AggFill  10

Optimize a model with 2750496 rows, 718473 columns and 4756386 nonzeros (Min)
Model fingerprint: 0x983e885a
Model has 665760 linear objective coefficients
Coefficient statistics:
  Matrix range     [9e-01, 1e+00]
  Objective range  [1e-02, 1e+04]
  Bounds range     [0e+00, 0e+00]
  RHS range        [1e-01, 1e+09]
Presolve removed 2732979 rows and 619255 columns
Presolve time: 1.10s
Presolved: 17517 rows, 99218 columns, 125492 nonzeros

Ordering time: 0.01s

Barrier statistics:
 AA' NZ     : 1.752e+04
 Factor NZ  : 2.539e+05 (roughly 50 MB of memory)
 Factor Ops : 4.760e+06 (less than 1 second per iteration)
 Threads    : 10

                  Objective                Residual
Iter       Primal          Dual         Primal    Dual     Compl     Time
   0   1.55952126e+10 -1.16495870e+11  1.10e+04 1.82e-12  3.81e+06     1s
   1   1.60930786e+09 -5.83659699e+10  5.43e+02 2.91e-11  4.23e+05     1s
   2   9.19954445e+08 -1.30690205e+10  5.11e+01 9.91e-11  7.48e+04     1s
   3   8.37536366e+08  1.00299910e+08  1.44e-02 2.91e-11  3.72e+03     1s
   4   8.22521155e+08  4.95220732e+08  2.28e-03 2.91e-11  1.65e+03     1s
   5   8.09759440e+08  6.85492700e+08  8.54e-04 4.37e-11  6.26e+02     1s
   6   8.00935899e+08  7.52362413e+08  3.79e-04 2.91e-11  2.45e+02     1s
   7   7.94254773e+08  7.70748092e+08  1.81e-04 1.46e-11  1.18e+02     1s
   8   7.89384432e+08  7.78126435e+08  7.82e-05 1.46e-11  5.67e+01     1s
   9   7.86859958e+08  7.81412502e+08  3.77e-05 1.46e-11  2.75e+01     1s
  10   7.85098470e+08  7.82866586e+08  1.16e-05 1.46e-11  1.12e+01     1s
  11   7.84711388e+08  7.83558515e+08  6.48e-06 1.46e-11  5.81e+00     1s
  12   7.84360712e+08  7.83906696e+08  2.03e-06 2.91e-11  2.29e+00     1s
  13   7.84263936e+08  7.84014456e+08  9.38e-07 1.46e-11  1.26e+00     1s
  14   7.84201837e+08  7.84130081e+08  2.61e-07 2.91e-11  3.62e-01     1s
  15   7.84188268e+08  7.84153569e+08  1.27e-07 2.91e-11  1.75e-01     1s
  16   7.84178318e+08  7.84167212e+08  3.62e-08 2.91e-11  5.60e-02     1s
  17   7.84176293e+08  7.84171684e+08  1.84e-08 2.91e-11  2.32e-02     1s
  18   7.84174242e+08  7.84173611e+08  3.83e-09 2.91e-11  3.18e-03     2s
  19   7.84174031e+08  7.84173895e+08  2.53e-09 2.91e-11  6.82e-04     2s
  20   7.84173986e+08  7.84173983e+08  1.65e-09 2.91e-11  1.46e-05     2s
  21   7.84173985e+08  7.84173985e+08  1.35e-09 2.91e-11  1.08e-09     2s

Barrier solved model in 21 iterations and 1.55 seconds (2.56 work units)
Optimal objective 7.84173985e+08

Crossover log...

    2030 DPushes remaining with DInf 0.0000000e+00                 2s
       0 DPushes remaining with DInf 0.0000000e+00                 2s

    3151 PPushes remaining with PInf 0.0000000e+00                 2s
       0 PPushes remaining with PInf 0.0000000e+00                 2s

  Push phase complete: Pinf 0.0000000e+00, Dinf 8.4412477e-12      2s

Crossover time: 0.04 seconds (0.02 work units)
Iteration    Objective       Primal Inf.    Dual Inf.      Time
    5184    7.8417398e+08   0.000000e+00   0.000000e+00      2s

Solved in 5184 iterations and 2.15 seconds (3.40 work units)
Optimal objective  7.841739848e+08

User-callback calls 141, time in user-callback 0.00 sec
Reading Input_Data Files for PCM mode
No xlsx file found in the directory D:/MIT Dropbox/Shen Wang/MIT/RA/RA_assessment/RAChronoOps/exports/hope_model_cases/RAChronoOps_VRE120_base_perf1mw_s009_ED\Data_RAChronoOps_PCM/, try to read data from .csv files
Reading network
Reading technology
Reading time series
Reading optional gen_availability_timeseries.csv
Reading policies
Reading single parameters
CSV Files Successfully Load From D:/MIT Dropbox/Shen Wang/MIT/RA/RA_assessment/RAChronoOps/exports/hope_model_cases/RAChronoOps_VRE120_base_perf1mw_s009_ED\Data_RAChronoOps_PCM/
Info: PCM will use generator-level AF for 76 generators from gen_availability_timeseries.
Carbon policy constraints are disabled (carbon_policy = 0).


Model mode: PCM

Termination_status= OPTIMAL

Primal_status= FEASIBLE_POINT



Objective_value= 7.841739847883601e8

Operation_cost= 7.841739847878387e8

Load_shedding= 0.0

RPS_requirement Dict{InlineStrings.String3, Float64}("Z1" => 0.0)

RPSPenalty= 0

CarbonCapPenalty= 0

CarbonCapEmissions= Tuple{InlineStrings.String3, Float64}[("RTS", 0.0)]

Solving time: 12.028000116348267
HOPE model (PCM mode) is successfully solved!
No compatible power-balance duals found for configured network_model=0; skipping power price output.
Generating summary analysis tables in D:/MIT Dropbox/Shen Wang/MIT/RA/RA_assessment/RAChronoOps/exports/hope_model_cases/RAChronoOps_VRE120_base_perf1mw_s009_ED\output_tmp_1779925357\Analysis ...
Write solved results in the folder D:/MIT Dropbox/Shen Wang/MIT/RA/RA_assessment/RAChronoOps/exports/hope_model_cases/RAChronoOps_VRE120_base_perf1mw_s009_ED\output DONE!
Set parameter Username
Academic license - for non-commercial use only - expires 2026-12-09
Set parameter OptimalityTol to value 0.0001
Set parameter FeasibilityTol to value 1e-06
Set parameter Presolve to value -1
Set parameter AggFill to value 10
Set parameter PreDual to value -1
Set parameter TimeLimit to value 7200
Set parameter MIPGap to value 0.001
Set parameter Method to value 2
Set parameter BarConvTol to value 1e-08
Set parameter NumericFocus to value 0
Set parameter Crossover to value -1
Set parameter OutputFlag to value 1
Set parameter FeasibilityTol to value 1e-06
Set parameter PreDual to value -1
Set parameter Method to value 2
Set parameter Crossover to value -1
Set parameter TimeLimit to value 7200
Set parameter OutputFlag to value 1
Set parameter NumericFocus to value 0
Set parameter MIPGap to value 0.001
Set parameter OptimalityTol to value 0.0001
Set parameter AggFill to value 10
Set parameter BarConvTol to value 1e-08
Set parameter Presolve to value -1
Gurobi Optimizer version 13.0.0 build v13.0.0rc1 (win64 - Windows 10.0 (19045.2))

CPU model: Intel(R) Core(TM) i9-10900K CPU @ 3.70GHz, instruction set [SSE2|AVX|AVX2]
Thread count: 10 physical cores, 20 logical processors, using up to 20 threads

Non-default parameters:
TimeLimit  7200
MIPGap  0.001
OptimalityTol  0.0001
Method  2
AggFill  10

Optimize a model with 2750496 rows, 718473 columns and 4756386 nonzeros (Min)
Model fingerprint: 0x12719753
Model has 665760 linear objective coefficients
Coefficient statistics:
  Matrix range     [9e-01, 1e+00]
  Objective range  [1e-02, 1e+04]
  Bounds range     [0e+00, 0e+00]
  RHS range        [1e-01, 1e+09]
Presolve removed 2732979 rows and 618964 columns
Presolve time: 1.10s
Presolved: 17517 rows, 99509 columns, 125783 nonzeros

Ordering time: 0.01s

Barrier statistics:
 AA' NZ     : 1.752e+04
 Factor NZ  : 2.539e+05 (roughly 50 MB of memory)
 Factor Ops : 4.760e+06 (less than 1 second per iteration)
 Threads    : 10

                  Objective                Residual
Iter       Primal          Dual         Primal    Dual     Compl     Time
   0   1.69836550e+10 -1.16639300e+11  1.10e+04 1.82e-12  3.81e+06     1s
   1   2.90516733e+09 -5.84109863e+10  1.37e+03 2.91e-11  6.12e+05     1s
   2   1.05136090e+09 -1.88516150e+10  1.18e+02 1.09e-10  1.15e+05     1s
   3   8.47470154e+08 -7.63220957e+07  1.19e-01 1.26e-10  4.64e+03     1s
   4   8.33982178e+08  5.28494419e+08  1.51e-02 3.76e-11  1.53e+03     1s
   5   8.28081869e+08  6.23512606e+08  1.09e-02 2.91e-11  1.03e+03     1s
   6   8.18883060e+08  7.40667371e+08  5.16e-03 2.91e-11  3.93e+02     1s
   7   8.07212355e+08  7.71013219e+08  2.24e-03 2.91e-11  1.82e+02     1s
   8   8.01196069e+08  7.83483129e+08  1.09e-03 2.91e-11  8.90e+01     1s
   9   7.97888248e+08  7.88542249e+08  5.66e-04 2.91e-11  4.70e+01     1s
  10   7.95873001e+08  7.91736165e+08  2.78e-04 2.91e-11  2.08e+01     1s
  11   7.94931211e+08  7.92620827e+08  1.55e-04 2.91e-11  1.16e+01     1s
  12   7.94188552e+08  7.93293494e+08  6.22e-05 2.91e-11  4.50e+00     1s
  13   7.93959387e+08  7.93469201e+08  3.57e-05 1.46e-11  2.46e+00     1s
  14   7.93780034e+08  7.93556243e+08  1.52e-05 1.46e-11  1.12e+00     1s
  15   7.93697688e+08  7.93588796e+08  6.10e-06 2.91e-11  5.47e-01     1s
  16   7.93657854e+08  7.93623318e+08  1.88e-06 2.91e-11  1.74e-01     1s
  17   7.93644850e+08  7.93632624e+08  5.78e-07 2.91e-11  6.14e-02     1s
  18   7.93641078e+08  7.93636438e+08  2.35e-07 2.91e-11  2.33e-02     1s
  19   7.93639069e+08  7.93637715e+08  5.85e-08 2.91e-11  6.80e-03     2s
  20   7.93638411e+08  7.93638279e+08  3.50e-09 2.91e-11  6.64e-04     2s
  21   7.93638358e+08  7.93638349e+08  2.66e-09 2.91e-11  4.44e-05     2s
  22   7.93638355e+08  7.93638355e+08  1.16e-09 2.91e-11  4.47e-08     2s
  23   7.93638355e+08  7.93638355e+08  1.51e-09 2.91e-11  1.95e-13     2s

Barrier solved model in 23 iterations and 1.59 seconds (2.59 work units)
Optimal objective 7.93638355e+08

Crossover log...

    2132 DPushes remaining with DInf 0.0000000e+00                 2s
       0 DPushes remaining with DInf 0.0000000e+00                 2s

    3074 PPushes remaining with PInf 0.0000000e+00                 2s
       0 PPushes remaining with PInf 0.0000000e+00                 2s

  Push phase complete: Pinf 0.0000000e+00, Dinf 1.1496581e-11      2s

Crossover time: 0.04 seconds (0.02 work units)
Iteration    Objective       Primal Inf.    Dual Inf.      Time
    5209    7.9363836e+08   0.000000e+00   0.000000e+00      2s

Solved in 5209 iterations and 2.16 seconds (3.44 work units)
Optimal objective  7.936383550e+08

User-callback calls 142, time in user-callback 0.00 sec
Reading Input_Data Files for PCM mode
No xlsx file found in the directory D:/MIT Dropbox/Shen Wang/MIT/RA/RA_assessment/RAChronoOps/exports/hope_model_cases/RAChronoOps_VRE120_base_perf1mw_s010_ED\Data_RAChronoOps_PCM/, try to read data from .csv files
Reading network
Reading technology
Reading time series
Reading optional gen_availability_timeseries.csv
Reading policies
Reading single parameters
CSV Files Successfully Load From D:/MIT Dropbox/Shen Wang/MIT/RA/RA_assessment/RAChronoOps/exports/hope_model_cases/RAChronoOps_VRE120_base_perf1mw_s010_ED\Data_RAChronoOps_PCM/
Info: PCM will use generator-level AF for 76 generators from gen_availability_timeseries.
Carbon policy constraints are disabled (carbon_policy = 0).


Model mode: PCM

Termination_status= OPTIMAL

Primal_status= FEASIBLE_POINT



Objective_value= 7.9363835501136e8

Operation_cost= 7.936383550108521e8

Load_shedding= 0.0

RPS_requirement Dict{InlineStrings.String3, Float64}("Z1" => 0.0)

RPSPenalty= 0

CarbonCapPenalty= 0

CarbonCapEmissions= Tuple{InlineStrings.String3, Float64}[("RTS", 0.0)]

Solving time: 11.476999998092651
HOPE model (PCM mode) is successfully solved!
No compatible power-balance duals found for configured network_model=0; skipping power price output.
Generating summary analysis tables in D:/MIT Dropbox/Shen Wang/MIT/RA/RA_assessment/RAChronoOps/exports/hope_model_cases/RAChronoOps_VRE120_base_perf1mw_s010_ED\output_tmp_1779925471\Analysis ...
Warning: Failed to rename temporary output directory into place (attempt 1/5): IOError: rm("D:/MIT Dropbox/Shen Wang/MIT/RA/RA_assessment/RAChronoOps/exports/hope_model_cases/RAChronoOps_VRE120_base_perf1mw_s010_ED\\output_tmp_1779925471\\Analysis"): resource busy or locked (EBUSY)
Retrying in 2 seconds... (close any open CSV/Excel files or pause Dropbox sync)
Warning: Temporary output rename reported a filesystem lock, but 'D:/MIT Dropbox/Shen Wang/MIT/RA/RA_assessment/RAChronoOps/exports/hope_model_cases/RAChronoOps_VRE120_base_perf1mw_s010_ED\output' already contains analysis outputs.
Continuing with 'D:/MIT Dropbox/Shen Wang/MIT/RA/RA_assessment/RAChronoOps/exports/hope_model_cases/RAChronoOps_VRE120_base_perf1mw_s010_ED\output' and leaving 'D:/MIT Dropbox/Shen Wang/MIT/RA/RA_assessment/RAChronoOps/exports/hope_model_cases/RAChronoOps_VRE120_base_perf1mw_s010_ED\output_tmp_1779925471' for later cleanup if needed.
Write solved results in the folder D:/MIT Dropbox/Shen Wang/MIT/RA/RA_assessment/RAChronoOps/exports/hope_model_cases/RAChronoOps_VRE120_base_perf1mw_s010_ED\output DONE!
Set parameter Username
Academic license - for non-commercial use only - expires 2026-12-09
Set parameter OptimalityTol to value 0.0001
Set parameter FeasibilityTol to value 1e-06
Set parameter Presolve to value -1
Set parameter AggFill to value 10
Set parameter PreDual to value -1
Set parameter TimeLimit to value 7200
Set parameter MIPGap to value 0.001
Set parameter Method to value 2
Set parameter BarConvTol to value 1e-08
Set parameter NumericFocus to value 0
Set parameter Crossover to value -1
Set parameter OutputFlag to value 1
Set parameter FeasibilityTol to value 1e-06
Set parameter PreDual to value -1
Set parameter Method to value 2
Set parameter Crossover to value -1
Set parameter TimeLimit to value 7200
Set parameter OutputFlag to value 1
Set parameter NumericFocus to value 0
Set parameter MIPGap to value 0.001
Set parameter OptimalityTol to value 0.0001
Set parameter AggFill to value 10
Set parameter BarConvTol to value 1e-08
Set parameter Presolve to value -1
Gurobi Optimizer version 13.0.0 build v13.0.0rc1 (win64 - Windows 10.0 (19045.2))

CPU model: Intel(R) Core(TM) i9-10900K CPU @ 3.70GHz, instruction set [SSE2|AVX|AVX2]
Thread count: 10 physical cores, 20 logical processors, using up to 20 threads

Non-default parameters:
TimeLimit  7200
MIPGap  0.001
OptimalityTol  0.0001
Method  2
AggFill  10

Optimize a model with 2750496 rows, 718473 columns and 4756386 nonzeros (Min)
Model fingerprint: 0x8487b3ed
Model has 665760 linear objective coefficients
Coefficient statistics:
  Matrix range     [9e-01, 1e+00]
  Objective range  [1e-02, 1e+04]
  Bounds range     [0e+00, 0e+00]
  RHS range        [1e-01, 1e+09]
Presolve removed 2732981 rows and 619041 columns
Presolve time: 1.10s
Presolved: 17515 rows, 99432 columns, 125702 nonzeros

Ordering time: 0.01s

Barrier statistics:
 AA' NZ     : 1.751e+04
 Factor NZ  : 2.539e+05 (roughly 50 MB of memory)
 Factor Ops : 4.759e+06 (less than 1 second per iteration)
 Threads    : 10

                  Objective                Residual
Iter       Primal          Dual         Primal    Dual     Compl     Time
   0   1.78522908e+10 -6.63648589e+11  1.09e+04 1.26e+00  2.15e+07     1s
   1   2.13396845e+09 -3.34993381e+11  5.42e+02 7.28e-11  2.40e+06     1s
   2   1.06675679e+09 -6.70781491e+10  8.97e+00 7.75e-10  3.47e+05     1s
   3   9.25354803e+08 -4.52286059e+09  1.04e+00 5.09e-11  2.74e+04     1s
   4   8.89716095e+08  8.96666526e+07  1.05e-01 2.91e-11  4.02e+03     1s
   5   8.77824273e+08  5.55976880e+08  3.40e-02 2.91e-11  1.62e+03     1s
   6   8.68789178e+08  6.78480934e+08  1.91e-02 2.91e-11  9.57e+02     1s
   7   8.57200193e+08  7.65801748e+08  7.76e-03 2.91e-11  4.60e+02     1s
   8   8.47884322e+08  7.99112675e+08  3.31e-03 2.91e-11  2.45e+02     1s
   9   8.43204683e+08  8.17577515e+08  1.88e-03 1.46e-11  1.29e+02     1s
  10   8.36662490e+08  8.24923543e+08  3.91e-04 1.99e-11  5.90e+01     1s
  11   8.35261131e+08  8.29139066e+08  2.14e-04 2.03e-11  3.08e+01     1s
  12   8.33741352e+08  8.31612176e+08  4.54e-05 1.52e-11  1.07e+01     1s
  13   8.33437660e+08  8.32241564e+08  2.13e-05 1.69e-11  6.01e+00     1s
  14   8.33270870e+08  8.32745624e+08  9.14e-06 1.79e-11  2.64e+00     1s
  15   8.33196132e+08  8.32952794e+08  4.33e-06 1.73e-11  1.22e+00     1s
  16   8.33151595e+08  8.33060996e+08  1.73e-06 2.91e-11  4.56e-01     1s
  17   8.33131124e+08  8.33091546e+08  6.23e-07 2.91e-11  1.99e-01     1s
  18   8.33122439e+08  8.33111399e+08  1.58e-07 2.91e-11  5.55e-02     2s
  19   8.33119978e+08  8.33116422e+08  5.39e-08 2.91e-11  1.79e-02     2s
  20   8.33118793e+08  8.33118438e+08  6.26e-09 2.91e-11  1.79e-03     2s
  21   8.33118648e+08  8.33118569e+08  1.28e-09 2.91e-11  4.00e-04     2s
  22   8.33118609e+08  8.33118604e+08  3.45e-10 2.91e-11  2.45e-05     2s
  23   8.33118608e+08  8.33118608e+08  3.95e-10 4.37e-11  1.46e-07     2s
  24   8.33118608e+08  8.33118608e+08  3.89e-10 2.91e-11  1.46e-10     2s

Barrier solved model in 24 iterations and 1.61 seconds (2.62 work units)
Optimal objective 8.33118608e+08

Crossover log...

    2084 DPushes remaining with DInf 0.0000000e+00                 2s
       0 DPushes remaining with DInf 0.0000000e+00                 2s

    3189 PPushes remaining with PInf 0.0000000e+00                 2s
       0 PPushes remaining with PInf 0.0000000e+00                 2s

  Push phase complete: Pinf 0.0000000e+00, Dinf 4.0984105e-11      2s

Crossover time: 0.04 seconds (0.02 work units)
Iteration    Objective       Primal Inf.    Dual Inf.      Time
    5276    8.3311861e+08   0.000000e+00   0.000000e+00      2s

Solved in 5276 iterations and 2.20 seconds (3.46 work units)
Optimal objective  8.331186082e+08

User-callback calls 137, time in user-callback 0.00 sec
Reading Input_Data Files for PCM mode
No xlsx file found in the directory D:/MIT Dropbox/Shen Wang/MIT/RA/RA_assessment/RAChronoOps/exports/hope_model_cases/RAChronoOps_VRE120_base_perf1mw_s011_ED\Data_RAChronoOps_PCM/, try to read data from .csv files
Reading network
Reading technology
Reading time series
Reading optional gen_availability_timeseries.csv
Reading policies
Reading single parameters
CSV Files Successfully Load From D:/MIT Dropbox/Shen Wang/MIT/RA/RA_assessment/RAChronoOps/exports/hope_model_cases/RAChronoOps_VRE120_base_perf1mw_s011_ED\Data_RAChronoOps_PCM/
Info: PCM will use generator-level AF for 76 generators from gen_availability_timeseries.
Carbon policy constraints are disabled (carbon_policy = 0).


Model mode: PCM

Termination_status= OPTIMAL

Primal_status= FEASIBLE_POINT



Objective_value= 8.33118608202226e8

Operation_cost= 8.008912405644301e8

Load_shedding= 3.2227367637307532e7

RPS_requirement Dict{InlineStrings.String3, Float64}("Z1" => 0.0)

RPSPenalty= 0

CarbonCapPenalty= 0

CarbonCapEmissions= Tuple{InlineStrings.String3, Float64}[("RTS", 0.0)]

Solving time: 11.29800009727478
HOPE model (PCM mode) is successfully solved!
No compatible power-balance duals found for configured network_model=0; skipping power price output.
Generating summary analysis tables in D:/MIT Dropbox/Shen Wang/MIT/RA/RA_assessment/RAChronoOps/exports/hope_model_cases/RAChronoOps_VRE120_base_perf1mw_s011_ED\output_tmp_1779925590\Analysis ...
Warning: Failed to rename temporary output directory into place (attempt 1/5): IOError: rm("D:/MIT Dropbox/Shen Wang/MIT/RA/RA_assessment/RAChronoOps/exports/hope_model_cases/RAChronoOps_VRE120_base_perf1mw_s011_ED\\output_tmp_1779925590\\Analysis"): resource busy or locked (EBUSY)
Retrying in 2 seconds... (close any open CSV/Excel files or pause Dropbox sync)
Warning: Temporary output rename reported a filesystem lock, but 'D:/MIT Dropbox/Shen Wang/MIT/RA/RA_assessment/RAChronoOps/exports/hope_model_cases/RAChronoOps_VRE120_base_perf1mw_s011_ED\output' already contains analysis outputs.
Continuing with 'D:/MIT Dropbox/Shen Wang/MIT/RA/RA_assessment/RAChronoOps/exports/hope_model_cases/RAChronoOps_VRE120_base_perf1mw_s011_ED\output' and leaving 'D:/MIT Dropbox/Shen Wang/MIT/RA/RA_assessment/RAChronoOps/exports/hope_model_cases/RAChronoOps_VRE120_base_perf1mw_s011_ED\output_tmp_1779925590' for later cleanup if needed.
Write solved results in the folder D:/MIT Dropbox/Shen Wang/MIT/RA/RA_assessment/RAChronoOps/exports/hope_model_cases/RAChronoOps_VRE120_base_perf1mw_s011_ED\output DONE!
Set parameter Username
Academic license - for non-commercial use only - expires 2026-12-09
Set parameter OptimalityTol to value 0.0001
Set parameter FeasibilityTol to value 1e-06
Set parameter Presolve to value -1
Set parameter AggFill to value 10
Set parameter PreDual to value -1
Set parameter TimeLimit to value 7200
Set parameter MIPGap to value 0.001
Set parameter Method to value 2
Set parameter BarConvTol to value 1e-08
Set parameter NumericFocus to value 0
Set parameter Crossover to value -1
Set parameter OutputFlag to value 1
Set parameter FeasibilityTol to value 1e-06
Set parameter PreDual to value -1
Set parameter Method to value 2
Set parameter Crossover to value -1
Set parameter TimeLimit to value 7200
Set parameter OutputFlag to value 1
Set parameter NumericFocus to value 0
Set parameter MIPGap to value 0.001
Set parameter OptimalityTol to value 0.0001
Set parameter AggFill to value 10
Set parameter BarConvTol to value 1e-08
Set parameter Presolve to value -1
Gurobi Optimizer version 13.0.0 build v13.0.0rc1 (win64 - Windows 10.0 (19045.2))

CPU model: Intel(R) Core(TM) i9-10900K CPU @ 3.70GHz, instruction set [SSE2|AVX|AVX2]
Thread count: 10 physical cores, 20 logical processors, using up to 20 threads

Non-default parameters:
TimeLimit  7200
MIPGap  0.001
OptimalityTol  0.0001
Method  2
AggFill  10

Optimize a model with 2750496 rows, 718473 columns and 4756386 nonzeros (Min)
Model fingerprint: 0x09b692b3
Model has 665760 linear objective coefficients
Coefficient statistics:
  Matrix range     [9e-01, 1e+00]
  Objective range  [1e-02, 1e+04]
  Bounds range     [0e+00, 0e+00]
  RHS range        [1e-01, 1e+09]
Presolve removed 2732979 rows and 618856 columns
Presolve time: 1.11s
Presolved: 17517 rows, 99617 columns, 125891 nonzeros

Ordering time: 0.01s

Barrier statistics:
 AA' NZ     : 1.752e+04
 Factor NZ  : 2.539e+05 (roughly 50 MB of memory)
 Factor Ops : 4.760e+06 (less than 1 second per iteration)
 Threads    : 10

                  Objective                Residual
Iter       Primal          Dual         Primal    Dual     Compl     Time
   0   1.69179479e+10 -1.16614382e+11  1.10e+04 1.82e-12  3.81e+06     1s
   1   1.75130977e+09 -5.83501785e+10  5.84e+02 2.91e-11  4.32e+05     1s
   2   9.32740413e+08 -1.43065666e+10  4.73e+01 1.02e-10  8.08e+04     1s
   3   8.46823038e+08  1.21061687e+08  5.79e-02 2.91e-11  3.64e+03     1s
   4   8.31352351e+08  4.94792061e+08  9.20e-03 4.37e-11  1.69e+03     1s
   5   8.21226521e+08  6.91479438e+08  4.84e-03 2.91e-11  6.51e+02     1s
   6   8.09731953e+08  7.53843780e+08  1.90e-03 2.91e-11  2.81e+02     1s
   7   8.02140987e+08  7.74637704e+08  9.48e-04 2.91e-11  1.38e+02     1s
   8   7.97082395e+08  7.83301680e+08  4.50e-04 1.46e-11  6.92e+01     1s
   9   7.94536723e+08  7.87669025e+08  2.27e-04 2.91e-11  3.45e+01     1s
  10   7.92296173e+08  7.89458584e+08  5.92e-05 2.91e-11  1.42e+01     1s
  11   7.91901472e+08  7.90390728e+08  3.37e-05 2.91e-11  7.58e+00     1s
  12   7.91533308e+08  7.90938844e+08  1.13e-05 2.91e-11  2.98e+00     1s
  13   7.91427722e+08  7.91111465e+08  5.70e-06 1.46e-11  1.59e+00     1s
  14   7.91347574e+08  7.91227284e+08  1.59e-06 2.91e-11  6.04e-01     1s
  15   7.91325753e+08  7.91263322e+08  6.07e-07 1.46e-11  3.13e-01     1s
  16   7.91314544e+08  7.91291962e+08  1.25e-07 1.46e-11  1.13e-01     1s
  17   7.91312747e+08  7.91303688e+08  6.39e-08 2.91e-11  4.55e-02     1s
  18   7.91311695e+08  7.91309480e+08  2.58e-08 2.91e-11  1.11e-02     2s
  19   7.91311050e+08  7.91310402e+08  6.57e-09 2.91e-11  3.25e-03     2s
  20   7.91310822e+08  7.91310787e+08  6.01e-10 2.91e-11  1.75e-04     2s
  21   7.91310805e+08  7.91310802e+08  4.50e-10 2.91e-11  1.39e-05     2s
  22   7.91310803e+08  7.91310803e+08  8.77e-10 2.91e-11  5.15e-07     2s
  23   7.91310803e+08  7.91310803e+08  2.83e-10 2.91e-11  1.42e-08     2s
  24   7.91310803e+08  7.91310803e+08  5.35e-10 2.91e-11  1.42e-11     2s

Barrier solved model in 24 iterations and 1.62 seconds (2.62 work units)
Optimal objective 7.91310803e+08

Crossover log...

    2079 DPushes remaining with DInf 0.0000000e+00                 2s
       0 DPushes remaining with DInf 0.0000000e+00                 2s

    3137 PPushes remaining with PInf 0.0000000e+00                 2s
       0 PPushes remaining with PInf 0.0000000e+00                 2s

  Push phase complete: Pinf 0.0000000e+00, Dinf 1.0743406e-11      2s

Crossover time: 0.03 seconds (0.02 work units)
Iteration    Objective       Primal Inf.    Dual Inf.      Time
    5219    7.9131080e+08   0.000000e+00   0.000000e+00      2s

Solved in 5219 iterations and 2.22 seconds (3.46 work units)
Optimal objective  7.913108025e+08

User-callback calls 144, time in user-callback 0.00 sec
Reading Input_Data Files for PCM mode
No xlsx file found in the directory D:/MIT Dropbox/Shen Wang/MIT/RA/RA_assessment/RAChronoOps/exports/hope_model_cases/RAChronoOps_VRE120_base_perf1mw_s012_ED\Data_RAChronoOps_PCM/, try to read data from .csv files
Reading network
Reading technology
Reading time series
Reading optional gen_availability_timeseries.csv
Reading policies
Reading single parameters
CSV Files Successfully Load From D:/MIT Dropbox/Shen Wang/MIT/RA/RA_assessment/RAChronoOps/exports/hope_model_cases/RAChronoOps_VRE120_base_perf1mw_s012_ED\Data_RAChronoOps_PCM/
Info: PCM will use generator-level AF for 76 generators from gen_availability_timeseries.
Carbon policy constraints are disabled (carbon_policy = 0).


Model mode: PCM

Termination_status= OPTIMAL

Primal_status= FEASIBLE_POINT



Objective_value= 7.913108025229895e8

Operation_cost= 7.913108025224631e8

Load_shedding= 0.0

RPS_requirement Dict{InlineStrings.String3, Float64}("Z1" => 0.0)

RPSPenalty= 0

CarbonCapPenalty= 0

CarbonCapEmissions= Tuple{InlineStrings.String3, Float64}[("RTS", 0.0)]

Solving time: 12.316999912261963
HOPE model (PCM mode) is successfully solved!
No compatible power-balance duals found for configured network_model=0; skipping power price output.
Generating summary analysis tables in D:/MIT Dropbox/Shen Wang/MIT/RA/RA_assessment/RAChronoOps/exports/hope_model_cases/RAChronoOps_VRE120_base_perf1mw_s012_ED\output_tmp_1779925709\Analysis ...
Warning: Failed to rename temporary output directory into place (attempt 1/5): IOError: rm("D:/MIT Dropbox/Shen Wang/MIT/RA/RA_assessment/RAChronoOps/exports/hope_model_cases/RAChronoOps_VRE120_base_perf1mw_s012_ED\\output_tmp_1779925709\\Analysis"): resource busy or locked (EBUSY)
Retrying in 2 seconds... (close any open CSV/Excel files or pause Dropbox sync)
Warning: Temporary output rename reported a filesystem lock, but 'D:/MIT Dropbox/Shen Wang/MIT/RA/RA_assessment/RAChronoOps/exports/hope_model_cases/RAChronoOps_VRE120_base_perf1mw_s012_ED\output' already contains analysis outputs.
Continuing with 'D:/MIT Dropbox/Shen Wang/MIT/RA/RA_assessment/RAChronoOps/exports/hope_model_cases/RAChronoOps_VRE120_base_perf1mw_s012_ED\output' and leaving 'D:/MIT Dropbox/Shen Wang/MIT/RA/RA_assessment/RAChronoOps/exports/hope_model_cases/RAChronoOps_VRE120_base_perf1mw_s012_ED\output_tmp_1779925709' for later cleanup if needed.
Write solved results in the folder D:/MIT Dropbox/Shen Wang/MIT/RA/RA_assessment/RAChronoOps/exports/hope_model_cases/RAChronoOps_VRE120_base_perf1mw_s012_ED\output DONE!
Set parameter Username
Academic license - for non-commercial use only - expires 2026-12-09
Set parameter OptimalityTol to value 0.0001
Set parameter FeasibilityTol to value 1e-06
Set parameter Presolve to value -1
Set parameter AggFill to value 10
Set parameter PreDual to value -1
Set parameter TimeLimit to value 7200
Set parameter MIPGap to value 0.001
Set parameter Method to value 2
Set parameter BarConvTol to value 1e-08
Set parameter NumericFocus to value 0
Set parameter Crossover to value -1
Set parameter OutputFlag to value 1
Set parameter FeasibilityTol to value 1e-06
Set parameter PreDual to value -1
Set parameter Method to value 2
Set parameter Crossover to value -1
Set parameter TimeLimit to value 7200
Set parameter OutputFlag to value 1
Set parameter NumericFocus to value 0
Set parameter MIPGap to value 0.001
Set parameter OptimalityTol to value 0.0001
Set parameter AggFill to value 10
Set parameter BarConvTol to value 1e-08
Set parameter Presolve to value -1
Gurobi Optimizer version 13.0.0 build v13.0.0rc1 (win64 - Windows 10.0 (19045.2))

CPU model: Intel(R) Core(TM) i9-10900K CPU @ 3.70GHz, instruction set [SSE2|AVX|AVX2]
Thread count: 10 physical cores, 20 logical processors, using up to 20 threads

Non-default parameters:
TimeLimit  7200
MIPGap  0.001
OptimalityTol  0.0001
Method  2
AggFill  10

Optimize a model with 2750496 rows, 718473 columns and 4756386 nonzeros (Min)
Model fingerprint: 0x2d7c53f7
Model has 665760 linear objective coefficients
Coefficient statistics:
  Matrix range     [9e-01, 1e+00]
  Objective range  [1e-02, 1e+04]
  Bounds range     [0e+00, 0e+00]
  RHS range        [1e-01, 1e+09]
Presolve removed 2732979 rows and 618792 columns
Presolve time: 1.11s
Presolved: 17517 rows, 99681 columns, 125955 nonzeros

Ordering time: 0.00s

Barrier statistics:
 AA' NZ     : 1.752e+04
 Factor NZ  : 2.539e+05 (roughly 50 MB of memory)
 Factor Ops : 4.760e+06 (less than 1 second per iteration)
 Threads    : 10

                  Objective                Residual
Iter       Primal          Dual         Primal    Dual     Compl     Time
   0   1.87340840e+10 -1.16874924e+11  1.07e+04 1.82e-12  3.82e+06     1s
   1   2.74331754e+09 -5.84136069e+10  1.09e+03 2.91e-11  5.56e+05     1s
   2   1.14121609e+09 -1.82194429e+10  1.44e+02 2.18e-10  1.15e+05     1s
   3   8.78927510e+08 -3.96632424e+08  7.34e+00 5.46e-11  6.49e+03     1s
   4   8.52028312e+08  5.85455335e+08  9.71e-02 4.37e-11  1.34e+03     1s
   5   8.37350853e+08  7.33299235e+08  4.13e-02 2.91e-11  5.22e+02     1s
   6   8.25040571e+08  7.79500879e+08  1.85e-02 2.91e-11  2.28e+02     1s
   7   8.18313262e+08  7.96050635e+08  9.40e-03 2.91e-11  1.12e+02     1s
   8   8.14538907e+08  8.02844368e+08  5.21e-03 2.91e-11  5.86e+01     1s
   9   8.11929938e+08  8.06123521e+08  2.62e-03 1.46e-11  2.91e+01     1s
  10   8.10486719e+08  8.07865761e+08  1.29e-03 1.46e-11  1.31e+01     1s
  11   8.09803185e+08  8.08459040e+08  7.04e-04 2.91e-11  6.74e+00     1s
  12   8.09290534e+08  8.08756761e+08  2.80e-04 1.46e-11  2.68e+00     1s
  13   8.09092044e+08  8.08842748e+08  1.24e-04 1.46e-11  1.25e+00     1s
  14   8.08990520e+08  8.08890057e+08  4.59e-05 2.91e-11  5.04e-01     1s
  15   8.08957610e+08  8.08905080e+08  2.14e-05 1.46e-11  2.63e-01     1s
  16   8.08940773e+08  8.08919219e+08  9.16e-06 2.91e-11  1.08e-01     1s
  17   8.08931654e+08  8.08924386e+08  2.71e-06 2.91e-11  3.65e-02     1s
  18   8.08928690e+08  8.08926739e+08  7.77e-07 2.91e-11  9.78e-03     2s
  19   8.08927782e+08  8.08927146e+08  2.15e-07 2.91e-11  3.19e-03     2s
  20   8.08927404e+08  8.08927335e+08  3.42e-09 2.91e-11  3.47e-04     2s
  21   8.08927392e+08  8.08927389e+08  1.34e-09 2.91e-11  1.23e-05     2s
  22   8.08927391e+08  8.08927391e+08  5.30e-10 2.91e-11  1.23e-08     2s
  23   8.08927391e+08  8.08927391e+08  9.25e-10 2.91e-11  2.74e-13     2s

Barrier solved model in 23 iterations and 1.60 seconds (2.59 work units)
Optimal objective 8.08927391e+08

Crossover log...

    2105 DPushes remaining with DInf 0.0000000e+00                 2s
       0 DPushes remaining with DInf 0.0000000e+00                 2s

    3154 PPushes remaining with PInf 0.0000000e+00                 2s
       0 PPushes remaining with PInf 0.0000000e+00                 2s

  Push phase complete: Pinf 0.0000000e+00, Dinf 1.2221335e-11      2s

Crossover time: 0.04 seconds (0.02 work units)
Iteration    Objective       Primal Inf.    Dual Inf.      Time
    5262    8.0892739e+08   0.000000e+00   0.000000e+00      2s

Solved in 5262 iterations and 2.22 seconds (3.44 work units)
Optimal objective  8.089273915e+08

User-callback calls 135, time in user-callback 0.00 sec
Reading Input_Data Files for PCM mode
No xlsx file found in the directory D:/MIT Dropbox/Shen Wang/MIT/RA/RA_assessment/RAChronoOps/exports/hope_model_cases/RAChronoOps_VRE120_base_perf1mw_s013_ED\Data_RAChronoOps_PCM/, try to read data from .csv files
Reading network
Reading technology
Reading time series
Reading optional gen_availability_timeseries.csv
Reading policies
Reading single parameters
CSV Files Successfully Load From D:/MIT Dropbox/Shen Wang/MIT/RA/RA_assessment/RAChronoOps/exports/hope_model_cases/RAChronoOps_VRE120_base_perf1mw_s013_ED\Data_RAChronoOps_PCM/
Info: PCM will use generator-level AF for 76 generators from gen_availability_timeseries.
Carbon policy constraints are disabled (carbon_policy = 0).


Model mode: PCM

Termination_status= OPTIMAL

Primal_status= FEASIBLE_POINT



Objective_value= 8.089273914749149e8

Operation_cost= 8.0892739147439e8

Load_shedding= 0.0

RPS_requirement Dict{InlineStrings.String3, Float64}("Z1" => 0.0)

RPSPenalty= 0

CarbonCapPenalty= 0

CarbonCapEmissions= Tuple{InlineStrings.String3, Float64}[("RTS", 0.0)]

Solving time: 12.453999996185303
HOPE model (PCM mode) is successfully solved!
No compatible power-balance duals found for configured network_model=0; skipping power price output.
Generating summary analysis tables in D:/MIT Dropbox/Shen Wang/MIT/RA/RA_assessment/RAChronoOps/exports/hope_model_cases/RAChronoOps_VRE120_base_perf1mw_s013_ED\output_tmp_1779925830\Analysis ...
Warning: Failed to rename temporary output directory into place (attempt 1/5): IOError: rm("D:/MIT Dropbox/Shen Wang/MIT/RA/RA_assessment/RAChronoOps/exports/hope_model_cases/RAChronoOps_VRE120_base_perf1mw_s013_ED\\output_tmp_1779925830\\Analysis"): resource busy or locked (EBUSY)
Retrying in 2 seconds... (close any open CSV/Excel files or pause Dropbox sync)
Warning: Temporary output rename reported a filesystem lock, but 'D:/MIT Dropbox/Shen Wang/MIT/RA/RA_assessment/RAChronoOps/exports/hope_model_cases/RAChronoOps_VRE120_base_perf1mw_s013_ED\output' already contains analysis outputs.
Continuing with 'D:/MIT Dropbox/Shen Wang/MIT/RA/RA_assessment/RAChronoOps/exports/hope_model_cases/RAChronoOps_VRE120_base_perf1mw_s013_ED\output' and leaving 'D:/MIT Dropbox/Shen Wang/MIT/RA/RA_assessment/RAChronoOps/exports/hope_model_cases/RAChronoOps_VRE120_base_perf1mw_s013_ED\output_tmp_1779925830' for later cleanup if needed.
Write solved results in the folder D:/MIT Dropbox/Shen Wang/MIT/RA/RA_assessment/RAChronoOps/exports/hope_model_cases/RAChronoOps_VRE120_base_perf1mw_s013_ED\output DONE!
Set parameter Username
Academic license - for non-commercial use only - expires 2026-12-09
Set parameter OptimalityTol to value 0.0001
Set parameter FeasibilityTol to value 1e-06
Set parameter Presolve to value -1
Set parameter AggFill to value 10
Set parameter PreDual to value -1
Set parameter TimeLimit to value 7200
Set parameter MIPGap to value 0.001
Set parameter Method to value 2
Set parameter BarConvTol to value 1e-08
Set parameter NumericFocus to value 0
Set parameter Crossover to value -1
Set parameter OutputFlag to value 1
Set parameter FeasibilityTol to value 1e-06
Set parameter PreDual to value -1
Set parameter Method to value 2
Set parameter Crossover to value -1
Set parameter TimeLimit to value 7200
Set parameter OutputFlag to value 1
Set parameter NumericFocus to value 0
Set parameter MIPGap to value 0.001
Set parameter OptimalityTol to value 0.0001
Set parameter AggFill to value 10
Set parameter BarConvTol to value 1e-08
Set parameter Presolve to value -1
Gurobi Optimizer version 13.0.0 build v13.0.0rc1 (win64 - Windows 10.0 (19045.2))

CPU model: Intel(R) Core(TM) i9-10900K CPU @ 3.70GHz, instruction set [SSE2|AVX|AVX2]
Thread count: 10 physical cores, 20 logical processors, using up to 20 threads

Non-default parameters:
TimeLimit  7200
MIPGap  0.001
OptimalityTol  0.0001
Method  2
AggFill  10

Optimize a model with 2750496 rows, 718473 columns and 4756386 nonzeros (Min)
Model fingerprint: 0x3d087ce7
Model has 665760 linear objective coefficients
Coefficient statistics:
  Matrix range     [9e-01, 1e+00]
  Objective range  [1e-02, 1e+04]
  Bounds range     [0e+00, 0e+00]
  RHS range        [1e-01, 1e+09]
Presolve removed 2732979 rows and 619349 columns
Presolve time: 1.11s
Presolved: 17517 rows, 99124 columns, 125398 nonzeros

Ordering time: 0.00s

Barrier statistics:
 AA' NZ     : 1.752e+04
 Factor NZ  : 2.539e+05 (roughly 50 MB of memory)
 Factor Ops : 4.760e+06 (less than 1 second per iteration)
 Threads    : 10

                  Objective                Residual
Iter       Primal          Dual         Primal    Dual     Compl     Time
   0   1.65299367e+10 -1.16610590e+11  1.10e+04 1.82e-12  3.81e+06     1s
   1   1.88735515e+09 -5.82721081e+10  6.97e+02 2.91e-11  4.58e+05     1s
   2   1.07526848e+09 -1.80586982e+10  1.45e+02 1.09e-10  1.13e+05     1s
   3   9.35711334e+08 -3.17584077e+09  5.69e+01 2.44e-10  2.25e+04     1s
   4   8.99319269e+08 -1.82051123e+09  3.27e+01 1.05e-09  1.44e+04     1s
   5   8.44467539e+08  1.88524805e+08  3.64e-11 5.53e-10  3.31e+03     1s
   6   8.37012897e+08  5.77815393e+08  1.85e-11 2.04e-10  1.31e+03     1s
   7   8.26978183e+08  7.18880595e+08  8.92e-12 7.28e-11  5.45e+02     1s
   8   8.15597783e+08  7.70827409e+08  3.85e-12 2.91e-11  2.26e+02     1s
   9   8.06674950e+08  7.86496366e+08  1.65e-12 2.91e-11  1.02e+02     1s
  10   8.02926177e+08  7.93969288e+08  2.84e-12 2.91e-11  4.52e+01     1s
  11   8.00656794e+08  7.96094633e+08  3.71e-12 2.91e-11  2.30e+01     1s
  12   7.99263534e+08  7.97038911e+08  1.19e-11 2.91e-11  1.12e+01     1s
  13   7.98708727e+08  7.97466667e+08  9.52e-12 2.91e-11  6.27e+00     1s
  14   7.98291397e+08  7.97726146e+08  1.09e-11 2.91e-11  2.85e+00     1s
  15   7.98147986e+08  7.97864939e+08  1.89e-11 1.81e-11  1.43e+00     1s
  16   7.98052256e+08  7.97924771e+08  2.95e-11 1.68e-11  6.43e-01     1s
  17   7.98030741e+08  7.97969573e+08  7.28e-11 1.46e-11  3.09e-01     1s
  18   7.98014580e+08  7.97986539e+08  5.02e-10 2.91e-11  1.41e-01     2s
  19   7.98007816e+08  7.97995568e+08  8.48e-10 1.46e-11  6.18e-02     2s
  20   7.98003595e+08  7.97998722e+08  1.13e-09 2.91e-11  2.46e-02     2s
  21   7.98001748e+08  7.98000136e+08  2.94e-09 2.91e-11  8.13e-03     2s
  22   7.98000861e+08  7.98000678e+08  4.07e-09 2.91e-11  9.24e-04     2s
  23   7.98000760e+08  7.98000716e+08  3.33e-09 2.91e-11  2.22e-04     2s
  24   7.98000733e+08  7.98000732e+08  2.77e-09 2.91e-11  3.42e-06     2s
  25   7.98000733e+08  7.98000733e+08  1.62e-09 2.91e-11  1.25e-09     2s

Barrier solved model in 25 iterations and 1.66 seconds (2.63 work units)
Optimal objective 7.98000733e+08

Crossover log...

    2127 DPushes remaining with DInf 0.0000000e+00                 2s
       0 DPushes remaining with DInf 0.0000000e+00                 2s

    3022 PPushes remaining with PInf 0.0000000e+00                 2s
       0 PPushes remaining with PInf 0.0000000e+00                 2s

  Push phase complete: Pinf 0.0000000e+00, Dinf 1.8673063e-11      2s

Crossover time: 0.04 seconds (0.02 work units)
Iteration    Objective       Primal Inf.    Dual Inf.      Time
    5152    7.9800073e+08   0.000000e+00   0.000000e+00      2s

Solved in 5152 iterations and 2.23 seconds (3.47 work units)
Optimal objective  7.980007328e+08

User-callback calls 210, time in user-callback 0.00 sec
Reading Input_Data Files for PCM mode
No xlsx file found in the directory D:/MIT Dropbox/Shen Wang/MIT/RA/RA_assessment/RAChronoOps/exports/hope_model_cases/RAChronoOps_VRE120_base_perf1mw_s014_ED\Data_RAChronoOps_PCM/, try to read data from .csv files
Reading network
Reading technology
Reading time series
Reading optional gen_availability_timeseries.csv
Reading policies
Reading single parameters
CSV Files Successfully Load From D:/MIT Dropbox/Shen Wang/MIT/RA/RA_assessment/RAChronoOps/exports/hope_model_cases/RAChronoOps_VRE120_base_perf1mw_s014_ED\Data_RAChronoOps_PCM/
Info: PCM will use generator-level AF for 76 generators from gen_availability_timeseries.
Carbon policy constraints are disabled (carbon_policy = 0).


Model mode: PCM

Termination_status= OPTIMAL

Primal_status= FEASIBLE_POINT



Objective_value= 7.980007327551359e8

Operation_cost= 7.896830226979524e8

Load_shedding= 8.317710056653735e6

RPS_requirement Dict{InlineStrings.String3, Float64}("Z1" => 0.0)

RPSPenalty= 0

CarbonCapPenalty= 0

CarbonCapEmissions= Tuple{InlineStrings.String3, Float64}[("RTS", 0.0)]

Solving time: 11.884000062942505
HOPE model (PCM mode) is successfully solved!
No compatible power-balance duals found for configured network_model=0; skipping power price output.
Generating summary analysis tables in D:/MIT Dropbox/Shen Wang/MIT/RA/RA_assessment/RAChronoOps/exports/hope_model_cases/RAChronoOps_VRE120_base_perf1mw_s014_ED\output_tmp_1779925948\Analysis ...
Write solved results in the folder D:/MIT Dropbox/Shen Wang/MIT/RA/RA_assessment/RAChronoOps/exports/hope_model_cases/RAChronoOps_VRE120_base_perf1mw_s014_ED\output DONE!
Set parameter Username
Academic license - for non-commercial use only - expires 2026-12-09
Set parameter OptimalityTol to value 0.0001
Set parameter FeasibilityTol to value 1e-06
Set parameter Presolve to value -1
Set parameter AggFill to value 10
Set parameter PreDual to value -1
Set parameter TimeLimit to value 7200
Set parameter MIPGap to value 0.001
Set parameter Method to value 2
Set parameter BarConvTol to value 1e-08
Set parameter NumericFocus to value 0
Set parameter Crossover to value -1
Set parameter OutputFlag to value 1
Set parameter FeasibilityTol to value 1e-06
Set parameter PreDual to value -1
Set parameter Method to value 2
Set parameter Crossover to value -1
Set parameter TimeLimit to value 7200
Set parameter OutputFlag to value 1
Set parameter NumericFocus to value 0
Set parameter MIPGap to value 0.001
Set parameter OptimalityTol to value 0.0001
Set parameter AggFill to value 10
Set parameter BarConvTol to value 1e-08
Set parameter Presolve to value -1
Gurobi Optimizer version 13.0.0 build v13.0.0rc1 (win64 - Windows 10.0 (19045.2))

CPU model: Intel(R) Core(TM) i9-10900K CPU @ 3.70GHz, instruction set [SSE2|AVX|AVX2]
Thread count: 10 physical cores, 20 logical processors, using up to 20 threads

Non-default parameters:
TimeLimit  7200
MIPGap  0.001
OptimalityTol  0.0001
Method  2
AggFill  10

Optimize a model with 2750496 rows, 718473 columns and 4756386 nonzeros (Min)
Model fingerprint: 0x827fdded
Model has 665760 linear objective coefficients
Coefficient statistics:
  Matrix range     [9e-01, 1e+00]
  Objective range  [1e-02, 1e+04]
  Bounds range     [0e+00, 0e+00]
  RHS range        [1e-01, 1e+09]
Presolve removed 2732985 rows and 618900 columns
Presolve time: 1.09s
Presolved: 17511 rows, 99573 columns, 125835 nonzeros

Ordering time: 0.02s

Barrier statistics:
 AA' NZ     : 1.751e+04
 Factor NZ  : 2.538e+05 (roughly 50 MB of memory)
 Factor Ops : 4.757e+06 (less than 1 second per iteration)
 Threads    : 10

                  Objective                Residual
Iter       Primal          Dual         Primal    Dual     Compl     Time
   0   1.74992796e+10 -6.79587386e+11  1.12e+04 2.94e+00  2.21e+07     1s
   1   2.20067097e+09 -3.43760815e+11  5.78e+02 8.73e-11  2.49e+06     1s
   2   1.12249355e+09 -6.65361789e+10  5.59e+00 1.16e-09  3.42e+05     1s
   3   9.81034566e+08 -5.05042075e+09  7.32e-01 8.55e-11  3.03e+04     1s
   4   9.48325423e+08  2.54301138e+08  8.06e-02 2.91e-11  3.49e+03     1s
   5   9.36387481e+08  6.05499090e+08  3.12e-02 1.85e-11  1.66e+03     1s
   6   9.27336163e+08  7.37021960e+08  1.74e-02 2.91e-11  9.56e+02     1s
   7   9.16413604e+08  7.93486130e+08  7.66e-03 2.91e-11  6.17e+02     1s
   8   9.09570349e+08  8.28436753e+08  4.12e-03 2.91e-11  4.07e+02     1s
   9   9.04695988e+08  8.57035386e+08  2.38e-03 2.91e-11  2.39e+02     1s
  10   8.97870494e+08  8.77995333e+08  6.25e-04 2.91e-11  9.98e+01     1s
  11   8.95427892e+08  8.84575528e+08  3.22e-04 2.91e-11  5.45e+01     1s
  12   8.93151660e+08  8.88205273e+08  1.05e-04 2.91e-11  2.48e+01     1s
  13   8.92370253e+08  8.90013175e+08  4.87e-05 2.91e-11  1.18e+01     1s
  14   8.91886145e+08  8.90907499e+08  1.71e-05 2.91e-11  4.91e+00     1s
  15   8.91701639e+08  8.91164328e+08  6.95e-06 2.91e-11  2.70e+00     1s
  16   8.91608420e+08  8.91387591e+08  2.06e-06 2.91e-11  1.11e+00     1s
  17   8.91588815e+08  8.91461233e+08  1.20e-06 1.97e-11  6.41e-01     1s
  18   8.91570812e+08  8.91523268e+08  4.66e-07 2.91e-11  2.39e-01     1s
  19   8.91565452e+08  8.91540155e+08  2.71e-07 2.91e-11  1.27e-01     2s
  20   8.91560822e+08  8.91552741e+08  9.68e-08 2.91e-11  4.06e-02     2s
  21   8.91558827e+08  8.91556241e+08  3.80e-08 2.91e-11  1.30e-02     2s
  22   8.91557623e+08  8.91557363e+08  3.28e-09 2.91e-11  1.30e-03     2s
  23   8.91557481e+08  8.91557428e+08  1.01e-09 2.91e-11  2.69e-04     2s
  24   8.91557448e+08  8.91557448e+08  1.09e-09 4.37e-11  2.81e-06     2s
  25   8.91557448e+08  8.91557448e+08  1.44e-09 2.95e-11  1.19e-10     2s

Barrier solved model in 25 iterations and 1.63 seconds (2.63 work units)
Optimal objective 8.91557448e+08

Crossover log...

    2075 DPushes remaining with DInf 0.0000000e+00                 2s
       0 DPushes remaining with DInf 0.0000000e+00                 2s

    3112 PPushes remaining with PInf 0.0000000e+00                 2s
       0 PPushes remaining with PInf 0.0000000e+00                 2s

  Push phase complete: Pinf 0.0000000e+00, Dinf 6.1646688e-11      2s

Crossover time: 0.03 seconds (0.02 work units)
Iteration    Objective       Primal Inf.    Dual Inf.      Time
    5190    8.9155745e+08   0.000000e+00   0.000000e+00      2s

Solved in 5190 iterations and 2.24 seconds (3.48 work units)
Optimal objective  8.915574479e+08

User-callback calls 123, time in user-callback 0.00 sec
Reading Input_Data Files for PCM mode
No xlsx file found in the directory D:/MIT Dropbox/Shen Wang/MIT/RA/RA_assessment/RAChronoOps/exports/hope_model_cases/RAChronoOps_VRE120_base_perf1mw_s015_ED\Data_RAChronoOps_PCM/, try to read data from .csv files
Reading network
Reading technology
Reading time series
Reading optional gen_availability_timeseries.csv
Reading policies
Reading single parameters
CSV Files Successfully Load From D:/MIT Dropbox/Shen Wang/MIT/RA/RA_assessment/RAChronoOps/exports/hope_model_cases/RAChronoOps_VRE120_base_perf1mw_s015_ED\Data_RAChronoOps_PCM/
Info: PCM will use generator-level AF for 76 generators from gen_availability_timeseries.
Carbon policy constraints are disabled (carbon_policy = 0).


Model mode: PCM

Termination_status= OPTIMAL

Primal_status= FEASIBLE_POINT



Objective_value= 8.915574478924627e8

Operation_cost= 7.933523801053445e8

Load_shedding= 9.8205067786615e7

RPS_requirement Dict{InlineStrings.String3, Float64}("Z1" => 0.0)

RPSPenalty= 0

CarbonCapPenalty= 0

CarbonCapEmissions= Tuple{InlineStrings.String3, Float64}[("RTS", 0.0)]

Solving time: 10.365999937057495
HOPE model (PCM mode) is successfully solved!
No compatible power-balance duals found for configured network_model=0; skipping power price output.
Generating summary analysis tables in D:/MIT Dropbox/Shen Wang/MIT/RA/RA_assessment/RAChronoOps/exports/hope_model_cases/RAChronoOps_VRE120_base_perf1mw_s015_ED\output_tmp_1779926062\Analysis ...
Warning: Failed to rename temporary output directory into place (attempt 1/5): IOError: rm("D:/MIT Dropbox/Shen Wang/MIT/RA/RA_assessment/RAChronoOps/exports/hope_model_cases/RAChronoOps_VRE120_base_perf1mw_s015_ED\\output_tmp_1779926062\\Analysis"): resource busy or locked (EBUSY)
Retrying in 2 seconds... (close any open CSV/Excel files or pause Dropbox sync)
Warning: Temporary output rename reported a filesystem lock, but 'D:/MIT Dropbox/Shen Wang/MIT/RA/RA_assessment/RAChronoOps/exports/hope_model_cases/RAChronoOps_VRE120_base_perf1mw_s015_ED\output' already contains analysis outputs.
Continuing with 'D:/MIT Dropbox/Shen Wang/MIT/RA/RA_assessment/RAChronoOps/exports/hope_model_cases/RAChronoOps_VRE120_base_perf1mw_s015_ED\output' and leaving 'D:/MIT Dropbox/Shen Wang/MIT/RA/RA_assessment/RAChronoOps/exports/hope_model_cases/RAChronoOps_VRE120_base_perf1mw_s015_ED\output_tmp_1779926062' for later cleanup if needed.
Write solved results in the folder D:/MIT Dropbox/Shen Wang/MIT/RA/RA_assessment/RAChronoOps/exports/hope_model_cases/RAChronoOps_VRE120_base_perf1mw_s015_ED\output DONE!
Set parameter Username
Academic license - for non-commercial use only - expires 2026-12-09
Set parameter OptimalityTol to value 0.0001
Set parameter FeasibilityTol to value 1e-06
Set parameter Presolve to value -1
Set parameter AggFill to value 10
Set parameter PreDual to value -1
Set parameter TimeLimit to value 7200
Set parameter MIPGap to value 0.001
Set parameter Method to value 2
Set parameter BarConvTol to value 1e-08
Set parameter NumericFocus to value 0
Set parameter Crossover to value -1
Set parameter OutputFlag to value 1
Set parameter FeasibilityTol to value 1e-06
Set parameter PreDual to value -1
Set parameter Method to value 2
Set parameter Crossover to value -1
Set parameter TimeLimit to value 7200
Set parameter OutputFlag to value 1
Set parameter NumericFocus to value 0
Set parameter MIPGap to value 0.001
Set parameter OptimalityTol to value 0.0001
Set parameter AggFill to value 10
Set parameter BarConvTol to value 1e-08
Set parameter Presolve to value -1
Gurobi Optimizer version 13.0.0 build v13.0.0rc1 (win64 - Windows 10.0 (19045.2))

CPU model: Intel(R) Core(TM) i9-10900K CPU @ 3.70GHz, instruction set [SSE2|AVX|AVX2]
Thread count: 10 physical cores, 20 logical processors, using up to 20 threads

Non-default parameters:
TimeLimit  7200
MIPGap  0.001
OptimalityTol  0.0001
Method  2
AggFill  10

Optimize a model with 2750496 rows, 718473 columns and 4756386 nonzeros (Min)
Model fingerprint: 0x465f96c3
Model has 665760 linear objective coefficients
Coefficient statistics:
  Matrix range     [9e-01, 1e+00]
  Objective range  [1e-02, 1e+04]
  Bounds range     [0e+00, 0e+00]
  RHS range        [1e-01, 1e+09]
Presolve removed 2732981 rows and 618867 columns
Presolve time: 1.10s
Presolved: 17515 rows, 99606 columns, 125876 nonzeros

Ordering time: 0.02s

Barrier statistics:
 AA' NZ     : 1.751e+04
 Factor NZ  : 2.539e+05 (roughly 50 MB of memory)
 Factor Ops : 4.759e+06 (less than 1 second per iteration)
 Threads    : 10

                  Objective                Residual
Iter       Primal          Dual         Primal    Dual     Compl     Time
   0   1.77129285e+10 -5.10771081e+11  1.09e+04 2.01e+00  1.66e+07     1s
   1   1.85976807e+09 -2.58254072e+11  5.33e+02 5.09e-11  1.84e+06     1s
   2   9.11018870e+08 -5.35245799e+10  1.01e+01 6.00e-10  2.77e+05     1s
   3   8.60825174e+08 -2.51003538e+09  4.99e-01 3.23e-11  1.69e+04     1s
   4   8.43958134e+08  1.44467418e+08  2.66e-02 2.91e-11  3.51e+03     1s
   5   8.35597822e+08  5.54944384e+08  1.08e-02 4.37e-11  1.41e+03     1s
   6   8.23775280e+08  7.01586924e+08  4.14e-03 2.91e-11  6.13e+02     1s
   7   8.12807127e+08  7.59940102e+08  1.68e-03 2.91e-11  2.65e+02     1s
   8   8.05525276e+08  7.78519633e+08  7.85e-04 2.91e-11  1.36e+02     1s
   9   8.00964078e+08  7.87188288e+08  3.83e-04 1.46e-11  6.92e+01     1s
  10   7.97204259e+08  7.91205352e+08  1.18e-04 2.91e-11  3.01e+01     1s
  11   7.96179588e+08  7.93082277e+08  6.37e-05 1.46e-11  1.55e+01     1s
  12   7.95366480e+08  7.94048373e+08  2.37e-05 2.91e-11  6.62e+00     1s
  13   7.95102721e+08  7.94382307e+08  1.19e-05 2.91e-11  3.62e+00     1s
  14   7.94924473e+08  7.94607496e+08  4.25e-06 2.91e-11  1.59e+00     1s
  15   7.94867555e+08  7.94717314e+08  2.04e-06 2.91e-11  7.54e-01     1s
  16   7.94830893e+08  7.94769913e+08  6.96e-07 1.53e-11  3.06e-01     1s
  17   7.94820467e+08  7.94794331e+08  3.34e-07 2.91e-11  1.31e-01     1s
  18   7.94813031e+08  7.94804298e+08  8.40e-08 2.91e-11  4.38e-02     2s
  19   7.94811555e+08  7.94808426e+08  3.89e-08 2.91e-11  1.57e-02     2s
  20   7.94810347e+08  7.94809863e+08  3.20e-09 2.91e-11  2.43e-03     2s
  21   7.94810226e+08  7.94810129e+08  9.37e-10 2.91e-11  4.87e-04     2s
  22   7.94810198e+08  7.94810198e+08  7.33e-10 2.91e-11  2.22e-06     2s
  23   7.94810198e+08  7.94810198e+08  4.19e-10 4.37e-11  2.16e-11     2s

Barrier solved model in 23 iterations and 1.58 seconds (2.60 work units)
Optimal objective 7.94810198e+08

Crossover log...

    2137 DPushes remaining with DInf 0.0000000e+00                 2s
       0 DPushes remaining with DInf 0.0000000e+00                 2s

    3029 PPushes remaining with PInf 0.0000000e+00                 2s
       0 PPushes remaining with PInf 0.0000000e+00                 2s

  Push phase complete: Pinf 0.0000000e+00, Dinf 1.7877255e-11      2s

Crossover time: 0.05 seconds (0.02 work units)
Iteration    Objective       Primal Inf.    Dual Inf.      Time
    5169    7.9481020e+08   0.000000e+00   0.000000e+00      2s

Solved in 5169 iterations and 2.16 seconds (3.44 work units)
Optimal objective  7.948101982e+08

User-callback calls 133, time in user-callback 0.00 sec
Reading Input_Data Files for PCM mode
No xlsx file found in the directory D:/MIT Dropbox/Shen Wang/MIT/RA/RA_assessment/RAChronoOps/exports/hope_model_cases/RAChronoOps_VRE120_base_perf1mw_s016_ED\Data_RAChronoOps_PCM/, try to read data from .csv files
Reading network
Reading technology
Reading time series
Reading optional gen_availability_timeseries.csv
Reading policies
Reading single parameters
CSV Files Successfully Load From D:/MIT Dropbox/Shen Wang/MIT/RA/RA_assessment/RAChronoOps/exports/hope_model_cases/RAChronoOps_VRE120_base_perf1mw_s016_ED\Data_RAChronoOps_PCM/
Info: PCM will use generator-level AF for 76 generators from gen_availability_timeseries.
Carbon policy constraints are disabled (carbon_policy = 0).


Model mode: PCM

Termination_status= OPTIMAL

Primal_status= FEASIBLE_POINT



Objective_value= 7.948101981712956e8

Operation_cost= 7.938504160781076e8

Load_shedding= 959782.0926537563

RPS_requirement Dict{InlineStrings.String3, Float64}("Z1" => 0.0)

RPSPenalty= 0

CarbonCapPenalty= 0

CarbonCapEmissions= Tuple{InlineStrings.String3, Float64}[("RTS", 0.0)]

Solving time: 12.29200005531311
HOPE model (PCM mode) is successfully solved!
No compatible power-balance duals found for configured network_model=0; skipping power price output.
Generating summary analysis tables in D:/MIT Dropbox/Shen Wang/MIT/RA/RA_assessment/RAChronoOps/exports/hope_model_cases/RAChronoOps_VRE120_base_perf1mw_s016_ED\output_tmp_1779926178\Analysis ...
Write solved results in the folder D:/MIT Dropbox/Shen Wang/MIT/RA/RA_assessment/RAChronoOps/exports/hope_model_cases/RAChronoOps_VRE120_base_perf1mw_s016_ED\output DONE!
Set parameter Username
Academic license - for non-commercial use only - expires 2026-12-09
Set parameter OptimalityTol to value 0.0001
Set parameter FeasibilityTol to value 1e-06
Set parameter Presolve to value -1
Set parameter AggFill to value 10
Set parameter PreDual to value -1
Set parameter TimeLimit to value 7200
Set parameter MIPGap to value 0.001
Set parameter Method to value 2
Set parameter BarConvTol to value 1e-08
Set parameter NumericFocus to value 0
Set parameter Crossover to value -1
Set parameter OutputFlag to value 1
Set parameter FeasibilityTol to value 1e-06
Set parameter PreDual to value -1
Set parameter Method to value 2
Set parameter Crossover to value -1
Set parameter TimeLimit to value 7200
Set parameter OutputFlag to value 1
Set parameter NumericFocus to value 0
Set parameter MIPGap to value 0.001
Set parameter OptimalityTol to value 0.0001
Set parameter AggFill to value 10
Set parameter BarConvTol to value 1e-08
Set parameter Presolve to value -1
Gurobi Optimizer version 13.0.0 build v13.0.0rc1 (win64 - Windows 10.0 (19045.2))

CPU model: Intel(R) Core(TM) i9-10900K CPU @ 3.70GHz, instruction set [SSE2|AVX|AVX2]
Thread count: 10 physical cores, 20 logical processors, using up to 20 threads

Non-default parameters:
TimeLimit  7200
MIPGap  0.001
OptimalityTol  0.0001
Method  2
AggFill  10

Optimize a model with 2750496 rows, 718473 columns and 4756386 nonzeros (Min)
Model fingerprint: 0x07794b1d
Model has 665760 linear objective coefficients
Coefficient statistics:
  Matrix range     [9e-01, 1e+00]
  Objective range  [1e-02, 1e+04]
  Bounds range     [0e+00, 0e+00]
  RHS range        [1e-01, 1e+09]
Presolve removed 2732979 rows and 619042 columns
Presolve time: 1.16s
Presolved: 17517 rows, 99431 columns, 125705 nonzeros

Ordering time: 0.01s

Barrier statistics:
 AA' NZ     : 1.752e+04
 Factor NZ  : 2.539e+05 (roughly 50 MB of memory)
 Factor Ops : 4.760e+06 (less than 1 second per iteration)
 Threads    : 10

                  Objective                Residual
Iter       Primal          Dual         Primal    Dual     Compl     Time
   0   1.66231977e+10 -1.16634138e+11  1.10e+04 1.82e-12  3.80e+06     1s
   1   1.62976971e+09 -5.82649025e+10  5.14e+02 2.91e-11  4.15e+05     1s
   2   9.06433849e+08 -1.33293664e+10  3.49e+01 7.19e-11  7.47e+04     1s
   3   8.43726457e+08  1.17428179e+08  1.18e-12 2.91e-11  3.65e+03     1s
   4   8.30353251e+08  4.73919533e+08  7.82e-13 7.28e-11  1.79e+03     1s
   5   8.21716013e+08  6.56235886e+08  6.68e-13 5.82e-11  8.32e+02     1s
   6   8.08617198e+08  7.37141016e+08  1.62e-12 2.91e-11  3.59e+02     1s
   7   8.00365904e+08  7.67545727e+08  8.38e-13 2.91e-11  1.65e+02     1s
   8   7.95687688e+08  7.79043459e+08  9.95e-13 2.91e-11  8.37e+01     1s
   9   7.92213471e+08  7.84227061e+08  1.90e-12 2.91e-11  4.02e+01     1s
  10   7.89585771e+08  7.86348928e+08  9.42e-12 1.46e-11  1.63e+01     1s
  11   7.89150479e+08  7.87538732e+08  1.09e-11 2.91e-11  8.10e+00     1s
  12   7.88810962e+08  7.88199149e+08  1.08e-11 2.91e-11  3.08e+00     1s
  13   7.88687382e+08  7.88344441e+08  1.49e-11 2.91e-11  1.72e+00     1s
  14   7.88600542e+08  7.88449482e+08  1.90e-11 1.46e-11  7.60e-01     1s
  15   7.88556197e+08  7.88485918e+08  7.09e-11 1.46e-11  3.53e-01     2s
  16   7.88535407e+08  7.88508944e+08  5.94e-10 2.91e-11  1.33e-01     2s
  17   7.88530830e+08  7.88515646e+08  8.28e-10 1.46e-11  7.64e-02     2s
  18   7.88527454e+08  7.88522593e+08  8.01e-10 2.91e-11  2.44e-02     2s
  19   7.88525648e+08  7.88524215e+08  1.39e-09 2.91e-11  7.21e-03     2s
  20   7.88524997e+08  7.88524782e+08  2.77e-09 1.46e-11  1.08e-03     2s
  21   7.88524914e+08  7.88524895e+08  1.64e-09 2.91e-11  9.80e-05     2s
  22   7.88524909e+08  7.88524909e+08  1.23e-09 2.91e-11  1.82e-07     2s
  23   7.88524909e+08  7.88524909e+08  1.06e-09 2.91e-11  3.51e-13     2s

Barrier solved model in 23 iterations and 1.68 seconds (2.60 work units)
Optimal objective 7.88524909e+08

Crossover log...

    2051 DPushes remaining with DInf 0.0000000e+00                 2s
       0 DPushes remaining with DInf 0.0000000e+00                 2s

    3106 PPushes remaining with PInf 0.0000000e+00                 2s
       0 PPushes remaining with PInf 0.0000000e+00                 2s

  Push phase complete: Pinf 0.0000000e+00, Dinf 9.9475983e-12      2s

Crossover time: 0.04 seconds (0.02 work units)
Iteration    Objective       Primal Inf.    Dual Inf.      Time
    5160    7.8852491e+08   0.000000e+00   0.000000e+00      2s

Solved in 5160 iterations and 2.25 seconds (3.44 work units)
Optimal objective  7.885249094e+08

User-callback calls 204, time in user-callback 0.00 sec
Reading Input_Data Files for PCM mode
No xlsx file found in the directory D:/MIT Dropbox/Shen Wang/MIT/RA/RA_assessment/RAChronoOps/exports/hope_model_cases/RAChronoOps_VRE120_base_perf1mw_s017_ED\Data_RAChronoOps_PCM/, try to read data from .csv files
Reading network
Reading technology
Reading time series
Reading optional gen_availability_timeseries.csv
Reading policies
Reading single parameters
CSV Files Successfully Load From D:/MIT Dropbox/Shen Wang/MIT/RA/RA_assessment/RAChronoOps/exports/hope_model_cases/RAChronoOps_VRE120_base_perf1mw_s017_ED\Data_RAChronoOps_PCM/
Info: PCM will use generator-level AF for 76 generators from gen_availability_timeseries.
Carbon policy constraints are disabled (carbon_policy = 0).


Model mode: PCM

Termination_status= OPTIMAL

Primal_status= FEASIBLE_POINT



Objective_value= 7.885249094462606e8

Operation_cost= 7.885249094457278e8

Load_shedding= 0.0

RPS_requirement Dict{InlineStrings.String3, Float64}("Z1" => 0.0)

RPSPenalty= 0

CarbonCapPenalty= 0

CarbonCapEmissions= Tuple{InlineStrings.String3, Float64}[("RTS", 0.0)]

Solving time: 12.25600004196167
HOPE model (PCM mode) is successfully solved!
No compatible power-balance duals found for configured network_model=0; skipping power price output.
Generating summary analysis tables in D:/MIT Dropbox/Shen Wang/MIT/RA/RA_assessment/RAChronoOps/exports/hope_model_cases/RAChronoOps_VRE120_base_perf1mw_s017_ED\output_tmp_1779926287\Analysis ...
Warning: Failed to rename temporary output directory into place (attempt 1/5): IOError: rm("D:/MIT Dropbox/Shen Wang/MIT/RA/RA_assessment/RAChronoOps/exports/hope_model_cases/RAChronoOps_VRE120_base_perf1mw_s017_ED\\output_tmp_1779926287\\Analysis"): resource busy or locked (EBUSY)
Retrying in 2 seconds... (close any open CSV/Excel files or pause Dropbox sync)
Warning: Temporary output rename reported a filesystem lock, but 'D:/MIT Dropbox/Shen Wang/MIT/RA/RA_assessment/RAChronoOps/exports/hope_model_cases/RAChronoOps_VRE120_base_perf1mw_s017_ED\output' already contains analysis outputs.
Continuing with 'D:/MIT Dropbox/Shen Wang/MIT/RA/RA_assessment/RAChronoOps/exports/hope_model_cases/RAChronoOps_VRE120_base_perf1mw_s017_ED\output' and leaving 'D:/MIT Dropbox/Shen Wang/MIT/RA/RA_assessment/RAChronoOps/exports/hope_model_cases/RAChronoOps_VRE120_base_perf1mw_s017_ED\output_tmp_1779926287' for later cleanup if needed.
Write solved results in the folder D:/MIT Dropbox/Shen Wang/MIT/RA/RA_assessment/RAChronoOps/exports/hope_model_cases/RAChronoOps_VRE120_base_perf1mw_s017_ED\output DONE!
Set parameter Username
Academic license - for non-commercial use only - expires 2026-12-09
Set parameter OptimalityTol to value 0.0001
Set parameter FeasibilityTol to value 1e-06
Set parameter Presolve to value -1
Set parameter AggFill to value 10
Set parameter PreDual to value -1
Set parameter TimeLimit to value 7200
Set parameter MIPGap to value 0.001
Set parameter Method to value 2
Set parameter BarConvTol to value 1e-08
Set parameter NumericFocus to value 0
Set parameter Crossover to value -1
Set parameter OutputFlag to value 1
Set parameter FeasibilityTol to value 1e-06
Set parameter PreDual to value -1
Set parameter Method to value 2
Set parameter Crossover to value -1
Set parameter TimeLimit to value 7200
Set parameter OutputFlag to value 1
Set parameter NumericFocus to value 0
Set parameter MIPGap to value 0.001
Set parameter OptimalityTol to value 0.0001
Set parameter AggFill to value 10
Set parameter BarConvTol to value 1e-08
Set parameter Presolve to value -1
Gurobi Optimizer version 13.0.0 build v13.0.0rc1 (win64 - Windows 10.0 (19045.2))

CPU model: Intel(R) Core(TM) i9-10900K CPU @ 3.70GHz, instruction set [SSE2|AVX|AVX2]
Thread count: 10 physical cores, 20 logical processors, using up to 20 threads

Non-default parameters:
TimeLimit  7200
MIPGap  0.001
OptimalityTol  0.0001
Method  2
AggFill  10

Optimize a model with 2750496 rows, 718473 columns and 4756386 nonzeros (Min)
Model fingerprint: 0xa63507e7
Model has 665760 linear objective coefficients
Coefficient statistics:
  Matrix range     [9e-01, 1e+00]
  Objective range  [1e-02, 1e+04]
  Bounds range     [0e+00, 0e+00]
  RHS range        [1e-01, 1e+09]
Presolve removed 2732984 rows and 619224 columns
Presolve time: 1.09s
Presolved: 17512 rows, 99249 columns, 125513 nonzeros

Ordering time: 0.00s

Barrier statistics:
 AA' NZ     : 1.751e+04
 Factor NZ  : 2.538e+05 (roughly 50 MB of memory)
 Factor Ops : 4.757e+06 (less than 1 second per iteration)
 Threads    : 10

                  Objective                Residual
Iter       Primal          Dual         Primal    Dual     Compl     Time
   0   1.73182555e+10 -5.28923084e+11  1.06e+04 2.95e+00  1.72e+07     1s
   1   1.91560698e+09 -2.67309182e+11  5.34e+02 5.09e-11  1.93e+06     1s
   2   9.81177488e+08 -6.19881129e+10  1.25e+01 2.62e-10  3.23e+05     1s
   3   8.97431423e+08 -3.06680852e+09  4.83e-01 4.37e-11  2.00e+04     1s
   4   8.77502922e+08  1.11915280e+08  1.12e-02 2.91e-11  3.86e+03     1s
   5   8.67937580e+08  5.65896365e+08  3.17e-03 2.91e-11  1.52e+03     1s
   6   8.56643003e+08  7.41308715e+08  1.24e-03 4.37e-11  5.81e+02     1s
   7   8.44951885e+08  8.01530637e+08  4.67e-04 4.37e-11  2.19e+02     1s
   8   8.37466598e+08  8.15981095e+08  2.17e-04 2.91e-11  1.08e+02     1s
   9   8.32800612e+08  8.22134816e+08  1.00e-04 2.91e-11  5.37e+01     1s
  10   8.29254329e+08  8.24659113e+08  2.38e-05 2.91e-11  2.31e+01     1s
  11   8.28585724e+08  8.26266276e+08  1.34e-05 1.46e-11  1.17e+01     1s
  12   8.27974056e+08  8.27001532e+08  4.46e-06 2.91e-11  4.90e+00     1s
  13   8.27805109e+08  8.27255781e+08  2.25e-06 2.91e-11  2.77e+00     1s
  14   8.27687241e+08  8.27444262e+08  8.04e-07 1.49e-11  1.22e+00     1s
  15   8.27644583e+08  8.27530372e+08  3.34e-07 2.91e-11  5.75e-01     1s
  16   8.27619558e+08  8.27576507e+08  7.07e-08 2.91e-11  2.17e-01     1s
  17   8.27614357e+08  8.27595622e+08  2.53e-08 2.91e-11  9.44e-02     1s
  18   8.27612691e+08  8.27608456e+08  1.18e-08 2.91e-11  2.13e-02     1s
  19   8.27611464e+08  8.27610368e+08  2.79e-09 2.91e-11  5.52e-03     1s
  20   8.27611080e+08  8.27610997e+08  9.33e-10 2.91e-11  4.22e-04     1s
  21   8.27611049e+08  8.27611043e+08  1.78e-09 2.91e-11  2.68e-05     2s
  22   8.27611047e+08  8.27611047e+08  1.33e-09 2.91e-11  2.69e-08     2s
  23   8.27611047e+08  8.27611047e+08  1.48e-09 2.91e-11  7.64e-11     2s

Barrier solved model in 23 iterations and 1.56 seconds (2.60 work units)
Optimal objective 8.27611047e+08

Crossover log...

    1991 DPushes remaining with DInf 0.0000000e+00                 2s
       0 DPushes remaining with DInf 0.0000000e+00                 2s

    3058 PPushes remaining with PInf 0.0000000e+00                 2s
       0 PPushes remaining with PInf 0.0000000e+00                 2s

  Push phase complete: Pinf 0.0000000e+00, Dinf 3.2187586e-11      2s

Crossover time: 0.03 seconds (0.02 work units)
Iteration    Objective       Primal Inf.    Dual Inf.      Time
    5052    8.2761105e+08   0.000000e+00   0.000000e+00      2s

Solved in 5052 iterations and 2.11 seconds (3.44 work units)
Optimal objective  8.276110471e+08

User-callback calls 116, time in user-callback 0.00 sec
Reading Input_Data Files for PCM mode
No xlsx file found in the directory D:/MIT Dropbox/Shen Wang/MIT/RA/RA_assessment/RAChronoOps/exports/hope_model_cases/RAChronoOps_VRE120_base_perf1mw_s018_ED\Data_RAChronoOps_PCM/, try to read data from .csv files
Reading network
Reading technology
Reading time series
Reading optional gen_availability_timeseries.csv
Reading policies
Reading single parameters
CSV Files Successfully Load From D:/MIT Dropbox/Shen Wang/MIT/RA/RA_assessment/RAChronoOps/exports/hope_model_cases/RAChronoOps_VRE120_base_perf1mw_s018_ED\Data_RAChronoOps_PCM/
Info: PCM will use generator-level AF for 76 generators from gen_availability_timeseries.
Carbon policy constraints are disabled (carbon_policy = 0).


Model mode: PCM

Termination_status= OPTIMAL

Primal_status= FEASIBLE_POINT



Objective_value= 8.276110471357082e8

Operation_cost= 7.968135934858752e8

Load_shedding= 3.0797453649307497e7

RPS_requirement Dict{InlineStrings.String3, Float64}("Z1" => 0.0)

RPSPenalty= 0

CarbonCapPenalty= 0

CarbonCapEmissions= Tuple{InlineStrings.String3, Float64}[("RTS", 0.0)]

Solving time: 12.199000120162964
HOPE model (PCM mode) is successfully solved!
No compatible power-balance duals found for configured network_model=0; skipping power price output.
Generating summary analysis tables in D:/MIT Dropbox/Shen Wang/MIT/RA/RA_assessment/RAChronoOps/exports/hope_model_cases/RAChronoOps_VRE120_base_perf1mw_s018_ED\output_tmp_1779926403\Analysis ...
Warning: Failed to rename temporary output directory into place (attempt 1/5): IOError: rm("D:/MIT Dropbox/Shen Wang/MIT/RA/RA_assessment/RAChronoOps/exports/hope_model_cases/RAChronoOps_VRE120_base_perf1mw_s018_ED\\output_tmp_1779926403\\Analysis"): resource busy or locked (EBUSY)
Retrying in 2 seconds... (close any open CSV/Excel files or pause Dropbox sync)
Warning: Temporary output rename reported a filesystem lock, but 'D:/MIT Dropbox/Shen Wang/MIT/RA/RA_assessment/RAChronoOps/exports/hope_model_cases/RAChronoOps_VRE120_base_perf1mw_s018_ED\output' already contains analysis outputs.
Continuing with 'D:/MIT Dropbox/Shen Wang/MIT/RA/RA_assessment/RAChronoOps/exports/hope_model_cases/RAChronoOps_VRE120_base_perf1mw_s018_ED\output' and leaving 'D:/MIT Dropbox/Shen Wang/MIT/RA/RA_assessment/RAChronoOps/exports/hope_model_cases/RAChronoOps_VRE120_base_perf1mw_s018_ED\output_tmp_1779926403' for later cleanup if needed.
Write solved results in the folder D:/MIT Dropbox/Shen Wang/MIT/RA/RA_assessment/RAChronoOps/exports/hope_model_cases/RAChronoOps_VRE120_base_perf1mw_s018_ED\output DONE!
Set parameter Username
Academic license - for non-commercial use only - expires 2026-12-09
Set parameter OptimalityTol to value 0.0001
Set parameter FeasibilityTol to value 1e-06
Set parameter Presolve to value -1
Set parameter AggFill to value 10
Set parameter PreDual to value -1
Set parameter TimeLimit to value 7200
Set parameter MIPGap to value 0.001
Set parameter Method to value 2
Set parameter BarConvTol to value 1e-08
Set parameter NumericFocus to value 0
Set parameter Crossover to value -1
Set parameter OutputFlag to value 1
Set parameter FeasibilityTol to value 1e-06
Set parameter PreDual to value -1
Set parameter Method to value 2
Set parameter Crossover to value -1
Set parameter TimeLimit to value 7200
Set parameter OutputFlag to value 1
Set parameter NumericFocus to value 0
Set parameter MIPGap to value 0.001
Set parameter OptimalityTol to value 0.0001
Set parameter AggFill to value 10
Set parameter BarConvTol to value 1e-08
Set parameter Presolve to value -1
Gurobi Optimizer version 13.0.0 build v13.0.0rc1 (win64 - Windows 10.0 (19045.2))

CPU model: Intel(R) Core(TM) i9-10900K CPU @ 3.70GHz, instruction set [SSE2|AVX|AVX2]
Thread count: 10 physical cores, 20 logical processors, using up to 20 threads

Non-default parameters:
TimeLimit  7200
MIPGap  0.001
OptimalityTol  0.0001
Method  2
AggFill  10

Optimize a model with 2750496 rows, 718473 columns and 4756386 nonzeros (Min)
Model fingerprint: 0xc9798d17
Model has 665760 linear objective coefficients
Coefficient statistics:
  Matrix range     [9e-01, 1e+00]
  Objective range  [1e-02, 1e+04]
  Bounds range     [0e+00, 0e+00]
  RHS range        [1e-01, 1e+09]
Presolve removed 2732979 rows and 618692 columns
Presolve time: 1.09s
Presolved: 17517 rows, 99781 columns, 126055 nonzeros

Ordering time: 0.01s

Barrier statistics:
 AA' NZ     : 1.752e+04
 Factor NZ  : 2.539e+05 (roughly 50 MB of memory)
 Factor Ops : 4.760e+06 (less than 1 second per iteration)
 Threads    : 10

                  Objective                Residual
Iter       Primal          Dual         Primal    Dual     Compl     Time
   0   1.82566570e+10 -1.16809019e+11  1.05e+04 1.82e-12  3.82e+06     1s
   1   2.25174340e+09 -5.83728599e+10  8.04e+02 2.91e-11  4.92e+05     1s
   2   1.05835092e+09 -1.81094231e+10  1.06e+02 4.37e-11  1.09e+05     1s
   3   8.51942696e+08 -5.62555269e+06  1.56e-01 4.59e-11  4.30e+03     1s
   4   8.36874485e+08  5.85760913e+08  2.56e-02 2.91e-11  1.26e+03     1s
   5   8.24789724e+08  7.09511964e+08  1.28e-02 2.91e-11  5.78e+02     1s
   6   8.12982842e+08  7.63259444e+08  5.81e-03 2.91e-11  2.49e+02     1s
   7   8.05182578e+08  7.81783692e+08  2.59e-03 2.91e-11  1.17e+02     1s
   8   8.01153895e+08  7.89404945e+08  1.28e-03 1.46e-11  5.89e+01     1s
   9   7.98822113e+08  7.92982051e+08  6.25e-04 1.46e-11  2.93e+01     1s
  10   7.97237566e+08  7.94672771e+08  2.13e-04 1.46e-11  1.29e+01     1s
  11   7.96740688e+08  7.95386571e+08  9.96e-05 2.91e-11  6.79e+00     1s
  12   7.96407928e+08  7.95951086e+08  2.96e-05 1.46e-11  2.29e+00     1s
  13   7.96322164e+08  7.96082009e+08  1.39e-05 2.91e-11  1.20e+00     1s
  14   7.96262957e+08  7.96171543e+08  3.76e-06 2.91e-11  4.58e-01     1s
  15   7.96250924e+08  7.96206640e+08  1.90e-06 2.91e-11  2.22e-01     1s
  16   7.96240379e+08  7.96229013e+08  3.88e-07 1.46e-11  5.70e-02     1s
  17   7.96237978e+08  7.96234787e+08  9.39e-08 2.91e-11  1.60e-02     1s
  18   7.96237183e+08  7.96236761e+08  5.86e-09 2.91e-11  2.12e-03     1s
  19   7.96237120e+08  7.96237061e+08  1.13e-09 2.91e-11  2.94e-04     1s
  20   7.96237102e+08  7.96237101e+08  6.78e-10 2.91e-11  4.27e-06     2s
  21   7.96237102e+08  7.96237102e+08  9.25e-10 2.91e-11  1.07e-08     2s
  22   7.96237102e+08  7.96237102e+08  2.72e-10 4.37e-11  1.07e-11     2s

Barrier solved model in 22 iterations and 1.56 seconds (2.58 work units)
Optimal objective 7.96237102e+08

Crossover log...

    2164 DPushes remaining with DInf 0.0000000e+00                 2s
       0 DPushes remaining with DInf 0.0000000e+00                 2s

    3167 PPushes remaining with PInf 0.0000000e+00                 2s
       0 PPushes remaining with PInf 0.0000000e+00                 2s

  Push phase complete: Pinf 0.0000000e+00, Dinf 1.1610268e-11      2s

Crossover time: 0.03 seconds (0.02 work units)
Iteration    Objective       Primal Inf.    Dual Inf.      Time
    5334    7.9623710e+08   0.000000e+00   0.000000e+00      2s

Solved in 5334 iterations and 2.10 seconds (3.42 work units)
Optimal objective  7.962371017e+08

User-callback calls 112, time in user-callback 0.00 sec
Reading Input_Data Files for PCM mode
No xlsx file found in the directory D:/MIT Dropbox/Shen Wang/MIT/RA/RA_assessment/RAChronoOps/exports/hope_model_cases/RAChronoOps_VRE120_base_perf1mw_s019_ED\Data_RAChronoOps_PCM/, try to read data from .csv files
Reading network
Reading technology
Reading time series
Reading optional gen_availability_timeseries.csv
Reading policies
Reading single parameters
CSV Files Successfully Load From D:/MIT Dropbox/Shen Wang/MIT/RA/RA_assessment/RAChronoOps/exports/hope_model_cases/RAChronoOps_VRE120_base_perf1mw_s019_ED\Data_RAChronoOps_PCM/
Info: PCM will use generator-level AF for 76 generators from gen_availability_timeseries.
Carbon policy constraints are disabled (carbon_policy = 0).


Model mode: PCM

Termination_status= OPTIMAL

Primal_status= FEASIBLE_POINT



Objective_value= 7.962371016505557e8

Operation_cost= 7.962371016500884e8

Load_shedding= 0.0

RPS_requirement Dict{InlineStrings.String3, Float64}("Z1" => 0.0)

RPSPenalty= 0

CarbonCapPenalty= 0

CarbonCapEmissions= Tuple{InlineStrings.String3, Float64}[("RTS", 0.0)]

Solving time: 12.105999946594238
HOPE model (PCM mode) is successfully solved!
No compatible power-balance duals found for configured network_model=0; skipping power price output.
Generating summary analysis tables in D:/MIT Dropbox/Shen Wang/MIT/RA/RA_assessment/RAChronoOps/exports/hope_model_cases/RAChronoOps_VRE120_base_perf1mw_s019_ED\output_tmp_1779926522\Analysis ...
Warning: Failed to rename temporary output directory into place (attempt 1/5): IOError: rm("D:/MIT Dropbox/Shen Wang/MIT/RA/RA_assessment/RAChronoOps/exports/hope_model_cases/RAChronoOps_VRE120_base_perf1mw_s019_ED\\output_tmp_1779926522\\Analysis"): resource busy or locked (EBUSY)
Retrying in 2 seconds... (close any open CSV/Excel files or pause Dropbox sync)
Warning: Temporary output rename reported a filesystem lock, but 'D:/MIT Dropbox/Shen Wang/MIT/RA/RA_assessment/RAChronoOps/exports/hope_model_cases/RAChronoOps_VRE120_base_perf1mw_s019_ED\output' already contains analysis outputs.
Continuing with 'D:/MIT Dropbox/Shen Wang/MIT/RA/RA_assessment/RAChronoOps/exports/hope_model_cases/RAChronoOps_VRE120_base_perf1mw_s019_ED\output' and leaving 'D:/MIT Dropbox/Shen Wang/MIT/RA/RA_assessment/RAChronoOps/exports/hope_model_cases/RAChronoOps_VRE120_base_perf1mw_s019_ED\output_tmp_1779926522' for later cleanup if needed.
Write solved results in the folder D:/MIT Dropbox/Shen Wang/MIT/RA/RA_assessment/RAChronoOps/exports/hope_model_cases/RAChronoOps_VRE120_base_perf1mw_s019_ED\output DONE!
Set parameter Username
Academic license - for non-commercial use only - expires 2026-12-09
Set parameter OptimalityTol to value 0.0001
Set parameter FeasibilityTol to value 1e-06
Set parameter Presolve to value -1
Set parameter AggFill to value 10
Set parameter PreDual to value -1
Set parameter TimeLimit to value 7200
Set parameter MIPGap to value 0.001
Set parameter Method to value 2
Set parameter BarConvTol to value 1e-08
Set parameter NumericFocus to value 0
Set parameter Crossover to value -1
Set parameter OutputFlag to value 1
Set parameter FeasibilityTol to value 1e-06
Set parameter PreDual to value -1
Set parameter Method to value 2
Set parameter Crossover to value -1
Set parameter TimeLimit to value 7200
Set parameter OutputFlag to value 1
Set parameter NumericFocus to value 0
Set parameter MIPGap to value 0.001
Set parameter OptimalityTol to value 0.0001
Set parameter AggFill to value 10
Set parameter BarConvTol to value 1e-08
Set parameter Presolve to value -1
Gurobi Optimizer version 13.0.0 build v13.0.0rc1 (win64 - Windows 10.0 (19045.2))

CPU model: Intel(R) Core(TM) i9-10900K CPU @ 3.70GHz, instruction set [SSE2|AVX|AVX2]
Thread count: 10 physical cores, 20 logical processors, using up to 20 threads

Non-default parameters:
TimeLimit  7200
MIPGap  0.001
OptimalityTol  0.0001
Method  2
AggFill  10

Optimize a model with 2750496 rows, 718473 columns and 4756386 nonzeros (Min)
Model fingerprint: 0xbf7eaa44
Model has 665760 linear objective coefficients
Coefficient statistics:
  Matrix range     [9e-01, 1e+00]
  Objective range  [1e-02, 1e+04]
  Bounds range     [0e+00, 0e+00]
  RHS range        [1e-01, 1e+09]
Presolve removed 2732979 rows and 619060 columns
Presolve time: 1.16s
Presolved: 17517 rows, 99413 columns, 125687 nonzeros

Ordering time: 0.01s

Barrier statistics:
 AA' NZ     : 1.752e+04
 Factor NZ  : 2.539e+05 (roughly 50 MB of memory)
 Factor Ops : 4.760e+06 (less than 1 second per iteration)
 Threads    : 10

                  Objective                Residual
Iter       Primal          Dual         Primal    Dual     Compl     Time
   0   1.88803959e+10 -1.16877817e+11  1.10e+04 1.82e-12  3.83e+06     1s
   1   3.20219691e+09 -5.84705332e+10  1.39e+03 2.91e-11  6.20e+05     1s
   2   1.17067887e+09 -2.09755421e+10  1.63e+02 4.07e-10  1.33e+05     1s
   3   8.74340809e+08 -1.16022157e+09  6.78e+00 5.73e-11  1.04e+04     1s
   4   8.50364988e+08  5.04252649e+08  9.46e-03 2.91e-11  1.74e+03     1s
   5   8.40146948e+08  6.29106516e+08  5.30e-03 1.46e-11  1.06e+03     1s
   6   8.28027106e+08  7.45152819e+08  2.79e-03 2.91e-11  4.17e+02     1s
   7   8.18517026e+08  7.82854642e+08  1.35e-03 2.91e-11  1.79e+02     1s
   8   8.13477294e+08  7.96403026e+08  6.97e-04 1.46e-11  8.59e+01     1s
   9   8.10225807e+08  8.01813206e+08  3.52e-04 2.91e-11  4.23e+01     1s
  10   8.08086172e+08  8.04553372e+08  1.49e-04 2.91e-11  1.78e+01     1s
  11   8.07289559e+08  8.05458813e+08  8.14e-05 2.91e-11  9.21e+00     1s
  12   8.06716521e+08  8.05858647e+08  3.50e-05 1.46e-11  4.31e+00     2s
  13   8.06464539e+08  8.06023314e+08  1.59e-05 2.91e-11  2.22e+00     2s
  14   8.06339989e+08  8.06165557e+08  6.70e-06 2.91e-11  8.77e-01     2s
  15   8.06285874e+08  8.06210500e+08  2.97e-06 1.46e-11  3.79e-01     2s
  16   8.06263368e+08  8.06231912e+08  1.46e-06 2.91e-11  1.58e-01     2s
  17   8.06246721e+08  8.06237455e+08  3.99e-07 1.46e-11  4.66e-02     2s
  18   8.06241388e+08  8.06239910e+08  6.26e-08 2.91e-11  7.43e-03     2s
  19   8.06240577e+08  8.06240142e+08  1.83e-08 2.91e-11  2.19e-03     2s
  20   8.06240261e+08  8.06240227e+08  2.56e-08 2.91e-11  1.72e-04     2s
  21   8.06240233e+08  8.06240232e+08  8.20e-09 2.91e-11  7.45e-06     2s
  22   8.06240232e+08  8.06240232e+08  5.24e-09 2.91e-11  7.48e-09     2s

Barrier solved model in 22 iterations and 1.73 seconds (2.58 work units)
Optimal objective 8.06240232e+08

Crossover log...

    2208 DPushes remaining with DInf 0.0000000e+00                 2s
       0 DPushes remaining with DInf 0.0000000e+00                 2s

    3126 PPushes remaining with PInf 0.0000000e+00                 2s
       0 PPushes remaining with PInf 0.0000000e+00                 2s

  Push phase complete: Pinf 0.0000000e+00, Dinf 1.2235546e-11      2s

Crossover time: 0.04 seconds (0.02 work units)
Iteration    Objective       Primal Inf.    Dual Inf.      Time
    5337    8.0624023e+08   0.000000e+00   0.000000e+00      2s

Solved in 5337 iterations and 2.38 seconds (3.42 work units)
Optimal objective  8.062402324e+08

User-callback calls 149, time in user-callback 0.00 sec
Reading Input_Data Files for PCM mode
No xlsx file found in the directory D:/MIT Dropbox/Shen Wang/MIT/RA/RA_assessment/RAChronoOps/exports/hope_model_cases/RAChronoOps_VRE120_base_perf1mw_s020_ED\Data_RAChronoOps_PCM/, try to read data from .csv files
Reading network
Reading technology
Reading time series
Reading optional gen_availability_timeseries.csv
Reading policies
Reading single parameters
CSV Files Successfully Load From D:/MIT Dropbox/Shen Wang/MIT/RA/RA_assessment/RAChronoOps/exports/hope_model_cases/RAChronoOps_VRE120_base_perf1mw_s020_ED\Data_RAChronoOps_PCM/
Info: PCM will use generator-level AF for 76 generators from gen_availability_timeseries.
Carbon policy constraints are disabled (carbon_policy = 0).


Model mode: PCM

Termination_status= OPTIMAL

Primal_status= FEASIBLE_POINT



Objective_value= 8.062402323588624e8

Operation_cost= 8.062402323582966e8

Load_shedding= 0.0

RPS_requirement Dict{InlineStrings.String3, Float64}("Z1" => 0.0)

RPSPenalty= 0

CarbonCapPenalty= 0

CarbonCapEmissions= Tuple{InlineStrings.String3, Float64}[("RTS", 0.0)]

Solving time: 12.319999933242798
HOPE model (PCM mode) is successfully solved!
No compatible power-balance duals found for configured network_model=0; skipping power price output.
Generating summary analysis tables in D:/MIT Dropbox/Shen Wang/MIT/RA/RA_assessment/RAChronoOps/exports/hope_model_cases/RAChronoOps_VRE120_base_perf1mw_s020_ED\output_tmp_1779926638\Analysis ...
Write solved results in the folder D:/MIT Dropbox/Shen Wang/MIT/RA/RA_assessment/RAChronoOps/exports/hope_model_cases/RAChronoOps_VRE120_base_perf1mw_s020_ED\output DONE!
Set parameter Username
Academic license - for non-commercial use only - expires 2026-12-09
Set parameter OptimalityTol to value 0.0001
Set parameter FeasibilityTol to value 1e-06
Set parameter Presolve to value -1
Set parameter AggFill to value 10
Set parameter PreDual to value -1
Set parameter TimeLimit to value 7200
Set parameter MIPGap to value 0.001
Set parameter Method to value 2
Set parameter BarConvTol to value 1e-08
Set parameter NumericFocus to value 0
Set parameter Crossover to value -1
Set parameter OutputFlag to value 1
Set parameter FeasibilityTol to value 1e-06
Set parameter PreDual to value -1
Set parameter Method to value 2
Set parameter Crossover to value -1
Set parameter TimeLimit to value 7200
Set parameter OutputFlag to value 1
Set parameter NumericFocus to value 0
Set parameter MIPGap to value 0.001
Set parameter OptimalityTol to value 0.0001
Set parameter AggFill to value 10
Set parameter BarConvTol to value 1e-08
Set parameter Presolve to value -1
Gurobi Optimizer version 13.0.0 build v13.0.0rc1 (win64 - Windows 10.0 (19045.2))

CPU model: Intel(R) Core(TM) i9-10900K CPU @ 3.70GHz, instruction set [SSE2|AVX|AVX2]
Thread count: 10 physical cores, 20 logical processors, using up to 20 threads

Non-default parameters:
TimeLimit  7200
MIPGap  0.001
OptimalityTol  0.0001
Method  2
AggFill  10

Optimize a model with 2750496 rows, 718473 columns and 4756386 nonzeros (Min)
Model fingerprint: 0x30f5004f
Model has 665760 linear objective coefficients
Coefficient statistics:
  Matrix range     [9e-01, 1e+00]
  Objective range  [1e-02, 1e+04]
  Bounds range     [0e+00, 0e+00]
  RHS range        [1e-01, 1e+09]
Presolve removed 2732981 rows and 619409 columns
Presolve time: 1.10s
Presolved: 17515 rows, 99064 columns, 125334 nonzeros

Ordering time: 0.00s

Barrier statistics:
 AA' NZ     : 1.751e+04
 Factor NZ  : 2.539e+05 (roughly 50 MB of memory)
 Factor Ops : 4.759e+06 (less than 1 second per iteration)
 Threads    : 10

                  Objective                Residual
Iter       Primal          Dual         Primal    Dual     Compl     Time
   0   1.68014453e+10 -6.75552829e+11  1.11e+04 2.32e+00  2.19e+07     1s
   1   1.96841850e+09 -3.41217789e+11  5.50e+02 7.28e-11  2.44e+06     1s
   2   1.00076335e+09 -6.87392693e+10  7.62e+00 6.77e-10  3.55e+05     1s
   3   8.95029256e+08 -6.70259512e+09  7.01e-01 8.37e-11  3.84e+04     1s
   4   8.64863536e+08  2.04503412e+08  4.40e-02 2.91e-11  3.33e+03     1s
   5   8.53173950e+08  5.53499130e+08  1.43e-02 2.91e-11  1.51e+03     1s
   6   8.42347911e+08  6.83770535e+08  6.48e-03 1.46e-11  8.00e+02     1s
   7   8.31896096e+08  7.52101779e+08  2.68e-03 1.58e-11  4.03e+02     1s
   8   8.24953523e+08  7.85752730e+08  1.36e-03 2.91e-11  1.98e+02     1s
   9   8.20368430e+08  7.97820737e+08  7.70e-04 2.91e-11  1.14e+02     1s
  10   8.13931494e+08  8.05148326e+08  1.21e-04 1.46e-11  4.43e+01     1s
  11   8.12816275e+08  8.08300102e+08  6.63e-05 2.91e-11  2.28e+01     1s
  12   8.11809711e+08  8.10027467e+08  2.25e-05 2.91e-11  9.00e+00     1s
  13   8.11480271e+08  8.10625196e+08  1.03e-05 2.91e-11  4.32e+00     1s
  14   8.11305056e+08  8.10961988e+08  4.23e-06 2.91e-11  1.73e+00     1s
  15   8.11241818e+08  8.11066976e+08  2.24e-06 2.91e-11  8.82e-01     1s
  16   8.11197159e+08  8.11131406e+08  9.09e-07 2.91e-11  3.32e-01     1s
  17   8.11180041e+08  8.11150333e+08  4.13e-07 2.91e-11  1.50e-01     1s
  18   8.11171273e+08  8.11160331e+08  1.64e-07 2.91e-11  5.52e-02     1s
  19   8.11167529e+08  8.11163480e+08  6.17e-08 2.91e-11  2.04e-02     1s
  20   8.11165492e+08  8.11164788e+08  8.94e-09 2.91e-11  3.55e-03     2s
  21   8.11165166e+08  8.11165014e+08  1.36e-09 2.91e-11  7.65e-04     2s
  22   8.11165105e+08  8.11165096e+08  1.44e-10 2.91e-11  4.64e-05     2s
  23   8.11165098e+08  8.11165098e+08  1.02e-10 4.37e-11  7.70e-07     2s
  24   8.11165098e+08  8.11165098e+08  2.15e-10 4.37e-11  7.70e-10     2s

Barrier solved model in 24 iterations and 1.60 seconds (2.62 work units)
Optimal objective 8.11165098e+08

Crossover log...

    2080 DPushes remaining with DInf 0.0000000e+00                 2s
       0 DPushes remaining with DInf 0.0000000e+00                 2s

    3117 PPushes remaining with PInf 0.0000000e+00                 2s
       0 PPushes remaining with PInf 0.0000000e+00                 2s

  Push phase complete: Pinf 0.0000000e+00, Dinf 3.1548097e-11      2s

Crossover time: 0.03 seconds (0.02 work units)
Iteration    Objective       Primal Inf.    Dual Inf.      Time
    5200    8.1116510e+08   0.000000e+00   0.000000e+00      2s

Solved in 5200 iterations and 2.14 seconds (3.46 work units)
Optimal objective  8.111650982e+08

User-callback calls 129, time in user-callback 0.00 sec
Reading Input_Data Files for PCM mode
No xlsx file found in the directory D:/MIT Dropbox/Shen Wang/MIT/RA/RA_assessment/RAChronoOps/exports/hope_model_cases/RAChronoOps_VRE120_base_perf5mw_s001_ED\Data_RAChronoOps_PCM/, try to read data from .csv files
Reading network
Reading technology
Reading time series
Reading optional gen_availability_timeseries.csv
Reading policies
Reading single parameters
CSV Files Successfully Load From D:/MIT Dropbox/Shen Wang/MIT/RA/RA_assessment/RAChronoOps/exports/hope_model_cases/RAChronoOps_VRE120_base_perf5mw_s001_ED\Data_RAChronoOps_PCM/
Info: PCM will use generator-level AF for 76 generators from gen_availability_timeseries.
Carbon policy constraints are disabled (carbon_policy = 0).


Model mode: PCM

Termination_status= OPTIMAL

Primal_status= FEASIBLE_POINT



Objective_value= 8.111650982239602e8

Operation_cost= 7.943703200894978e8

Load_shedding= 1.6794778133961312e7

RPS_requirement Dict{InlineStrings.String3, Float64}("Z1" => 0.0)

RPSPenalty= 0

CarbonCapPenalty= 0

CarbonCapEmissions= Tuple{InlineStrings.String3, Float64}[("RTS", 0.0)]

Solving time: 11.954999923706055
HOPE model (PCM mode) is successfully solved!
No compatible power-balance duals found for configured network_model=0; skipping power price output.
Generating summary analysis tables in D:/MIT Dropbox/Shen Wang/MIT/RA/RA_assessment/RAChronoOps/exports/hope_model_cases/RAChronoOps_VRE120_base_perf5mw_s001_ED\output_tmp_1779926752\Analysis ...
Warning: Failed to rename temporary output directory into place (attempt 1/5): IOError: rm("D:/MIT Dropbox/Shen Wang/MIT/RA/RA_assessment/RAChronoOps/exports/hope_model_cases/RAChronoOps_VRE120_base_perf5mw_s001_ED\\output_tmp_1779926752\\Analysis"): resource busy or locked (EBUSY)
Retrying in 2 seconds... (close any open CSV/Excel files or pause Dropbox sync)
Warning: Temporary output rename reported a filesystem lock, but 'D:/MIT Dropbox/Shen Wang/MIT/RA/RA_assessment/RAChronoOps/exports/hope_model_cases/RAChronoOps_VRE120_base_perf5mw_s001_ED\output' already contains analysis outputs.
Continuing with 'D:/MIT Dropbox/Shen Wang/MIT/RA/RA_assessment/RAChronoOps/exports/hope_model_cases/RAChronoOps_VRE120_base_perf5mw_s001_ED\output' and leaving 'D:/MIT Dropbox/Shen Wang/MIT/RA/RA_assessment/RAChronoOps/exports/hope_model_cases/RAChronoOps_VRE120_base_perf5mw_s001_ED\output_tmp_1779926752' for later cleanup if needed.
Write solved results in the folder D:/MIT Dropbox/Shen Wang/MIT/RA/RA_assessment/RAChronoOps/exports/hope_model_cases/RAChronoOps_VRE120_base_perf5mw_s001_ED\output DONE!
Set parameter Username
Academic license - for non-commercial use only - expires 2026-12-09
Set parameter OptimalityTol to value 0.0001
Set parameter FeasibilityTol to value 1e-06
Set parameter Presolve to value -1
Set parameter AggFill to value 10
Set parameter PreDual to value -1
Set parameter TimeLimit to value 7200
Set parameter MIPGap to value 0.001
Set parameter Method to value 2
Set parameter BarConvTol to value 1e-08
Set parameter NumericFocus to value 0
Set parameter Crossover to value -1
Set parameter OutputFlag to value 1
Set parameter FeasibilityTol to value 1e-06
Set parameter PreDual to value -1
Set parameter Method to value 2
Set parameter Crossover to value -1
Set parameter TimeLimit to value 7200
Set parameter OutputFlag to value 1
Set parameter NumericFocus to value 0
Set parameter MIPGap to value 0.001
Set parameter OptimalityTol to value 0.0001
Set parameter AggFill to value 10
Set parameter BarConvTol to value 1e-08
Set parameter Presolve to value -1
Gurobi Optimizer version 13.0.0 build v13.0.0rc1 (win64 - Windows 10.0 (19045.2))

CPU model: Intel(R) Core(TM) i9-10900K CPU @ 3.70GHz, instruction set [SSE2|AVX|AVX2]
Thread count: 10 physical cores, 20 logical processors, using up to 20 threads

Non-default parameters:
TimeLimit  7200
MIPGap  0.001
OptimalityTol  0.0001
Method  2
AggFill  10

Optimize a model with 2750496 rows, 718473 columns and 4756386 nonzeros (Min)
Model fingerprint: 0x22ff7ac0
Model has 665760 linear objective coefficients
Coefficient statistics:
  Matrix range     [9e-01, 1e+00]
  Objective range  [1e-02, 1e+04]
  Bounds range     [0e+00, 0e+00]
  RHS range        [1e-01, 1e+09]
Presolve removed 2732980 rows and 618659 columns
Presolve time: 1.09s
Presolved: 17516 rows, 99814 columns, 126086 nonzeros

Ordering time: 0.00s

Barrier statistics:
 AA' NZ     : 1.751e+04
 Factor NZ  : 2.539e+05 (roughly 50 MB of memory)
 Factor Ops : 4.760e+06 (less than 1 second per iteration)
 Threads    : 10

                  Objective                Residual
Iter       Primal          Dual         Primal    Dual     Compl     Time
   0   1.88132556e+10 -6.05114103e+11  1.11e+04 2.94e+00  1.96e+07     1s
   1   2.06923303e+09 -3.05608761e+11  5.70e+02 5.82e-11  2.20e+06     1s
   2   1.03141918e+09 -6.75008970e+10  8.24e+00 3.68e-09  3.47e+05     1s
   3   9.10864124e+08 -4.07184941e+09  7.43e-01 2.33e-10  2.50e+04     1s
   4   8.81830598e+08  4.15718261e+07  5.88e-02 4.37e-11  4.21e+03     1s
   5   8.73985453e+08  5.11846726e+08  2.82e-02 2.91e-11  1.81e+03     1s
   6   8.63985921e+08  6.42016269e+08  1.42e-02 2.91e-11  1.11e+03     1s
   7   8.52098143e+08  7.54212158e+08  5.23e-03 2.91e-11  4.90e+02     1s
   8   8.42148385e+08  7.97015130e+08  2.09e-03 2.91e-11  2.26e+02     1s
   9   8.36305709e+08  8.13464790e+08  1.01e-03 1.53e-11  1.14e+02     1s
  10   8.30942535e+08  8.16424358e+08  2.82e-04 2.36e-11  7.27e+01     1s
  11   8.29494413e+08  8.22479126e+08  1.46e-04 2.91e-11  3.51e+01     1s
  12   8.28157833e+08  8.25269185e+08  4.52e-05 2.91e-11  1.45e+01     1s
  13   8.27765258e+08  8.26356588e+08  2.15e-05 2.91e-11  7.06e+00     1s
  14   8.27495843e+08  8.26907296e+08  6.82e-06 2.91e-11  2.95e+00     1s
  15   8.27416109e+08  8.27108413e+08  3.03e-06 2.91e-11  1.54e+00     1s
  16   8.27373763e+08  8.27283218e+08  1.23e-06 2.91e-11  4.54e-01     1s
  17   8.27352354e+08  8.27312445e+08  4.70e-07 2.91e-11  2.00e-01     1s
  18   8.27340820e+08  8.27330530e+08  7.73e-08 2.91e-11  5.15e-02     1s
  19   8.27338953e+08  8.27335287e+08  2.04e-08 2.91e-11  1.84e-02     1s
  20   8.27338247e+08  8.27337922e+08  1.62e-09 4.37e-11  1.63e-03     2s
  21   8.27338153e+08  8.27338103e+08  1.54e-10 2.91e-11  2.53e-04     2s
  22   8.27338140e+08  8.27338140e+08  7.83e-11 2.91e-11  4.21e-07     2s
  23   8.27338140e+08  8.27338140e+08  2.74e-10 2.91e-11  4.97e-11     2s

Barrier solved model in 23 iterations and 1.56 seconds (2.59 work units)
Optimal objective 8.27338140e+08

Crossover log...

    2034 DPushes remaining with DInf 0.0000000e+00                 2s
       0 DPushes remaining with DInf 0.0000000e+00                 2s

    3148 PPushes remaining with PInf 0.0000000e+00                 2s
       0 PPushes remaining with PInf 0.0000000e+00                 2s

  Push phase complete: Pinf 0.0000000e+00, Dinf 3.4390268e-11      2s

Crossover time: 0.03 seconds (0.02 work units)
Iteration    Objective       Primal Inf.    Dual Inf.      Time
    5185    8.2733814e+08   0.000000e+00   0.000000e+00      2s

Solved in 5185 iterations and 2.09 seconds (3.44 work units)
Optimal objective  8.273381401e+08

User-callback calls 114, time in user-callback 0.00 sec
Reading Input_Data Files for PCM mode
No xlsx file found in the directory D:/MIT Dropbox/Shen Wang/MIT/RA/RA_assessment/RAChronoOps/exports/hope_model_cases/RAChronoOps_VRE120_base_perf5mw_s002_ED\Data_RAChronoOps_PCM/, try to read data from .csv files
Reading network
Reading technology
Reading time series
Reading optional gen_availability_timeseries.csv
Reading policies
Reading single parameters
CSV Files Successfully Load From D:/MIT Dropbox/Shen Wang/MIT/RA/RA_assessment/RAChronoOps/exports/hope_model_cases/RAChronoOps_VRE120_base_perf5mw_s002_ED\Data_RAChronoOps_PCM/
Info: PCM will use generator-level AF for 76 generators from gen_availability_timeseries.
Carbon policy constraints are disabled (carbon_policy = 0).


Model mode: PCM

Termination_status= OPTIMAL

Primal_status= FEASIBLE_POINT



Objective_value= 8.273381401141288e8

Operation_cost= 8.029153936322846e8

Load_shedding= 2.442274648130753e7

RPS_requirement Dict{InlineStrings.String3, Float64}("Z1" => 0.0)

RPSPenalty= 0

CarbonCapPenalty= 0

CarbonCapEmissions= Tuple{InlineStrings.String3, Float64}[("RTS", 0.0)]

Solving time: 10.719000101089478
HOPE model (PCM mode) is successfully solved!
No compatible power-balance duals found for configured network_model=0; skipping power price output.
Generating summary analysis tables in D:/MIT Dropbox/Shen Wang/MIT/RA/RA_assessment/RAChronoOps/exports/hope_model_cases/RAChronoOps_VRE120_base_perf5mw_s002_ED\output_tmp_1779926868\Analysis ...
Warning: Failed to rename temporary output directory into place (attempt 1/5): IOError: rm("D:/MIT Dropbox/Shen Wang/MIT/RA/RA_assessment/RAChronoOps/exports/hope_model_cases/RAChronoOps_VRE120_base_perf5mw_s002_ED\\output_tmp_1779926868\\Analysis"): resource busy or locked (EBUSY)
Retrying in 2 seconds... (close any open CSV/Excel files or pause Dropbox sync)
Warning: Temporary output rename reported a filesystem lock, but 'D:/MIT Dropbox/Shen Wang/MIT/RA/RA_assessment/RAChronoOps/exports/hope_model_cases/RAChronoOps_VRE120_base_perf5mw_s002_ED\output' already contains analysis outputs.
Continuing with 'D:/MIT Dropbox/Shen Wang/MIT/RA/RA_assessment/RAChronoOps/exports/hope_model_cases/RAChronoOps_VRE120_base_perf5mw_s002_ED\output' and leaving 'D:/MIT Dropbox/Shen Wang/MIT/RA/RA_assessment/RAChronoOps/exports/hope_model_cases/RAChronoOps_VRE120_base_perf5mw_s002_ED\output_tmp_1779926868' for later cleanup if needed.
Write solved results in the folder D:/MIT Dropbox/Shen Wang/MIT/RA/RA_assessment/RAChronoOps/exports/hope_model_cases/RAChronoOps_VRE120_base_perf5mw_s002_ED\output DONE!
Set parameter Username
Academic license - for non-commercial use only - expires 2026-12-09
Set parameter OptimalityTol to value 0.0001
Set parameter FeasibilityTol to value 1e-06
Set parameter Presolve to value -1
Set parameter AggFill to value 10
Set parameter PreDual to value -1
Set parameter TimeLimit to value 7200
Set parameter MIPGap to value 0.001
Set parameter Method to value 2
Set parameter BarConvTol to value 1e-08
Set parameter NumericFocus to value 0
Set parameter Crossover to value -1
Set parameter OutputFlag to value 1
Set parameter FeasibilityTol to value 1e-06
Set parameter PreDual to value -1
Set parameter Method to value 2
Set parameter Crossover to value -1
Set parameter TimeLimit to value 7200
Set parameter OutputFlag to value 1
Set parameter NumericFocus to value 0
Set parameter MIPGap to value 0.001
Set parameter OptimalityTol to value 0.0001
Set parameter AggFill to value 10
Set parameter BarConvTol to value 1e-08
Set parameter Presolve to value -1
Gurobi Optimizer version 13.0.0 build v13.0.0rc1 (win64 - Windows 10.0 (19045.2))

CPU model: Intel(R) Core(TM) i9-10900K CPU @ 3.70GHz, instruction set [SSE2|AVX|AVX2]
Thread count: 10 physical cores, 20 logical processors, using up to 20 threads

Non-default parameters:
TimeLimit  7200
MIPGap  0.001
OptimalityTol  0.0001
Method  2
AggFill  10

Optimize a model with 2750496 rows, 718473 columns and 4756386 nonzeros (Min)
Model fingerprint: 0x7248e8bc
Model has 665760 linear objective coefficients
Coefficient statistics:
  Matrix range     [9e-01, 1e+00]
  Objective range  [1e-02, 1e+04]
  Bounds range     [0e+00, 0e+00]
  RHS range        [1e-01, 1e+09]
Presolve removed 2732980 rows and 618841 columns
Presolve time: 1.11s
Presolved: 17516 rows, 99632 columns, 125904 nonzeros

Ordering time: 0.00s

Barrier statistics:
 AA' NZ     : 1.751e+04
 Factor NZ  : 2.539e+05 (roughly 50 MB of memory)
 Factor Ops : 4.760e+06 (less than 1 second per iteration)
 Threads    : 10

                  Objective                Residual
Iter       Primal          Dual         Primal    Dual     Compl     Time
   0   1.76335483e+10 -5.84896153e+11  1.12e+04 2.94e+00  1.90e+07     1s
   1   2.03295065e+09 -2.95576265e+11  6.12e+02 5.82e-11  2.18e+06     1s
   2   1.01218192e+09 -6.73769082e+10  1.05e+01 8.59e-10  3.48e+05     1s
   3   8.94045831e+08 -4.58616815e+09  7.90e-01 1.16e-10  2.75e+04     1s
   4   8.73863727e+08  1.23521090e+08  8.30e-02 2.91e-11  3.77e+03     1s
   5   8.63356464e+08  5.35276795e+08  2.98e-02 2.91e-11  1.65e+03     1s
   6   8.51298247e+08  6.71790646e+08  1.54e-02 1.46e-11  9.01e+02     1s
   7   8.41521028e+08  7.54837360e+08  6.89e-03 2.91e-11  4.35e+02     1s
   8   8.32769683e+08  7.94544081e+08  2.90e-03 1.98e-11  1.92e+02     1s
   9   8.27163266e+08  8.07330747e+08  1.37e-03 2.91e-11  9.95e+01     1s
  10   8.22486924e+08  8.13098048e+08  4.06e-04 1.89e-11  4.71e+01     1s
  11   8.21438510e+08  8.15370107e+08  2.57e-04 2.91e-11  3.05e+01     1s
  12   8.20211778e+08  8.17974722e+08  9.98e-05 1.46e-11  1.12e+01     1s
  13   8.19754527e+08  8.18599317e+08  5.02e-05 1.46e-11  5.80e+00     1s
  14   8.19471134e+08  8.18895984e+08  2.09e-05 2.91e-11  2.89e+00     1s
  15   8.19372889e+08  8.19068044e+08  1.16e-05 1.68e-11  1.53e+00     1s
  16   8.19275486e+08  8.19146912e+08  2.48e-06 1.56e-11  6.45e-01     1s
  17   8.19258314e+08  8.19202292e+08  1.08e-06 2.11e-11  2.81e-01     1s
  18   8.19248157e+08  8.19228237e+08  3.18e-07 2.91e-11  1.00e-01     2s
  19   8.19244894e+08  8.19237953e+08  8.56e-08 2.91e-11  3.48e-02     2s
  20   8.19243609e+08  8.19242667e+08  1.21e-08 2.91e-11  4.73e-03     2s
  21   8.19243329e+08  8.19243105e+08  1.84e-09 2.91e-11  1.13e-03     2s
  22   8.19243266e+08  8.19243247e+08  5.48e-11 2.91e-11  9.23e-05     2s
  23   8.19243264e+08  8.19243264e+08  4.35e-11 2.91e-11  2.11e-06     2s
  24   8.19243264e+08  8.19243264e+08  7.80e-11 2.91e-11  2.11e-09     2s

Barrier solved model in 24 iterations and 1.61 seconds (2.62 work units)
Optimal objective 8.19243264e+08

Crossover log...

    2100 DPushes remaining with DInf 0.0000000e+00                 2s
       0 DPushes remaining with DInf 0.0000000e+00                 2s

    3104 PPushes remaining with PInf 0.0000000e+00                 2s
       0 PPushes remaining with PInf 0.0000000e+00                 2s

  Push phase complete: Pinf 0.0000000e+00, Dinf 3.2571279e-11      2s

Crossover time: 0.03 seconds (0.02 work units)
Iteration    Objective       Primal Inf.    Dual Inf.      Time
    5207    8.1924326e+08   0.000000e+00   0.000000e+00      2s

Solved in 5207 iterations and 2.16 seconds (3.46 work units)
Optimal objective  8.192432639e+08

User-callback calls 132, time in user-callback 0.00 sec
Reading Input_Data Files for PCM mode
No xlsx file found in the directory D:/MIT Dropbox/Shen Wang/MIT/RA/RA_assessment/RAChronoOps/exports/hope_model_cases/RAChronoOps_VRE120_base_perf5mw_s003_ED\Data_RAChronoOps_PCM/, try to read data from .csv files
Reading network
Reading technology
Reading time series
Reading optional gen_availability_timeseries.csv
Reading policies
Reading single parameters
CSV Files Successfully Load From D:/MIT Dropbox/Shen Wang/MIT/RA/RA_assessment/RAChronoOps/exports/hope_model_cases/RAChronoOps_VRE120_base_perf5mw_s003_ED\Data_RAChronoOps_PCM/
Info: PCM will use generator-level AF for 76 generators from gen_availability_timeseries.
Carbon policy constraints are disabled (carbon_policy = 0).


Model mode: PCM

Termination_status= OPTIMAL

Primal_status= FEASIBLE_POINT



Objective_value= 8.19243263916394e8

Operation_cost= 7.950703039979459e8

Load_shedding= 2.417295991796133e7

RPS_requirement Dict{InlineStrings.String3, Float64}("Z1" => 0.0)

RPSPenalty= 0

CarbonCapPenalty= 0

CarbonCapEmissions= Tuple{InlineStrings.String3, Float64}[("RTS", 0.0)]

Solving time: 12.210999965667725
HOPE model (PCM mode) is successfully solved!
No compatible power-balance duals found for configured network_model=0; skipping power price output.
Generating summary analysis tables in D:/MIT Dropbox/Shen Wang/MIT/RA/RA_assessment/RAChronoOps/exports/hope_model_cases/RAChronoOps_VRE120_base_perf5mw_s003_ED\output_tmp_1779926985\Analysis ...
Warning: Failed to rename temporary output directory into place (attempt 1/5): IOError: rm("D:/MIT Dropbox/Shen Wang/MIT/RA/RA_assessment/RAChronoOps/exports/hope_model_cases/RAChronoOps_VRE120_base_perf5mw_s003_ED\\output_tmp_1779926985\\Analysis"): resource busy or locked (EBUSY)
Retrying in 2 seconds... (close any open CSV/Excel files or pause Dropbox sync)
Warning: Temporary output rename reported a filesystem lock, but 'D:/MIT Dropbox/Shen Wang/MIT/RA/RA_assessment/RAChronoOps/exports/hope_model_cases/RAChronoOps_VRE120_base_perf5mw_s003_ED\output' already contains analysis outputs.
Continuing with 'D:/MIT Dropbox/Shen Wang/MIT/RA/RA_assessment/RAChronoOps/exports/hope_model_cases/RAChronoOps_VRE120_base_perf5mw_s003_ED\output' and leaving 'D:/MIT Dropbox/Shen Wang/MIT/RA/RA_assessment/RAChronoOps/exports/hope_model_cases/RAChronoOps_VRE120_base_perf5mw_s003_ED\output_tmp_1779926985' for later cleanup if needed.
Write solved results in the folder D:/MIT Dropbox/Shen Wang/MIT/RA/RA_assessment/RAChronoOps/exports/hope_model_cases/RAChronoOps_VRE120_base_perf5mw_s003_ED\output DONE!
Set parameter Username
Academic license - for non-commercial use only - expires 2026-12-09
Set parameter OptimalityTol to value 0.0001
Set parameter FeasibilityTol to value 1e-06
Set parameter Presolve to value -1
Set parameter AggFill to value 10
Set parameter PreDual to value -1
Set parameter TimeLimit to value 7200
Set parameter MIPGap to value 0.001
Set parameter Method to value 2
Set parameter BarConvTol to value 1e-08
Set parameter NumericFocus to value 0
Set parameter Crossover to value -1
Set parameter OutputFlag to value 1
Set parameter FeasibilityTol to value 1e-06
Set parameter PreDual to value -1
Set parameter Method to value 2
Set parameter Crossover to value -1
Set parameter TimeLimit to value 7200
Set parameter OutputFlag to value 1
Set parameter NumericFocus to value 0
Set parameter MIPGap to value 0.001
Set parameter OptimalityTol to value 0.0001
Set parameter AggFill to value 10
Set parameter BarConvTol to value 1e-08
Set parameter Presolve to value -1
Gurobi Optimizer version 13.0.0 build v13.0.0rc1 (win64 - Windows 10.0 (19045.2))

CPU model: Intel(R) Core(TM) i9-10900K CPU @ 3.70GHz, instruction set [SSE2|AVX|AVX2]
Thread count: 10 physical cores, 20 logical processors, using up to 20 threads

Non-default parameters:
TimeLimit  7200
MIPGap  0.001
OptimalityTol  0.0001
Method  2
AggFill  10

Optimize a model with 2750496 rows, 718473 columns and 4756386 nonzeros (Min)
Model fingerprint: 0x370e9479
Model has 665760 linear objective coefficients
Coefficient statistics:
  Matrix range     [9e-01, 1e+00]
  Objective range  [1e-02, 1e+04]
  Bounds range     [0e+00, 0e+00]
  RHS range        [1e-01, 1e+09]
Presolve removed 2732986 rows and 618728 columns
Presolve time: 1.10s
Presolved: 17510 rows, 99745 columns, 126005 nonzeros

Ordering time: 0.02s

Barrier statistics:
 AA' NZ     : 1.751e+04
 Factor NZ  : 2.538e+05 (roughly 50 MB of memory)
 Factor Ops : 4.757e+06 (less than 1 second per iteration)
 Threads    : 10

                  Objective                Residual
Iter       Primal          Dual         Primal    Dual     Compl     Time
   0   1.86408898e+10 -6.57456354e+11  1.12e+04 2.14e+00  2.14e+07     1s
   1   2.23104636e+09 -3.32283811e+11  5.75e+02 7.28e-11  2.40e+06     1s
   2   1.13132584e+09 -6.95083657e+10  1.17e+01 4.07e-10  3.60e+05     1s
   3   9.52582680e+08 -6.45554659e+09  1.61e+00 8.73e-11  3.72e+04     1s
   4   9.23154657e+08  4.02440416e+08  1.53e-01 2.91e-11  2.61e+03     1s
   5   9.11255342e+08  6.26171583e+08  8.95e-02 1.46e-11  1.43e+03     1s
   6   9.01640155e+08  7.29706913e+08  5.14e-02 2.91e-11  8.62e+02     1s
   7   8.91409193e+08  7.90506715e+08  2.66e-02 2.91e-11  5.06e+02     1s
   8   8.82989889e+08  8.24326985e+08  1.34e-02 1.57e-11  2.94e+02     1s
   9   8.76458257e+08  8.44065936e+08  6.36e-03 2.36e-11  1.62e+02     1s
  10   8.73813433e+08  8.54899328e+08  4.33e-03 1.73e-11  9.48e+01     1s
  11   8.70496185e+08  8.59922493e+08  2.24e-03 2.91e-11  5.30e+01     1s
  12   8.67340191e+08  8.63003916e+08  5.60e-04 1.50e-11  2.17e+01     1s
  13   8.66631880e+08  8.64448552e+08  2.87e-04 1.99e-11  1.09e+01     1s
  14   8.66125411e+08  8.65272593e+08  1.07e-04 2.91e-11  4.27e+00     1s
  15   8.65969489e+08  8.65550656e+08  5.65e-05 2.91e-11  2.10e+00     1s
  16   8.65850917e+08  8.65677732e+08  2.04e-05 2.91e-11  8.68e-01     1s
  17   8.65814749e+08  8.65727444e+08  1.01e-05 2.91e-11  4.38e-01     1s
  18   8.65791967e+08  8.65756153e+08  3.88e-06 1.83e-11  1.80e-01     1s
  19   8.65782013e+08  8.65769507e+08  1.29e-06 2.91e-11  6.27e-02     2s
  20   8.65777952e+08  8.65775176e+08  2.80e-07 1.60e-11  1.39e-02     2s
  21   8.65776994e+08  8.65776281e+08  5.76e-08 2.91e-11  3.58e-03     2s
  22   8.65776729e+08  8.65776694e+08  1.84e-09 4.37e-11  1.75e-04     2s
  23   8.65776719e+08  8.65776719e+08  9.56e-10 2.91e-11  2.26e-06     2s
  24   8.65776719e+08  8.65776719e+08  8.19e-10 4.37e-11  2.26e-09     2s

Barrier solved model in 24 iterations and 1.62 seconds (2.62 work units)
Optimal objective 8.65776719e+08

Crossover log...

    2101 DPushes remaining with DInf 0.0000000e+00                 2s
       0 DPushes remaining with DInf 0.0000000e+00                 2s

    3059 PPushes remaining with PInf 0.0000000e+00                 2s
       0 PPushes remaining with PInf 0.0000000e+00                 2s

  Push phase complete: Pinf 0.0000000e+00, Dinf 4.8245852e-11      2s

Crossover time: 0.03 seconds (0.02 work units)
Iteration    Objective       Primal Inf.    Dual Inf.      Time
    5163    8.6577672e+08   0.000000e+00   0.000000e+00      2s

Solved in 5163 iterations and 2.16 seconds (3.46 work units)
Optimal objective  8.657767190e+08

User-callback calls 125, time in user-callback 0.00 sec
Reading Input_Data Files for PCM mode
No xlsx file found in the directory D:/MIT Dropbox/Shen Wang/MIT/RA/RA_assessment/RAChronoOps/exports/hope_model_cases/RAChronoOps_VRE120_base_perf5mw_s004_ED\Data_RAChronoOps_PCM/, try to read data from .csv files
Reading network
Reading technology
Reading time series
Reading optional gen_availability_timeseries.csv
Reading policies
Reading single parameters
CSV Files Successfully Load From D:/MIT Dropbox/Shen Wang/MIT/RA/RA_assessment/RAChronoOps/exports/hope_model_cases/RAChronoOps_VRE120_base_perf5mw_s004_ED\Data_RAChronoOps_PCM/
Info: PCM will use generator-level AF for 76 generators from gen_availability_timeseries.
Carbon policy constraints are disabled (carbon_policy = 0).


Model mode: PCM

Termination_status= OPTIMAL

Primal_status= FEASIBLE_POINT



Objective_value= 8.657767189691215e8

Operation_cost= 7.972858076019888e8

Load_shedding= 6.849091136661506e7

RPS_requirement Dict{InlineStrings.String3, Float64}("Z1" => 0.0)

RPSPenalty= 0

CarbonCapPenalty= 0

CarbonCapEmissions= Tuple{InlineStrings.String3, Float64}[("RTS", 0.0)]

Solving time: 12.01199984550476
HOPE model (PCM mode) is successfully solved!
No compatible power-balance duals found for configured network_model=0; skipping power price output.
Generating summary analysis tables in D:/MIT Dropbox/Shen Wang/MIT/RA/RA_assessment/RAChronoOps/exports/hope_model_cases/RAChronoOps_VRE120_base_perf5mw_s004_ED\output_tmp_1779927101\Analysis ...
Warning: Failed to rename temporary output directory into place (attempt 1/5): IOError: rm("D:/MIT Dropbox/Shen Wang/MIT/RA/RA_assessment/RAChronoOps/exports/hope_model_cases/RAChronoOps_VRE120_base_perf5mw_s004_ED\\output_tmp_1779927101\\Analysis"): resource busy or locked (EBUSY)
Retrying in 2 seconds... (close any open CSV/Excel files or pause Dropbox sync)
Warning: Temporary output rename reported a filesystem lock, but 'D:/MIT Dropbox/Shen Wang/MIT/RA/RA_assessment/RAChronoOps/exports/hope_model_cases/RAChronoOps_VRE120_base_perf5mw_s004_ED\output' already contains analysis outputs.
Continuing with 'D:/MIT Dropbox/Shen Wang/MIT/RA/RA_assessment/RAChronoOps/exports/hope_model_cases/RAChronoOps_VRE120_base_perf5mw_s004_ED\output' and leaving 'D:/MIT Dropbox/Shen Wang/MIT/RA/RA_assessment/RAChronoOps/exports/hope_model_cases/RAChronoOps_VRE120_base_perf5mw_s004_ED\output_tmp_1779927101' for later cleanup if needed.
Write solved results in the folder D:/MIT Dropbox/Shen Wang/MIT/RA/RA_assessment/RAChronoOps/exports/hope_model_cases/RAChronoOps_VRE120_base_perf5mw_s004_ED\output DONE!
Set parameter Username
Academic license - for non-commercial use only - expires 2026-12-09
Set parameter OptimalityTol to value 0.0001
Set parameter FeasibilityTol to value 1e-06
Set parameter Presolve to value -1
Set parameter AggFill to value 10
Set parameter PreDual to value -1
Set parameter TimeLimit to value 7200
Set parameter MIPGap to value 0.001
Set parameter Method to value 2
Set parameter BarConvTol to value 1e-08
Set parameter NumericFocus to value 0
Set parameter Crossover to value -1
Set parameter OutputFlag to value 1
Set parameter FeasibilityTol to value 1e-06
Set parameter PreDual to value -1
Set parameter Method to value 2
Set parameter Crossover to value -1
Set parameter TimeLimit to value 7200
Set parameter OutputFlag to value 1
Set parameter NumericFocus to value 0
Set parameter MIPGap to value 0.001
Set parameter OptimalityTol to value 0.0001
Set parameter AggFill to value 10
Set parameter BarConvTol to value 1e-08
Set parameter Presolve to value -1
Gurobi Optimizer version 13.0.0 build v13.0.0rc1 (win64 - Windows 10.0 (19045.2))

CPU model: Intel(R) Core(TM) i9-10900K CPU @ 3.70GHz, instruction set [SSE2|AVX|AVX2]
Thread count: 10 physical cores, 20 logical processors, using up to 20 threads

Non-default parameters:
TimeLimit  7200
MIPGap  0.001
OptimalityTol  0.0001
Method  2
AggFill  10

Optimize a model with 2750496 rows, 718473 columns and 4756386 nonzeros (Min)
Model fingerprint: 0x56a7d40b
Model has 665760 linear objective coefficients
Coefficient statistics:
  Matrix range     [9e-01, 1e+00]
  Objective range  [1e-02, 1e+04]
  Bounds range     [0e+00, 0e+00]
  RHS range        [1e-01, 1e+09]
Presolve removed 2732992 rows and 618532 columns
Presolve time: 1.10s
Presolved: 17504 rows, 99941 columns, 126189 nonzeros

Ordering time: 0.00s

Barrier statistics:
 AA' NZ     : 1.750e+04
 Factor NZ  : 2.536e+05 (roughly 50 MB of memory)
 Factor Ops : 4.752e+06 (less than 1 second per iteration)
 Threads    : 10

                  Objective                Residual
Iter       Primal          Dual         Primal    Dual     Compl     Time
   0   1.84057893e+10 -6.91488272e+11  1.11e+04 2.94e+00  2.25e+07     1s
   1   2.35774327e+09 -3.49550703e+11  5.74e+02 7.28e-11  2.52e+06     1s
   2   1.19300202e+09 -6.96685167e+10  1.08e+01 3.89e-10  3.60e+05     1s
   3   9.90111148e+08 -4.51807884e+09  1.39e+00 8.00e-11  2.76e+04     1s
   4   9.49295525e+08  2.04276401e+08  1.56e-01 2.91e-11  3.73e+03     1s
   5   9.37599961e+08  6.34361715e+08  6.42e-02 2.91e-11  1.52e+03     1s
   6   9.27631165e+08  7.42046083e+08  3.58e-02 2.91e-11  9.29e+02     1s
   7   9.17212924e+08  8.04558268e+08  1.75e-02 2.91e-11  5.64e+02     1s
   8   9.10825532e+08  8.38425519e+08  1.05e-02 2.91e-11  3.62e+02     1s
   9   9.05991132e+08  8.63240905e+08  6.65e-03 2.91e-11  2.14e+02     1s
  10   8.97546071e+08  8.78779933e+08  1.48e-03 2.91e-11  9.39e+01     1s
  11   8.95833478e+08  8.84770430e+08  9.59e-04 2.91e-11  5.53e+01     1s
  12   8.93797760e+08  8.88219976e+08  4.33e-04 2.91e-11  2.79e+01     1s
  13   8.92649407e+08  8.89842851e+08  1.93e-04 2.91e-11  1.40e+01     1s
  14   8.91993843e+08  8.90673559e+08  6.52e-05 2.91e-11  6.61e+00     1s
  15   8.91805792e+08  8.91093734e+08  3.41e-05 1.68e-11  3.56e+00     1s
  16   8.91677316e+08  8.91424942e+08  1.42e-05 2.91e-11  1.26e+00     1s
  17   8.91624372e+08  8.91492290e+08  6.96e-06 2.91e-11  6.61e-01     1s
  18   8.91591659e+08  8.91543605e+08  2.61e-06 2.91e-11  2.40e-01     1s
  19   8.91579364e+08  8.91558860e+08  1.08e-06 2.91e-11  1.03e-01     1s
  20   8.91572563e+08  8.91566789e+08  2.72e-07 2.91e-11  2.89e-02     2s
  21   8.91570729e+08  8.91569170e+08  6.09e-08 2.91e-11  7.80e-03     2s
  22   8.91570198e+08  8.91570012e+08  3.47e-09 2.91e-11  9.29e-04     2s
  23   8.91570149e+08  8.91570141e+08  9.23e-10 2.91e-11  4.31e-05     2s
  24   8.91570146e+08  8.91570146e+08  1.45e-09 2.91e-11  9.96e-08     2s
  25   8.91570146e+08  8.91570146e+08  9.98e-10 4.37e-11  1.51e-10     2s

Barrier solved model in 25 iterations and 1.61 seconds (2.64 work units)
Optimal objective 8.91570146e+08

Crossover log...

    2006 DPushes remaining with DInf 0.0000000e+00                 2s
       0 DPushes remaining with DInf 0.0000000e+00                 2s

    3147 PPushes remaining with PInf 0.0000000e+00                 2s
       0 PPushes remaining with PInf 0.0000000e+00                 2s

  Push phase complete: Pinf 0.0000000e+00, Dinf 5.5365490e-11      2s

Crossover time: 0.03 seconds (0.02 work units)
Iteration    Objective       Primal Inf.    Dual Inf.      Time
    5156    8.9157015e+08   0.000000e+00   0.000000e+00      2s

Solved in 5156 iterations and 2.16 seconds (3.48 work units)
Optimal objective  8.915701456e+08

User-callback calls 117, time in user-callback 0.00 sec
Reading Input_Data Files for PCM mode
No xlsx file found in the directory D:/MIT Dropbox/Shen Wang/MIT/RA/RA_assessment/RAChronoOps/exports/hope_model_cases/RAChronoOps_VRE120_base_perf5mw_s005_ED\Data_RAChronoOps_PCM/, try to read data from .csv files
Reading network
Reading technology
Reading time series
Reading optional gen_availability_timeseries.csv
Reading policies
Reading single parameters
CSV Files Successfully Load From D:/MIT Dropbox/Shen Wang/MIT/RA/RA_assessment/RAChronoOps/exports/hope_model_cases/RAChronoOps_VRE120_base_perf5mw_s005_ED\Data_RAChronoOps_PCM/
Info: PCM will use generator-level AF for 76 generators from gen_availability_timeseries.
Carbon policy constraints are disabled (carbon_policy = 0).


Model mode: PCM

Termination_status= OPTIMAL

Primal_status= FEASIBLE_POINT



Objective_value= 8.915701455691074e8

Operation_cost= 7.967965709006935e8

Load_shedding= 9.47735746679226e7

RPS_requirement Dict{InlineStrings.String3, Float64}("Z1" => 0.0)

RPSPenalty= 0

CarbonCapPenalty= 0

CarbonCapEmissions= Tuple{InlineStrings.String3, Float64}[("RTS", 0.0)]

Solving time: 12.030999898910522
HOPE model (PCM mode) is successfully solved!
No compatible power-balance duals found for configured network_model=0; skipping power price output.
Generating summary analysis tables in D:/MIT Dropbox/Shen Wang/MIT/RA/RA_assessment/RAChronoOps/exports/hope_model_cases/RAChronoOps_VRE120_base_perf5mw_s005_ED\output_tmp_1779927219\Analysis ...
Warning: Failed to rename temporary output directory into place (attempt 1/5): IOError: rm("D:/MIT Dropbox/Shen Wang/MIT/RA/RA_assessment/RAChronoOps/exports/hope_model_cases/RAChronoOps_VRE120_base_perf5mw_s005_ED\\output_tmp_1779927219\\Analysis"): resource busy or locked (EBUSY)
Retrying in 2 seconds... (close any open CSV/Excel files or pause Dropbox sync)
Warning: Temporary output rename reported a filesystem lock, but 'D:/MIT Dropbox/Shen Wang/MIT/RA/RA_assessment/RAChronoOps/exports/hope_model_cases/RAChronoOps_VRE120_base_perf5mw_s005_ED\output' already contains analysis outputs.
Continuing with 'D:/MIT Dropbox/Shen Wang/MIT/RA/RA_assessment/RAChronoOps/exports/hope_model_cases/RAChronoOps_VRE120_base_perf5mw_s005_ED\output' and leaving 'D:/MIT Dropbox/Shen Wang/MIT/RA/RA_assessment/RAChronoOps/exports/hope_model_cases/RAChronoOps_VRE120_base_perf5mw_s005_ED\output_tmp_1779927219' for later cleanup if needed.
Write solved results in the folder D:/MIT Dropbox/Shen Wang/MIT/RA/RA_assessment/RAChronoOps/exports/hope_model_cases/RAChronoOps_VRE120_base_perf5mw_s005_ED\output DONE!
Set parameter Username
Academic license - for non-commercial use only - expires 2026-12-09
Set parameter OptimalityTol to value 0.0001
Set parameter FeasibilityTol to value 1e-06
Set parameter Presolve to value -1
Set parameter AggFill to value 10
Set parameter PreDual to value -1
Set parameter TimeLimit to value 7200
Set parameter MIPGap to value 0.001
Set parameter Method to value 2
Set parameter BarConvTol to value 1e-08
Set parameter NumericFocus to value 0
Set parameter Crossover to value -1
Set parameter OutputFlag to value 1
Set parameter FeasibilityTol to value 1e-06
Set parameter PreDual to value -1
Set parameter Method to value 2
Set parameter Crossover to value -1
Set parameter TimeLimit to value 7200
Set parameter OutputFlag to value 1
Set parameter NumericFocus to value 0
Set parameter MIPGap to value 0.001
Set parameter OptimalityTol to value 0.0001
Set parameter AggFill to value 10
Set parameter BarConvTol to value 1e-08
Set parameter Presolve to value -1
Gurobi Optimizer version 13.0.0 build v13.0.0rc1 (win64 - Windows 10.0 (19045.2))

CPU model: Intel(R) Core(TM) i9-10900K CPU @ 3.70GHz, instruction set [SSE2|AVX|AVX2]
Thread count: 10 physical cores, 20 logical processors, using up to 20 threads

Non-default parameters:
TimeLimit  7200
MIPGap  0.001
OptimalityTol  0.0001
Method  2
AggFill  10

Optimize a model with 2750496 rows, 718473 columns and 4756386 nonzeros (Min)
Model fingerprint: 0xbebec713
Model has 665760 linear objective coefficients
Coefficient statistics:
  Matrix range     [9e-01, 1e+00]
  Objective range  [1e-02, 1e+04]
  Bounds range     [0e+00, 0e+00]
  RHS range        [1e-01, 1e+09]
Presolve removed 2732988 rows and 618984 columns
Presolve time: 1.09s
Presolved: 17508 rows, 99489 columns, 125745 nonzeros

Ordering time: 0.00s

Barrier statistics:
 AA' NZ     : 1.751e+04
 Factor NZ  : 2.537e+05 (roughly 50 MB of memory)
 Factor Ops : 4.755e+06 (less than 1 second per iteration)
 Threads    : 10

                  Objective                Residual
Iter       Primal          Dual         Primal    Dual     Compl     Time
   0   1.77633722e+10 -6.07206471e+11  1.12e+04 2.94e+00  1.97e+07     1s
   1   2.07940663e+09 -3.06832835e+11  5.94e+02 5.82e-11  2.24e+06     1s
   2   1.05011706e+09 -6.53177112e+10  8.31e+00 1.85e-09  3.37e+05     1s
   3   9.52473023e+08 -4.77654121e+09  3.49e-01 1.31e-10  2.88e+04     1s
   4   9.24503202e+08  1.53118765e+08  2.19e-02 2.91e-11  3.88e+03     1s
   5   9.15047216e+08  5.12026640e+08  8.38e-03 2.91e-11  2.03e+03     1s
   6   9.07979063e+08  6.49957183e+08  4.98e-03 2.91e-11  1.30e+03     1s
   7   8.96954117e+08  7.40318594e+08  1.85e-03 2.91e-11  7.87e+02     1s
   8   8.89628128e+08  7.99340348e+08  8.65e-04 2.91e-11  4.54e+02     1s
   9   8.83831941e+08  8.38448400e+08  4.20e-04 4.37e-11  2.28e+02     1s
  10   8.76053801e+08  8.56435118e+08  6.85e-05 4.37e-11  9.86e+01     1s
  11   8.73804053e+08  8.64343484e+08  3.16e-05 4.37e-11  4.75e+01     1s
  12   8.72112922e+08  8.67561582e+08  1.01e-05 2.91e-11  2.29e+01     1s
  13   8.71508935e+08  8.69375022e+08  4.11e-06 2.91e-11  1.07e+01     1s
  14   8.71179860e+08  8.70395853e+08  1.21e-06 2.91e-11  3.94e+00     1s
  15   8.71089564e+08  8.70714273e+08  5.79e-07 1.46e-11  1.89e+00     1s
  16   8.71023677e+08  8.70874521e+08  1.70e-07 1.46e-11  7.50e-01     1s
  17   8.71005375e+08  8.70940719e+08  7.27e-08 2.91e-11  3.25e-01     1s
  18   8.70994775e+08  8.70965482e+08  2.25e-08 2.91e-11  1.47e-01     1s
  19   8.70991644e+08  8.70982286e+08  8.67e-09 2.91e-11  4.70e-02     2s
  20   8.70989558e+08  8.70988206e+08  9.05e-10 2.91e-11  6.80e-03     2s
  21   8.70989294e+08  8.70988952e+08  1.98e-09 2.91e-11  1.72e-03     2s
  22   8.70989221e+08  8.70989206e+08  2.28e-10 2.91e-11  7.88e-05     2s
  23   8.70989216e+08  8.70989215e+08  1.00e-09 2.91e-11  5.41e-06     2s
  24   8.70989216e+08  8.70989216e+08  4.51e-10 3.11e-11  9.17e-09     2s

Barrier solved model in 24 iterations and 1.59 seconds (2.62 work units)
Optimal objective 8.70989216e+08

Crossover log...

    2084 DPushes remaining with DInf 0.0000000e+00                 2s
       0 DPushes remaining with DInf 0.0000000e+00                 2s

    3080 PPushes remaining with PInf 0.0000000e+00                 2s
       0 PPushes remaining with PInf 0.0000000e+00                 2s

  Push phase complete: Pinf 0.0000000e+00, Dinf 6.8880013e-11      2s

Crossover time: 0.04 seconds (0.02 work units)
Iteration    Objective       Primal Inf.    Dual Inf.      Time
    5167    8.7098922e+08   0.000000e+00   0.000000e+00      2s

Solved in 5167 iterations and 2.18 seconds (3.46 work units)
Optimal objective  8.709892156e+08

User-callback calls 114, time in user-callback 0.00 sec
Reading Input_Data Files for PCM mode
No xlsx file found in the directory D:/MIT Dropbox/Shen Wang/MIT/RA/RA_assessment/RAChronoOps/exports/hope_model_cases/RAChronoOps_VRE120_base_perf5mw_s006_ED\Data_RAChronoOps_PCM/, try to read data from .csv files
Reading network
Reading technology
Reading time series
Reading optional gen_availability_timeseries.csv
Reading policies
Reading single parameters
CSV Files Successfully Load From D:/MIT Dropbox/Shen Wang/MIT/RA/RA_assessment/RAChronoOps/exports/hope_model_cases/RAChronoOps_VRE120_base_perf5mw_s006_ED\Data_RAChronoOps_PCM/
Info: PCM will use generator-level AF for 76 generators from gen_availability_timeseries.
Carbon policy constraints are disabled (carbon_policy = 0).


Model mode: PCM

Termination_status= OPTIMAL

Primal_status= FEASIBLE_POINT



Objective_value= 8.709892155590826e8

Operation_cost= 7.901408370559655e8

Load_shedding= 8.084837850261517e7

RPS_requirement Dict{InlineStrings.String3, Float64}("Z1" => 0.0)

RPSPenalty= 0

CarbonCapPenalty= 0

CarbonCapEmissions= Tuple{InlineStrings.String3, Float64}[("RTS", 0.0)]

Solving time: 11.94700002670288
HOPE model (PCM mode) is successfully solved!
No compatible power-balance duals found for configured network_model=0; skipping power price output.
Generating summary analysis tables in D:/MIT Dropbox/Shen Wang/MIT/RA/RA_assessment/RAChronoOps/exports/hope_model_cases/RAChronoOps_VRE120_base_perf5mw_s006_ED\output_tmp_1779927334\Analysis ...
Warning: Failed to rename temporary output directory into place (attempt 1/5): IOError: rm("D:/MIT Dropbox/Shen Wang/MIT/RA/RA_assessment/RAChronoOps/exports/hope_model_cases/RAChronoOps_VRE120_base_perf5mw_s006_ED\\output_tmp_1779927334\\Analysis"): resource busy or locked (EBUSY)
Retrying in 2 seconds... (close any open CSV/Excel files or pause Dropbox sync)
Warning: Temporary output rename reported a filesystem lock, but 'D:/MIT Dropbox/Shen Wang/MIT/RA/RA_assessment/RAChronoOps/exports/hope_model_cases/RAChronoOps_VRE120_base_perf5mw_s006_ED\output' already contains analysis outputs.
Continuing with 'D:/MIT Dropbox/Shen Wang/MIT/RA/RA_assessment/RAChronoOps/exports/hope_model_cases/RAChronoOps_VRE120_base_perf5mw_s006_ED\output' and leaving 'D:/MIT Dropbox/Shen Wang/MIT/RA/RA_assessment/RAChronoOps/exports/hope_model_cases/RAChronoOps_VRE120_base_perf5mw_s006_ED\output_tmp_1779927334' for later cleanup if needed.
Write solved results in the folder D:/MIT Dropbox/Shen Wang/MIT/RA/RA_assessment/RAChronoOps/exports/hope_model_cases/RAChronoOps_VRE120_base_perf5mw_s006_ED\output DONE!
Set parameter Username
Academic license - for non-commercial use only - expires 2026-12-09
Set parameter OptimalityTol to value 0.0001
Set parameter FeasibilityTol to value 1e-06
Set parameter Presolve to value -1
Set parameter AggFill to value 10
Set parameter PreDual to value -1
Set parameter TimeLimit to value 7200
Set parameter MIPGap to value 0.001
Set parameter Method to value 2
Set parameter BarConvTol to value 1e-08
Set parameter NumericFocus to value 0
Set parameter Crossover to value -1
Set parameter OutputFlag to value 1
Set parameter FeasibilityTol to value 1e-06
Set parameter PreDual to value -1
Set parameter Method to value 2
Set parameter Crossover to value -1
Set parameter TimeLimit to value 7200
Set parameter OutputFlag to value 1
Set parameter NumericFocus to value 0
Set parameter MIPGap to value 0.001
Set parameter OptimalityTol to value 0.0001
Set parameter AggFill to value 10
Set parameter BarConvTol to value 1e-08
Set parameter Presolve to value -1
Gurobi Optimizer version 13.0.0 build v13.0.0rc1 (win64 - Windows 10.0 (19045.2))

CPU model: Intel(R) Core(TM) i9-10900K CPU @ 3.70GHz, instruction set [SSE2|AVX|AVX2]
Thread count: 10 physical cores, 20 logical processors, using up to 20 threads

Non-default parameters:
TimeLimit  7200
MIPGap  0.001
OptimalityTol  0.0001
Method  2
AggFill  10

Optimize a model with 2750496 rows, 718473 columns and 4756386 nonzeros (Min)
Model fingerprint: 0x52fcf0dd
Model has 665760 linear objective coefficients
Coefficient statistics:
  Matrix range     [9e-01, 1e+00]
  Objective range  [1e-02, 1e+04]
  Bounds range     [0e+00, 0e+00]
  RHS range        [1e-01, 1e+09]
Presolve removed 2732979 rows and 619278 columns
Presolve time: 1.11s
Presolved: 17517 rows, 99195 columns, 125469 nonzeros

Ordering time: 0.00s

Barrier statistics:
 AA' NZ     : 1.752e+04
 Factor NZ  : 2.396e+05 (roughly 50 MB of memory)
 Factor Ops : 4.159e+06 (less than 1 second per iteration)
 Threads    : 10

                  Objective                Residual
Iter       Primal          Dual         Primal    Dual     Compl     Time
   0   1.70047795e+10 -1.16631195e+11  1.07e+04 1.82e-12  3.82e+06     1s
   1   2.49724561e+09 -5.83472172e+10  1.06e+03 2.91e-11  5.48e+05     1s
   2   1.14441177e+09 -2.00314062e+10  1.72e+02 2.91e-11  1.29e+05     1s
   3   9.20069261e+08 -1.64496369e+09  4.12e+01 1.24e-10  1.38e+04     1s
   4   8.92895889e+08  1.69473979e+08  2.65e+01 8.00e-11  3.77e+03     1s
   5   8.53858354e+08  5.17682053e+08  9.00e+00 4.37e-10  1.71e+03     1s
   6   8.35955391e+08  6.66584106e+08  4.82e+00 2.62e-10  8.56e+02     1s
   7   8.21663726e+08  7.50973412e+08  2.11e+00 8.29e-10  3.56e+02     1s
   8   8.12714023e+08  7.80292534e+08  9.48e-01 1.00e-09  1.63e+02     1s
   9   8.06940133e+08  7.91780402e+08  3.88e-01 6.40e-10  7.62e+01     1s
  10   8.03291813e+08  7.97511948e+08  1.04e-01 4.80e-10  2.91e+01     1s
  11   8.02319548e+08  7.99736664e+08  4.64e-02 4.51e-10  1.30e+01     1s
  12   8.01755674e+08  8.00686293e+08  1.64e-02 6.40e-10  5.38e+00     1s
  13   8.01547798e+08  8.01050388e+08  7.00e-03 4.80e-10  2.50e+00     1s
  14   8.01430582e+08  8.01241629e+08  2.03e-03 4.95e-10  9.51e-01     1s
  15   8.01393477e+08  8.01299022e+08  6.64e-04 4.95e-10  4.76e-01     1s
  16   8.01379544e+08  8.01352529e+08  1.72e-04 3.06e-10  1.36e-01     1s
  17   8.01375747e+08  8.01364171e+08  7.31e-05 2.33e-10  5.83e-02     1s
  18   8.01373034e+08  8.01369815e+08  8.33e-06 2.62e-10  1.62e-02     1s
  19   8.01372691e+08  8.01371889e+08  1.51e-06 1.31e-10  4.04e-03     1s
  20   8.01372586e+08  8.01372556e+08  3.33e-09 1.16e-10  1.52e-04     2s
  21   8.01372579e+08  8.01372579e+08  1.33e-10 2.91e-11  1.12e-07     2s
  22   8.01372579e+08  8.01372579e+08  2.30e-10 2.91e-11  1.12e-10     2s

Barrier solved model in 22 iterations and 1.54 seconds (2.58 work units)
Optimal objective 8.01372579e+08

Crossover log...

    2058 DPushes remaining with DInf 0.0000000e+00                 2s
       0 DPushes remaining with DInf 0.0000000e+00                 2s

    3106 PPushes remaining with PInf 0.0000000e+00                 2s
       0 PPushes remaining with PInf 0.0000000e+00                 2s

  Push phase complete: Pinf 0.0000000e+00, Dinf 3.3494985e-11      2s

Crossover time: 0.04 seconds (0.02 work units)
Iteration    Objective       Primal Inf.    Dual Inf.      Time
    5167    8.0137258e+08   0.000000e+00   0.000000e+00      2s

Solved in 5167 iterations and 2.13 seconds (3.42 work units)
Optimal objective  8.013725786e+08

User-callback calls 106, time in user-callback 0.00 sec
Reading Input_Data Files for PCM mode
No xlsx file found in the directory D:/MIT Dropbox/Shen Wang/MIT/RA/RA_assessment/RAChronoOps/exports/hope_model_cases/RAChronoOps_VRE120_base_perf5mw_s007_ED\Data_RAChronoOps_PCM/, try to read data from .csv files
Reading network
Reading technology
Reading time series
Reading optional gen_availability_timeseries.csv
Reading policies
Reading single parameters
CSV Files Successfully Load From D:/MIT Dropbox/Shen Wang/MIT/RA/RA_assessment/RAChronoOps/exports/hope_model_cases/RAChronoOps_VRE120_base_perf5mw_s007_ED\Data_RAChronoOps_PCM/
Info: PCM will use generator-level AF for 76 generators from gen_availability_timeseries.
Carbon policy constraints are disabled (carbon_policy = 0).


Model mode: PCM

Termination_status= OPTIMAL

Primal_status= FEASIBLE_POINT



Objective_value= 8.013725785700688e8

Operation_cost= 7.957068080515813e8

Load_shedding= 5.665770517961251e6

RPS_requirement Dict{InlineStrings.String3, Float64}("Z1" => 0.0)

RPSPenalty= 0

CarbonCapPenalty= 0

CarbonCapEmissions= Tuple{InlineStrings.String3, Float64}[("RTS", 0.0)]

Solving time: 10.838000059127808
HOPE model (PCM mode) is successfully solved!
No compatible power-balance duals found for configured network_model=0; skipping power price output.
Generating summary analysis tables in D:/MIT Dropbox/Shen Wang/MIT/RA/RA_assessment/RAChronoOps/exports/hope_model_cases/RAChronoOps_VRE120_base_perf5mw_s007_ED\output_tmp_1779927449\Analysis ...
Warning: Failed to rename temporary output directory into place (attempt 1/5): IOError: rm("D:/MIT Dropbox/Shen Wang/MIT/RA/RA_assessment/RAChronoOps/exports/hope_model_cases/RAChronoOps_VRE120_base_perf5mw_s007_ED\\output_tmp_1779927449\\Analysis"): resource busy or locked (EBUSY)
Retrying in 2 seconds... (close any open CSV/Excel files or pause Dropbox sync)
Warning: Temporary output rename reported a filesystem lock, but 'D:/MIT Dropbox/Shen Wang/MIT/RA/RA_assessment/RAChronoOps/exports/hope_model_cases/RAChronoOps_VRE120_base_perf5mw_s007_ED\output' already contains analysis outputs.
Continuing with 'D:/MIT Dropbox/Shen Wang/MIT/RA/RA_assessment/RAChronoOps/exports/hope_model_cases/RAChronoOps_VRE120_base_perf5mw_s007_ED\output' and leaving 'D:/MIT Dropbox/Shen Wang/MIT/RA/RA_assessment/RAChronoOps/exports/hope_model_cases/RAChronoOps_VRE120_base_perf5mw_s007_ED\output_tmp_1779927449' for later cleanup if needed.
Write solved results in the folder D:/MIT Dropbox/Shen Wang/MIT/RA/RA_assessment/RAChronoOps/exports/hope_model_cases/RAChronoOps_VRE120_base_perf5mw_s007_ED\output DONE!
Set parameter Username
Academic license - for non-commercial use only - expires 2026-12-09
Set parameter OptimalityTol to value 0.0001
Set parameter FeasibilityTol to value 1e-06
Set parameter Presolve to value -1
Set parameter AggFill to value 10
Set parameter PreDual to value -1
Set parameter TimeLimit to value 7200
Set parameter MIPGap to value 0.001
Set parameter Method to value 2
Set parameter BarConvTol to value 1e-08
Set parameter NumericFocus to value 0
Set parameter Crossover to value -1
Set parameter OutputFlag to value 1
Set parameter FeasibilityTol to value 1e-06
Set parameter PreDual to value -1
Set parameter Method to value 2
Set parameter Crossover to value -1
Set parameter TimeLimit to value 7200
Set parameter OutputFlag to value 1
Set parameter NumericFocus to value 0
Set parameter MIPGap to value 0.001
Set parameter OptimalityTol to value 0.0001
Set parameter AggFill to value 10
Set parameter BarConvTol to value 1e-08
Set parameter Presolve to value -1
Gurobi Optimizer version 13.0.0 build v13.0.0rc1 (win64 - Windows 10.0 (19045.2))

CPU model: Intel(R) Core(TM) i9-10900K CPU @ 3.70GHz, instruction set [SSE2|AVX|AVX2]
Thread count: 10 physical cores, 20 logical processors, using up to 20 threads

Non-default parameters:
TimeLimit  7200
MIPGap  0.001
OptimalityTol  0.0001
Method  2
AggFill  10

Optimize a model with 2750496 rows, 718473 columns and 4756386 nonzeros (Min)
Model fingerprint: 0x67fe2a8e
Model has 665760 linear objective coefficients
Coefficient statistics:
  Matrix range     [9e-01, 1e+00]
  Objective range  [1e-02, 1e+04]
  Bounds range     [0e+00, 0e+00]
  RHS range        [1e-01, 1e+09]
Presolve removed 2732979 rows and 619447 columns
Presolve time: 1.08s
Presolved: 17517 rows, 99026 columns, 125300 nonzeros

Ordering time: 0.00s

Barrier statistics:
 AA' NZ     : 1.752e+04
 Factor NZ  : 2.539e+05 (roughly 50 MB of memory)
 Factor Ops : 4.760e+06 (less than 1 second per iteration)
 Threads    : 10

                  Objective                Residual
Iter       Primal          Dual         Primal    Dual     Compl     Time
   0   1.64410586e+10 -1.16595200e+11  1.10e+04 1.82e-12  3.81e+06     1s
   1   2.13466476e+09 -5.82975075e+10  8.71e+02 2.91e-11  4.98e+05     1s
   2   1.01943253e+09 -1.84329921e+10  1.03e+02 2.91e-11  1.10e+05     1s
   3   8.52926180e+08  7.52052735e+07  3.73e+00 4.18e-11  3.95e+03     1s
   4   8.32620183e+08  5.78979764e+08  5.72e-01 2.91e-11  1.28e+03     1s
   5   8.21666629e+08  6.98926760e+08  3.04e-01 2.91e-11  6.19e+02     1s
   6   8.11571424e+08  7.59798344e+08  1.35e-01 2.91e-11  2.61e+02     1s
   7   8.02842810e+08  7.78623304e+08  6.03e-02 1.46e-11  1.22e+02     1s
   8   7.98965463e+08  7.85742324e+08  3.30e-02 2.91e-11  6.67e+01     1s
   9   7.96519987e+08  7.89565943e+08  1.82e-02 2.91e-11  3.51e+01     1s
  10   7.94218136e+08  7.91537023e+08  5.97e-03 2.91e-11  1.35e+01     1s
  11   7.93644649e+08  7.92157442e+08  3.24e-03 1.46e-11  7.50e+00     1s
  12   7.93190105e+08  7.92610892e+08  1.16e-03 2.91e-11  2.92e+00     1s
  13   7.93035345e+08  7.92715755e+08  5.17e-04 2.91e-11  1.61e+00     1s
  14   7.92940275e+08  7.92832336e+08  1.33e-04 2.91e-11  5.45e-01     1s
  15   7.92918410e+08  7.92872540e+08  5.58e-05 2.91e-11  2.31e-01     1s
  16   7.92906434e+08  7.92895145e+08  1.50e-05 2.91e-11  5.70e-02     1s
  17   7.92903141e+08  7.92899246e+08  5.53e-06 2.91e-11  1.97e-02     1s
  18   7.92901278e+08  7.92900767e+08  3.86e-07 2.91e-11  2.58e-03     1s
  19   7.92901125e+08  7.92901038e+08  5.18e-08 2.91e-11  4.39e-04     1s
  20   7.92901098e+08  7.92901092e+08  1.34e-09 4.37e-11  3.00e-05     2s
  21   7.92901098e+08  7.92901097e+08  5.29e-10 2.91e-11  1.84e-07     2s
  22   7.92901098e+08  7.92901098e+08  5.89e-10 2.91e-11  1.84e-10     2s

Barrier solved model in 22 iterations and 1.56 seconds (2.58 work units)
Optimal objective 7.92901098e+08

Crossover log...

    2102 DPushes remaining with DInf 0.0000000e+00                 2s
       0 DPushes remaining with DInf 0.0000000e+00                 2s

    3037 PPushes remaining with PInf 0.0000000e+00                 2s
       0 PPushes remaining with PInf 0.0000000e+00                 2s

  Push phase complete: Pinf 0.0000000e+00, Dinf 9.8765440e-12      2s

Crossover time: 0.03 seconds (0.02 work units)
Iteration    Objective       Primal Inf.    Dual Inf.      Time
    5142    7.9290110e+08   0.000000e+00   0.000000e+00      2s

Solved in 5142 iterations and 2.16 seconds (3.42 work units)
Optimal objective  7.929010975e+08

User-callback calls 113, time in user-callback 0.00 sec
Reading Input_Data Files for PCM mode
No xlsx file found in the directory D:/MIT Dropbox/Shen Wang/MIT/RA/RA_assessment/RAChronoOps/exports/hope_model_cases/RAChronoOps_VRE120_base_perf5mw_s008_ED\Data_RAChronoOps_PCM/, try to read data from .csv files
Reading network
Reading technology
Reading time series
Reading optional gen_availability_timeseries.csv
Reading policies
Reading single parameters
CSV Files Successfully Load From D:/MIT Dropbox/Shen Wang/MIT/RA/RA_assessment/RAChronoOps/exports/hope_model_cases/RAChronoOps_VRE120_base_perf5mw_s008_ED\Data_RAChronoOps_PCM/
Info: PCM will use generator-level AF for 76 generators from gen_availability_timeseries.
Carbon policy constraints are disabled (carbon_policy = 0).


Model mode: PCM

Termination_status= OPTIMAL

Primal_status= FEASIBLE_POINT



Objective_value= 7.929010975105199e8

Operation_cost= 7.929010975099967e8

Load_shedding= 0.0

RPS_requirement Dict{InlineStrings.String3, Float64}("Z1" => 0.0)

RPSPenalty= 0

CarbonCapPenalty= 0

CarbonCapEmissions= Tuple{InlineStrings.String3, Float64}[("RTS", 0.0)]

Solving time: 12.33899998664856
HOPE model (PCM mode) is successfully solved!
No compatible power-balance duals found for configured network_model=0; skipping power price output.
Generating summary analysis tables in D:/MIT Dropbox/Shen Wang/MIT/RA/RA_assessment/RAChronoOps/exports/hope_model_cases/RAChronoOps_VRE120_base_perf5mw_s008_ED\output_tmp_1779927566\Analysis ...
Warning: Failed to rename temporary output directory into place (attempt 1/5): IOError: rm("D:/MIT Dropbox/Shen Wang/MIT/RA/RA_assessment/RAChronoOps/exports/hope_model_cases/RAChronoOps_VRE120_base_perf5mw_s008_ED\\output_tmp_1779927566\\Analysis"): resource busy or locked (EBUSY)
Retrying in 2 seconds... (close any open CSV/Excel files or pause Dropbox sync)
Warning: Temporary output rename reported a filesystem lock, but 'D:/MIT Dropbox/Shen Wang/MIT/RA/RA_assessment/RAChronoOps/exports/hope_model_cases/RAChronoOps_VRE120_base_perf5mw_s008_ED\output' already contains analysis outputs.
Continuing with 'D:/MIT Dropbox/Shen Wang/MIT/RA/RA_assessment/RAChronoOps/exports/hope_model_cases/RAChronoOps_VRE120_base_perf5mw_s008_ED\output' and leaving 'D:/MIT Dropbox/Shen Wang/MIT/RA/RA_assessment/RAChronoOps/exports/hope_model_cases/RAChronoOps_VRE120_base_perf5mw_s008_ED\output_tmp_1779927566' for later cleanup if needed.
Write solved results in the folder D:/MIT Dropbox/Shen Wang/MIT/RA/RA_assessment/RAChronoOps/exports/hope_model_cases/RAChronoOps_VRE120_base_perf5mw_s008_ED\output DONE!
Set parameter Username
Academic license - for non-commercial use only - expires 2026-12-09
Set parameter OptimalityTol to value 0.0001
Set parameter FeasibilityTol to value 1e-06
Set parameter Presolve to value -1
Set parameter AggFill to value 10
Set parameter PreDual to value -1
Set parameter TimeLimit to value 7200
Set parameter MIPGap to value 0.001
Set parameter Method to value 2
Set parameter BarConvTol to value 1e-08
Set parameter NumericFocus to value 0
Set parameter Crossover to value -1
Set parameter OutputFlag to value 1
Set parameter FeasibilityTol to value 1e-06
Set parameter PreDual to value -1
Set parameter Method to value 2
Set parameter Crossover to value -1
Set parameter TimeLimit to value 7200
Set parameter OutputFlag to value 1
Set parameter NumericFocus to value 0
Set parameter MIPGap to value 0.001
Set parameter OptimalityTol to value 0.0001
Set parameter AggFill to value 10
Set parameter BarConvTol to value 1e-08
Set parameter Presolve to value -1
Gurobi Optimizer version 13.0.0 build v13.0.0rc1 (win64 - Windows 10.0 (19045.2))

CPU model: Intel(R) Core(TM) i9-10900K CPU @ 3.70GHz, instruction set [SSE2|AVX|AVX2]
Thread count: 10 physical cores, 20 logical processors, using up to 20 threads

Non-default parameters:
TimeLimit  7200
MIPGap  0.001
OptimalityTol  0.0001
Method  2
AggFill  10

Optimize a model with 2750496 rows, 718473 columns and 4756386 nonzeros (Min)
Model fingerprint: 0x50779529
Model has 665760 linear objective coefficients
Coefficient statistics:
  Matrix range     [9e-01, 1e+00]
  Objective range  [1e-02, 1e+04]
  Bounds range     [0e+00, 0e+00]
  RHS range        [1e-01, 1e+09]
Presolve removed 2732979 rows and 619255 columns
Presolve time: 1.09s
Presolved: 17517 rows, 99218 columns, 125492 nonzeros

Ordering time: 0.00s

Barrier statistics:
 AA' NZ     : 1.752e+04
 Factor NZ  : 2.539e+05 (roughly 50 MB of memory)
 Factor Ops : 4.760e+06 (less than 1 second per iteration)
 Threads    : 10

                  Objective                Residual
Iter       Primal          Dual         Primal    Dual     Compl     Time
   0   1.55559509e+10 -1.16498563e+11  1.10e+04 1.82e-12  3.81e+06     1s
   1   1.60366992e+09 -5.83510423e+10  5.41e+02 2.91e-11  4.22e+05     1s
   2   9.15511037e+08 -1.29515936e+10  4.89e+01 7.64e-11  7.40e+04     1s
   3   8.36463009e+08  1.02639766e+08  1.13e-02 3.93e-11  3.70e+03     1s
   4   8.21504077e+08  4.88387346e+08  1.74e-03 2.91e-11  1.68e+03     1s
   5   8.08709104e+08  6.80806531e+08  6.44e-04 2.91e-11  6.45e+02     1s
   6   7.99884338e+08  7.50868828e+08  2.80e-04 2.91e-11  2.47e+02     1s
   7   7.93304283e+08  7.69590992e+08  1.35e-04 2.91e-11  1.20e+02     1s
   8   7.88376929e+08  7.76983214e+08  5.80e-05 2.91e-11  5.74e+01     1s
   9   7.85989684e+08  7.80306506e+08  2.98e-05 1.46e-11  2.86e+01     1s
  10   7.84366991e+08  7.82102183e+08  1.21e-05 1.46e-11  1.14e+01     1s
  11   7.83861585e+08  7.82599886e+08  7.00e-06 1.46e-11  6.36e+00     1s
  12   7.83498208e+08  7.82906911e+08  3.43e-06 2.91e-11  2.98e+00     1s
  13   7.83288874e+08  7.83012795e+08  1.46e-06 2.91e-11  1.39e+00     1s
  14   7.83190771e+08  7.83083192e+08  5.46e-07 2.91e-11  5.42e-01     1s
  15   7.83159076e+08  7.83105917e+08  2.78e-07 2.91e-11  2.68e-01     1s
  16   7.83132293e+08  7.83117956e+08  5.30e-08 1.46e-11  7.22e-02     1s
  17   7.83127812e+08  7.83122630e+08  1.80e-08 2.91e-11  2.61e-02     1s
  18   7.83125528e+08  7.83124664e+08  1.44e-09 2.91e-11  4.35e-03     1s
  19   7.83125325e+08  7.83125157e+08  2.79e-10 2.91e-11  8.43e-04     2s
  20   7.83125284e+08  7.83125283e+08  4.24e-10 2.91e-11  7.73e-06     2s
  21   7.83125283e+08  7.83125283e+08  2.35e-10 4.37e-11  5.80e-08     2s
  22   7.83125283e+08  7.83125283e+08  1.89e-10 2.91e-11  5.80e-11     2s

Barrier solved model in 22 iterations and 1.56 seconds (2.58 work units)
Optimal objective 7.83125283e+08

Crossover log...

    2031 DPushes remaining with DInf 0.0000000e+00                 2s
       0 DPushes remaining with DInf 0.0000000e+00                 2s

    3155 PPushes remaining with PInf 0.0000000e+00                 2s
       0 PPushes remaining with PInf 0.0000000e+00                 2s

  Push phase complete: Pinf 0.0000000e+00, Dinf 8.2849283e-12      2s

Crossover time: 0.03 seconds (0.02 work units)
Iteration    Objective       Primal Inf.    Dual Inf.      Time
    5189    7.8312528e+08   0.000000e+00   0.000000e+00      2s

Solved in 5189 iterations and 2.12 seconds (3.42 work units)
Optimal objective  7.831252834e+08

User-callback calls 128, time in user-callback 0.00 sec
Reading Input_Data Files for PCM mode
No xlsx file found in the directory D:/MIT Dropbox/Shen Wang/MIT/RA/RA_assessment/RAChronoOps/exports/hope_model_cases/RAChronoOps_VRE120_base_perf5mw_s009_ED\Data_RAChronoOps_PCM/, try to read data from .csv files
Reading network
Reading technology
Reading time series
Reading optional gen_availability_timeseries.csv
Reading policies
Reading single parameters
CSV Files Successfully Load From D:/MIT Dropbox/Shen Wang/MIT/RA/RA_assessment/RAChronoOps/exports/hope_model_cases/RAChronoOps_VRE120_base_perf5mw_s009_ED\Data_RAChronoOps_PCM/
Info: PCM will use generator-level AF for 76 generators from gen_availability_timeseries.
Carbon policy constraints are disabled (carbon_policy = 0).


Model mode: PCM

Termination_status= OPTIMAL

Primal_status= FEASIBLE_POINT



Objective_value= 7.831252834404361e8

Operation_cost= 7.831252834399168e8

Load_shedding= 0.0

RPS_requirement Dict{InlineStrings.String3, Float64}("Z1" => 0.0)

RPSPenalty= 0

CarbonCapPenalty= 0

CarbonCapEmissions= Tuple{InlineStrings.String3, Float64}[("RTS", 0.0)]

Solving time: 10.755000114440918
HOPE model (PCM mode) is successfully solved!
No compatible power-balance duals found for configured network_model=0; skipping power price output.
Generating summary analysis tables in D:/MIT Dropbox/Shen Wang/MIT/RA/RA_assessment/RAChronoOps/exports/hope_model_cases/RAChronoOps_VRE120_base_perf5mw_s009_ED\output_tmp_1779927680\Analysis ...
Warning: Failed to rename temporary output directory into place (attempt 1/5): IOError: rm("D:/MIT Dropbox/Shen Wang/MIT/RA/RA_assessment/RAChronoOps/exports/hope_model_cases/RAChronoOps_VRE120_base_perf5mw_s009_ED\\output_tmp_1779927680\\Analysis"): resource busy or locked (EBUSY)
Retrying in 2 seconds... (close any open CSV/Excel files or pause Dropbox sync)
Warning: Temporary output rename reported a filesystem lock, but 'D:/MIT Dropbox/Shen Wang/MIT/RA/RA_assessment/RAChronoOps/exports/hope_model_cases/RAChronoOps_VRE120_base_perf5mw_s009_ED\output' already contains analysis outputs.
Continuing with 'D:/MIT Dropbox/Shen Wang/MIT/RA/RA_assessment/RAChronoOps/exports/hope_model_cases/RAChronoOps_VRE120_base_perf5mw_s009_ED\output' and leaving 'D:/MIT Dropbox/Shen Wang/MIT/RA/RA_assessment/RAChronoOps/exports/hope_model_cases/RAChronoOps_VRE120_base_perf5mw_s009_ED\output_tmp_1779927680' for later cleanup if needed.
Write solved results in the folder D:/MIT Dropbox/Shen Wang/MIT/RA/RA_assessment/RAChronoOps/exports/hope_model_cases/RAChronoOps_VRE120_base_perf5mw_s009_ED\output DONE!
Set parameter Username
Academic license - for non-commercial use only - expires 2026-12-09
Set parameter OptimalityTol to value 0.0001
Set parameter FeasibilityTol to value 1e-06
Set parameter Presolve to value -1
Set parameter AggFill to value 10
Set parameter PreDual to value -1
Set parameter TimeLimit to value 7200
Set parameter MIPGap to value 0.001
Set parameter Method to value 2
Set parameter BarConvTol to value 1e-08
Set parameter NumericFocus to value 0
Set parameter Crossover to value -1
Set parameter OutputFlag to value 1
Set parameter FeasibilityTol to value 1e-06
Set parameter PreDual to value -1
Set parameter Method to value 2
Set parameter Crossover to value -1
Set parameter TimeLimit to value 7200
Set parameter OutputFlag to value 1
Set parameter NumericFocus to value 0
Set parameter MIPGap to value 0.001
Set parameter OptimalityTol to value 0.0001
Set parameter AggFill to value 10
Set parameter BarConvTol to value 1e-08
Set parameter Presolve to value -1
Gurobi Optimizer version 13.0.0 build v13.0.0rc1 (win64 - Windows 10.0 (19045.2))

CPU model: Intel(R) Core(TM) i9-10900K CPU @ 3.70GHz, instruction set [SSE2|AVX|AVX2]
Thread count: 10 physical cores, 20 logical processors, using up to 20 threads

Non-default parameters:
TimeLimit  7200
MIPGap  0.001
OptimalityTol  0.0001
Method  2
AggFill  10

Optimize a model with 2750496 rows, 718473 columns and 4756386 nonzeros (Min)
Model fingerprint: 0x12c0c1a1
Model has 665760 linear objective coefficients
Coefficient statistics:
  Matrix range     [9e-01, 1e+00]
  Objective range  [1e-02, 1e+04]
  Bounds range     [0e+00, 0e+00]
  RHS range        [1e-01, 1e+09]
Presolve removed 2732979 rows and 618976 columns
Presolve time: 1.08s
Presolved: 17517 rows, 99497 columns, 125771 nonzeros

Ordering time: 0.01s

Barrier statistics:
 AA' NZ     : 1.752e+04
 Factor NZ  : 2.539e+05 (roughly 50 MB of memory)
 Factor Ops : 4.760e+06 (less than 1 second per iteration)
 Threads    : 10

                  Objective                Residual
Iter       Primal          Dual         Primal    Dual     Compl     Time
   0   1.69407212e+10 -1.16639933e+11  1.10e+04 1.82e-12  3.80e+06     1s
   1   2.89181057e+09 -5.83882609e+10  1.36e+03 2.91e-11  6.11e+05     1s
   2   1.04783641e+09 -1.87952599e+10  1.17e+02 4.37e-11  1.14e+05     1s
   3   8.46355825e+08 -6.26171070e+07  1.12e-01 1.61e-10  4.57e+03     1s
   4   8.32799978e+08  5.26906652e+08  1.49e-02 4.89e-11  1.54e+03     1s
   5   8.26582829e+08  6.20495323e+08  1.05e-02 3.10e-11  1.04e+03     1s
   6   8.17624058e+08  7.38427403e+08  5.03e-03 2.91e-11  3.98e+02     1s
   7   8.06079440e+08  7.69226877e+08  2.17e-03 1.46e-11  1.85e+02     1s
   8   8.00119395e+08  7.82191903e+08  1.06e-03 2.91e-11  9.01e+01     1s
   9   7.96837188e+08  7.87386977e+08  5.48e-04 1.46e-11  4.75e+01     1s
  10   7.94824779e+08  7.90283544e+08  2.69e-04 2.91e-11  2.28e+01     1s
  11   7.93969690e+08  7.91483733e+08  1.60e-04 1.46e-11  1.25e+01     1s
  12   7.93111115e+08  7.92158558e+08  5.64e-05 2.91e-11  4.79e+00     1s
  13   7.92856858e+08  7.92384112e+08  2.84e-05 2.91e-11  2.38e+00     1s
  14   7.92685619e+08  7.92496872e+08  1.00e-05 1.46e-11  9.48e-01     1s
  15   7.92654435e+08  7.92533202e+08  6.91e-06 1.46e-11  6.09e-01     1s
  16   7.92600305e+08  7.92562808e+08  1.59e-06 2.91e-11  1.88e-01     1s
  17   7.92590074e+08  7.92576159e+08  6.63e-07 2.91e-11  6.99e-02     1s
  18   7.92583723e+08  7.92581187e+08  1.09e-07 2.91e-11  1.27e-02     1s
  19   7.92582673e+08  7.92582043e+08  2.29e-08 2.91e-11  3.16e-03     2s
  20   7.92582381e+08  7.92582339e+08  1.93e-09 2.91e-11  2.09e-04     2s
  21   7.92582351e+08  7.92582350e+08  9.35e-10 2.91e-11  7.57e-06     2s
  22   7.92582351e+08  7.92582351e+08  1.26e-09 4.37e-11  7.57e-09     2s

Barrier solved model in 22 iterations and 1.59 seconds (2.58 work units)
Optimal objective 7.92582351e+08

Crossover log...

    2143 DPushes remaining with DInf 0.0000000e+00                 2s
       0 DPushes remaining with DInf 0.0000000e+00                 2s

    3066 PPushes remaining with PInf 0.0000000e+00                 2s
       0 PPushes remaining with PInf 0.0000000e+00                 2s

  Push phase complete: Pinf 0.0000000e+00, Dinf 1.1254997e-11      2s

Crossover time: 0.04 seconds (0.02 work units)
Iteration    Objective       Primal Inf.    Dual Inf.      Time
    5212    7.9258235e+08   0.000000e+00   0.000000e+00      2s

Solved in 5212 iterations and 2.16 seconds (3.42 work units)
Optimal objective  7.925823508e+08

User-callback calls 115, time in user-callback 0.00 sec
Reading Input_Data Files for PCM mode
No xlsx file found in the directory D:/MIT Dropbox/Shen Wang/MIT/RA/RA_assessment/RAChronoOps/exports/hope_model_cases/RAChronoOps_VRE120_base_perf5mw_s010_ED\Data_RAChronoOps_PCM/, try to read data from .csv files
Reading network
Reading technology
Reading time series
Reading optional gen_availability_timeseries.csv
Reading policies
Reading single parameters
CSV Files Successfully Load From D:/MIT Dropbox/Shen Wang/MIT/RA/RA_assessment/RAChronoOps/exports/hope_model_cases/RAChronoOps_VRE120_base_perf5mw_s010_ED\Data_RAChronoOps_PCM/
Info: PCM will use generator-level AF for 76 generators from gen_availability_timeseries.
Carbon policy constraints are disabled (carbon_policy = 0).


Model mode: PCM

Termination_status= OPTIMAL

Primal_status= FEASIBLE_POINT



Objective_value= 7.92582350840799e8

Operation_cost= 7.925823508402945e8

Load_shedding= 0.0

RPS_requirement Dict{InlineStrings.String3, Float64}("Z1" => 0.0)

RPSPenalty= 0

CarbonCapPenalty= 0

CarbonCapEmissions= Tuple{InlineStrings.String3, Float64}[("RTS", 0.0)]

Solving time: 12.069000005722046
HOPE model (PCM mode) is successfully solved!
No compatible power-balance duals found for configured network_model=0; skipping power price output.
Generating summary analysis tables in D:/MIT Dropbox/Shen Wang/MIT/RA/RA_assessment/RAChronoOps/exports/hope_model_cases/RAChronoOps_VRE120_base_perf5mw_s010_ED\output_tmp_1779927794\Analysis ...
Warning: Failed to rename temporary output directory into place (attempt 1/5): IOError: rm("D:/MIT Dropbox/Shen Wang/MIT/RA/RA_assessment/RAChronoOps/exports/hope_model_cases/RAChronoOps_VRE120_base_perf5mw_s010_ED\\output_tmp_1779927794\\Analysis"): resource busy or locked (EBUSY)
Retrying in 2 seconds... (close any open CSV/Excel files or pause Dropbox sync)
Warning: Temporary output rename reported a filesystem lock, but 'D:/MIT Dropbox/Shen Wang/MIT/RA/RA_assessment/RAChronoOps/exports/hope_model_cases/RAChronoOps_VRE120_base_perf5mw_s010_ED\output' already contains analysis outputs.
Continuing with 'D:/MIT Dropbox/Shen Wang/MIT/RA/RA_assessment/RAChronoOps/exports/hope_model_cases/RAChronoOps_VRE120_base_perf5mw_s010_ED\output' and leaving 'D:/MIT Dropbox/Shen Wang/MIT/RA/RA_assessment/RAChronoOps/exports/hope_model_cases/RAChronoOps_VRE120_base_perf5mw_s010_ED\output_tmp_1779927794' for later cleanup if needed.
Write solved results in the folder D:/MIT Dropbox/Shen Wang/MIT/RA/RA_assessment/RAChronoOps/exports/hope_model_cases/RAChronoOps_VRE120_base_perf5mw_s010_ED\output DONE!
Set parameter Username
Academic license - for non-commercial use only - expires 2026-12-09
Set parameter OptimalityTol to value 0.0001
Set parameter FeasibilityTol to value 1e-06
Set parameter Presolve to value -1
Set parameter AggFill to value 10
Set parameter PreDual to value -1
Set parameter TimeLimit to value 7200
Set parameter MIPGap to value 0.001
Set parameter Method to value 2
Set parameter BarConvTol to value 1e-08
Set parameter NumericFocus to value 0
Set parameter Crossover to value -1
Set parameter OutputFlag to value 1
Set parameter FeasibilityTol to value 1e-06
Set parameter PreDual to value -1
Set parameter Method to value 2
Set parameter Crossover to value -1
Set parameter TimeLimit to value 7200
Set parameter OutputFlag to value 1
Set parameter NumericFocus to value 0
Set parameter MIPGap to value 0.001
Set parameter OptimalityTol to value 0.0001
Set parameter AggFill to value 10
Set parameter BarConvTol to value 1e-08
Set parameter Presolve to value -1
Gurobi Optimizer version 13.0.0 build v13.0.0rc1 (win64 - Windows 10.0 (19045.2))

CPU model: Intel(R) Core(TM) i9-10900K CPU @ 3.70GHz, instruction set [SSE2|AVX|AVX2]
Thread count: 10 physical cores, 20 logical processors, using up to 20 threads

Non-default parameters:
TimeLimit  7200
MIPGap  0.001
OptimalityTol  0.0001
Method  2
AggFill  10

Optimize a model with 2750496 rows, 718473 columns and 4756386 nonzeros (Min)
Model fingerprint: 0x12384796
Model has 665760 linear objective coefficients
Coefficient statistics:
  Matrix range     [9e-01, 1e+00]
  Objective range  [1e-02, 1e+04]
  Bounds range     [0e+00, 0e+00]
  RHS range        [1e-01, 1e+09]
Presolve removed 2732981 rows and 619033 columns
Presolve time: 1.08s
Presolved: 17515 rows, 99440 columns, 125710 nonzeros

Ordering time: 0.01s

Barrier statistics:
 AA' NZ     : 1.751e+04
 Factor NZ  : 2.539e+05 (roughly 50 MB of memory)
 Factor Ops : 4.760e+06 (less than 1 second per iteration)
 Threads    : 10

                  Objective                Residual
Iter       Primal          Dual         Primal    Dual     Compl     Time
   0   1.77421177e+10 -6.63698783e+11  1.08e+04 1.54e+00  2.15e+07     1s
   1   2.11983320e+09 -3.34900632e+11  5.40e+02 6.55e-11  2.40e+06     1s
   2   1.06223919e+09 -6.68357286e+10  8.85e+00 2.17e-09  3.46e+05     1s
   3   9.22398842e+08 -4.48915010e+09  9.89e-01 1.44e-10  2.72e+04     1s
   4   8.87641368e+08  9.80548761e+07  9.06e-02 2.91e-11  3.97e+03     1s
   5   8.76074570e+08  5.59440742e+08  3.02e-02 1.46e-11  1.59e+03     1s
   6   8.67027314e+08  6.78367381e+08  1.70e-02 1.46e-11  9.49e+02     1s
   7   8.55443923e+08  7.66015022e+08  6.91e-03 1.80e-11  4.50e+02     1s
   8   8.45769288e+08  8.02580215e+08  2.83e-03 1.46e-11  2.17e+02     1s
   9   8.40195353e+08  8.15677995e+08  1.39e-03 1.49e-11  1.23e+02     1s
  10   8.35971381e+08  8.23375505e+08  5.60e-04 1.46e-11  6.33e+01     1s
  11   8.34059484e+08  8.27647654e+08  2.97e-04 1.46e-11  3.22e+01     1s
  12   8.32710953e+08  8.30372470e+08  1.33e-04 2.91e-11  1.18e+01     1s
  13   8.32140656e+08  8.30830071e+08  7.10e-05 2.91e-11  6.59e+00     1s
  14   8.31789288e+08  8.31180584e+08  3.37e-05 2.91e-11  3.06e+00     1s
  15   8.31649747e+08  8.31320567e+08  1.97e-05 2.91e-11  1.66e+00     1s
  16   8.31534005e+08  8.31373535e+08  8.04e-06 1.46e-11  8.07e-01     1s
  17   8.31492188e+08  8.31410473e+08  3.99e-06 2.91e-11  4.11e-01     1s
  18   8.31469782e+08  8.31436442e+08  1.86e-06 1.77e-11  1.68e-01     1s
  19   8.31456172e+08  8.31444218e+08  6.06e-07 1.82e-11  6.01e-02     2s
  20   8.31450932e+08  8.31448082e+08  1.40e-07 2.91e-11  1.43e-02     2s
  21   8.31449770e+08  8.31448791e+08  4.22e-08 2.00e-11  4.92e-03     2s
  22   8.31449285e+08  8.31449183e+08  3.36e-09 2.91e-11  5.15e-04     2s
  23   8.31449235e+08  8.31449229e+08  1.72e-09 2.91e-11  2.91e-05     2s
  24   8.31449233e+08  8.31449233e+08  1.35e-09 4.37e-11  3.15e-08     2s
  25   8.31449233e+08  8.31449233e+08  7.56e-10 2.91e-11  5.54e-11     2s

Barrier solved model in 25 iterations and 1.61 seconds (2.63 work units)
Optimal objective 8.31449233e+08

Crossover log...

    2106 DPushes remaining with DInf 0.0000000e+00                 2s
       0 DPushes remaining with DInf 0.0000000e+00                 2s

    3168 PPushes remaining with PInf 0.0000000e+00                 2s
       0 PPushes remaining with PInf 0.0000000e+00                 2s

  Push phase complete: Pinf 0.0000000e+00, Dinf 4.1154635e-11      2s

Crossover time: 0.03 seconds (0.02 work units)
Iteration    Objective       Primal Inf.    Dual Inf.      Time
    5277    8.3144923e+08   0.000000e+00   0.000000e+00      2s

Solved in 5277 iterations and 2.14 seconds (3.48 work units)
Optimal objective  8.314492333e+08

User-callback calls 132, time in user-callback 0.00 sec
Reading Input_Data Files for PCM mode
No xlsx file found in the directory D:/MIT Dropbox/Shen Wang/MIT/RA/RA_assessment/RAChronoOps/exports/hope_model_cases/RAChronoOps_VRE120_base_perf5mw_s011_ED\Data_RAChronoOps_PCM/, try to read data from .csv files
Reading network
Reading technology
Reading time series
Reading optional gen_availability_timeseries.csv
Reading policies
Reading single parameters
CSV Files Successfully Load From D:/MIT Dropbox/Shen Wang/MIT/RA/RA_assessment/RAChronoOps/exports/hope_model_cases/RAChronoOps_VRE120_base_perf5mw_s011_ED\Data_RAChronoOps_PCM/
Info: PCM will use generator-level AF for 76 generators from gen_availability_timeseries.
Carbon policy constraints are disabled (carbon_policy = 0).


Model mode: PCM

Termination_status= OPTIMAL

Primal_status= FEASIBLE_POINT



Objective_value= 8.314492332825699e8

Operation_cost= 7.998218656447743e8

Load_shedding= 3.162736763730754e7

RPS_requirement Dict{InlineStrings.String3, Float64}("Z1" => 0.0)

RPSPenalty= 0

CarbonCapPenalty= 0

CarbonCapEmissions= Tuple{InlineStrings.String3, Float64}[("RTS", 0.0)]

Solving time: 12.078999996185303
HOPE model (PCM mode) is successfully solved!
No compatible power-balance duals found for configured network_model=0; skipping power price output.
Generating summary analysis tables in D:/MIT Dropbox/Shen Wang/MIT/RA/RA_assessment/RAChronoOps/exports/hope_model_cases/RAChronoOps_VRE120_base_perf5mw_s011_ED\output_tmp_1779927909\Analysis ...
Write solved results in the folder D:/MIT Dropbox/Shen Wang/MIT/RA/RA_assessment/RAChronoOps/exports/hope_model_cases/RAChronoOps_VRE120_base_perf5mw_s011_ED\output DONE!
Set parameter Username
Academic license - for non-commercial use only - expires 2026-12-09
Set parameter OptimalityTol to value 0.0001
Set parameter FeasibilityTol to value 1e-06
Set parameter Presolve to value -1
Set parameter AggFill to value 10
Set parameter PreDual to value -1
Set parameter TimeLimit to value 7200
Set parameter MIPGap to value 0.001
Set parameter Method to value 2
Set parameter BarConvTol to value 1e-08
Set parameter NumericFocus to value 0
Set parameter Crossover to value -1
Set parameter OutputFlag to value 1
Set parameter FeasibilityTol to value 1e-06
Set parameter PreDual to value -1
Set parameter Method to value 2
Set parameter Crossover to value -1
Set parameter TimeLimit to value 7200
Set parameter OutputFlag to value 1
Set parameter NumericFocus to value 0
Set parameter MIPGap to value 0.001
Set parameter OptimalityTol to value 0.0001
Set parameter AggFill to value 10
Set parameter BarConvTol to value 1e-08
Set parameter Presolve to value -1
Gurobi Optimizer version 13.0.0 build v13.0.0rc1 (win64 - Windows 10.0 (19045.2))

CPU model: Intel(R) Core(TM) i9-10900K CPU @ 3.70GHz, instruction set [SSE2|AVX|AVX2]
Thread count: 10 physical cores, 20 logical processors, using up to 20 threads

Non-default parameters:
TimeLimit  7200
MIPGap  0.001
OptimalityTol  0.0001
Method  2
AggFill  10

Optimize a model with 2750496 rows, 718473 columns and 4756386 nonzeros (Min)
Model fingerprint: 0x41aa3324
Model has 665760 linear objective coefficients
Coefficient statistics:
  Matrix range     [9e-01, 1e+00]
  Objective range  [1e-02, 1e+04]
  Bounds range     [0e+00, 0e+00]
  RHS range        [1e-01, 1e+09]
Presolve removed 2732979 rows and 618860 columns
Presolve time: 1.19s
Presolved: 17517 rows, 99613 columns, 125887 nonzeros

Ordering time: 0.00s

Barrier statistics:
 AA' NZ     : 1.752e+04
 Factor NZ  : 2.539e+05 (roughly 50 MB of memory)
 Factor Ops : 4.760e+06 (less than 1 second per iteration)
 Threads    : 10

                  Objective                Residual
Iter       Primal          Dual         Primal    Dual     Compl     Time
   0   1.68569044e+10 -1.16615170e+11  1.10e+04 1.82e-12  3.81e+06     1s
   1   1.74298274e+09 -5.83359354e+10  5.82e+02 2.91e-11  4.31e+05     1s
   2   9.28280232e+08 -1.42412817e+10  4.54e+01 4.18e-11  8.03e+04     1s
   3   8.45759702e+08  1.10832230e+08  5.64e-02 2.91e-11  3.69e+03     1s
   4   8.30423699e+08  4.85708977e+08  8.69e-03 2.91e-11  1.73e+03     1s
   5   8.20053601e+08  6.04441812e+08  4.44e-03 2.91e-11  1.08e+03     1s
   6   8.08403424e+08  7.16904145e+08  1.48e-03 2.91e-11  4.59e+02     1s
   7   8.02259882e+08  7.62187465e+08  7.62e-04 2.91e-11  2.01e+02     1s
   8   7.97516145e+08  7.78897944e+08  3.62e-04 2.91e-11  9.35e+01     1s
   9   7.93894176e+08  7.85358254e+08  1.60e-04 2.91e-11  4.28e+01     1s
  10   7.91643676e+08  7.88576174e+08  5.47e-05 2.91e-11  1.54e+01     1s
  11   7.90982175e+08  7.89404016e+08  2.74e-05 2.91e-11  7.92e+00     1s
  12   7.90614032e+08  7.89867154e+08  1.30e-05 2.91e-11  3.75e+00     1s
  13   7.90444085e+08  7.90074285e+08  6.70e-06 2.91e-11  1.86e+00     2s
  14   7.90322201e+08  7.90178338e+08  2.37e-06 1.46e-11  7.22e-01     2s
  15   7.90284319e+08  7.90211532e+08  1.10e-06 1.46e-11  3.65e-01     2s
  16   7.90262466e+08  7.90232832e+08  3.78e-07 2.91e-11  1.49e-01     2s
  17   7.90255792e+08  7.90244350e+08  1.72e-07 2.91e-11  5.74e-02     2s
  18   7.90251894e+08  7.90248344e+08  5.64e-08 2.91e-11  1.78e-02     2s
  19   7.90250514e+08  7.90249212e+08  1.65e-08 1.46e-11  6.54e-03     2s
  20   7.90249966e+08  7.90249797e+08  1.48e-09 2.91e-11  8.44e-04     2s
  21   7.90249901e+08  7.90249872e+08  9.50e-10 2.91e-11  1.44e-04     2s
  22   7.90249888e+08  7.90249887e+08  1.60e-09 4.37e-11  4.11e-06     2s
  23   7.90249888e+08  7.90249888e+08  4.01e-10 2.91e-11  8.14e-10     2s

Barrier solved model in 23 iterations and 1.70 seconds (2.60 work units)
Optimal objective 7.90249888e+08

Crossover log...

    2099 DPushes remaining with DInf 0.0000000e+00                 2s
       0 DPushes remaining with DInf 0.0000000e+00                 2s

    3136 PPushes remaining with PInf 0.0000000e+00                 2s
       0 PPushes remaining with PInf 0.0000000e+00                 2s

  Push phase complete: Pinf 0.0000000e+00, Dinf 1.0373924e-11      2s

Crossover time: 0.06 seconds (0.02 work units)
Iteration    Objective       Primal Inf.    Dual Inf.      Time
    5238    7.9024989e+08   0.000000e+00   0.000000e+00      2s

Solved in 5238 iterations and 2.33 seconds (3.44 work units)
Optimal objective  7.902498878e+08

User-callback calls 126, time in user-callback 0.00 sec
Reading Input_Data Files for PCM mode
No xlsx file found in the directory D:/MIT Dropbox/Shen Wang/MIT/RA/RA_assessment/RAChronoOps/exports/hope_model_cases/RAChronoOps_VRE120_base_perf5mw_s012_ED\Data_RAChronoOps_PCM/, try to read data from .csv files
Reading network
Reading technology
Reading time series
Reading optional gen_availability_timeseries.csv
Reading policies
Reading single parameters
CSV Files Successfully Load From D:/MIT Dropbox/Shen Wang/MIT/RA/RA_assessment/RAChronoOps/exports/hope_model_cases/RAChronoOps_VRE120_base_perf5mw_s012_ED\Data_RAChronoOps_PCM/
Info: PCM will use generator-level AF for 76 generators from gen_availability_timeseries.
Carbon policy constraints are disabled (carbon_policy = 0).


Model mode: PCM

Termination_status= OPTIMAL

Primal_status= FEASIBLE_POINT



Objective_value= 7.902498877797401e8

Operation_cost= 7.902498877792115e8

Load_shedding= 0.0

RPS_requirement Dict{InlineStrings.String3, Float64}("Z1" => 0.0)

RPSPenalty= 0

CarbonCapPenalty= 0

CarbonCapEmissions= Tuple{InlineStrings.String3, Float64}[("RTS", 0.0)]

Solving time: 10.907000064849854
HOPE model (PCM mode) is successfully solved!
No compatible power-balance duals found for configured network_model=0; skipping power price output.
Generating summary analysis tables in D:/MIT Dropbox/Shen Wang/MIT/RA/RA_assessment/RAChronoOps/exports/hope_model_cases/RAChronoOps_VRE120_base_perf5mw_s012_ED\output_tmp_1779928018\Analysis ...
Warning: Failed to rename temporary output directory into place (attempt 1/5): IOError: rm("D:/MIT Dropbox/Shen Wang/MIT/RA/RA_assessment/RAChronoOps/exports/hope_model_cases/RAChronoOps_VRE120_base_perf5mw_s012_ED\\output_tmp_1779928018\\Analysis"): resource busy or locked (EBUSY)
Retrying in 2 seconds... (close any open CSV/Excel files or pause Dropbox sync)
Warning: Temporary output rename reported a filesystem lock, but 'D:/MIT Dropbox/Shen Wang/MIT/RA/RA_assessment/RAChronoOps/exports/hope_model_cases/RAChronoOps_VRE120_base_perf5mw_s012_ED\output' already contains analysis outputs.
Continuing with 'D:/MIT Dropbox/Shen Wang/MIT/RA/RA_assessment/RAChronoOps/exports/hope_model_cases/RAChronoOps_VRE120_base_perf5mw_s012_ED\output' and leaving 'D:/MIT Dropbox/Shen Wang/MIT/RA/RA_assessment/RAChronoOps/exports/hope_model_cases/RAChronoOps_VRE120_base_perf5mw_s012_ED\output_tmp_1779928018' for later cleanup if needed.
Write solved results in the folder D:/MIT Dropbox/Shen Wang/MIT/RA/RA_assessment/RAChronoOps/exports/hope_model_cases/RAChronoOps_VRE120_base_perf5mw_s012_ED\output DONE!
Set parameter Username
Academic license - for non-commercial use only - expires 2026-12-09
Set parameter OptimalityTol to value 0.0001
Set parameter FeasibilityTol to value 1e-06
Set parameter Presolve to value -1
Set parameter AggFill to value 10
Set parameter PreDual to value -1
Set parameter TimeLimit to value 7200
Set parameter MIPGap to value 0.001
Set parameter Method to value 2
Set parameter BarConvTol to value 1e-08
Set parameter NumericFocus to value 0
Set parameter Crossover to value -1
Set parameter OutputFlag to value 1
Set parameter FeasibilityTol to value 1e-06
Set parameter PreDual to value -1
Set parameter Method to value 2
Set parameter Crossover to value -1
Set parameter TimeLimit to value 7200
Set parameter OutputFlag to value 1
Set parameter NumericFocus to value 0
Set parameter MIPGap to value 0.001
Set parameter OptimalityTol to value 0.0001
Set parameter AggFill to value 10
Set parameter BarConvTol to value 1e-08
Set parameter Presolve to value -1
Gurobi Optimizer version 13.0.0 build v13.0.0rc1 (win64 - Windows 10.0 (19045.2))

CPU model: Intel(R) Core(TM) i9-10900K CPU @ 3.70GHz, instruction set [SSE2|AVX|AVX2]
Thread count: 10 physical cores, 20 logical processors, using up to 20 threads

Non-default parameters:
TimeLimit  7200
MIPGap  0.001
OptimalityTol  0.0001
Method  2
AggFill  10

Optimize a model with 2750496 rows, 718473 columns and 4756386 nonzeros (Min)
Model fingerprint: 0x34ac519f
Model has 665760 linear objective coefficients
Coefficient statistics:
  Matrix range     [9e-01, 1e+00]
  Objective range  [1e-02, 1e+04]
  Bounds range     [0e+00, 0e+00]
  RHS range        [1e-01, 1e+09]
Presolve removed 2732979 rows and 618818 columns
Presolve time: 1.11s
Presolved: 17517 rows, 99655 columns, 125929 nonzeros

Ordering time: 0.00s

Barrier statistics:
 AA' NZ     : 1.752e+04
 Factor NZ  : 2.539e+05 (roughly 50 MB of memory)
 Factor Ops : 4.760e+06 (less than 1 second per iteration)
 Threads    : 10

                  Objective                Residual
Iter       Primal          Dual         Primal    Dual     Compl     Time
   0   1.86691523e+10 -1.16859226e+11  1.07e+04 1.82e-12  3.82e+06     1s
   1   2.72860970e+09 -5.83848704e+10  1.09e+03 2.91e-11  5.55e+05     1s
   2   1.13417877e+09 -1.97822684e+10  1.41e+02 5.09e-11  1.23e+05     1s
   3   8.75187936e+08 -4.17842192e+08  5.95e+00 3.91e-11  6.56e+03     1s
   4   8.50889028e+08  5.83765713e+08  8.99e-03 2.91e-11  1.34e+03     1s
   5   8.37180768e+08  7.20375325e+08  4.12e-03 2.91e-11  5.86e+02     1s
   6   8.24702856e+08  7.76407795e+08  1.83e-03 2.91e-11  2.42e+02     1s
   7   8.16952292e+08  7.92759095e+08  8.38e-04 2.91e-11  1.21e+02     1s
   8   8.12740213e+08  8.00780855e+08  4.00e-04 1.46e-11  6.00e+01     1s
   9   8.10231008e+08  8.04827471e+08  1.77e-04 1.46e-11  2.71e+01     1s
  10   8.08919420e+08  8.06783363e+08  7.22e-05 2.91e-11  1.07e+01     1s
  11   8.08417197e+08  8.07385327e+08  3.65e-05 2.91e-11  5.18e+00     1s
  12   8.08025166e+08  8.07647536e+08  1.01e-05 1.46e-11  1.89e+00     1s
  13   8.07934288e+08  8.07753092e+08  4.58e-06 2.91e-11  9.09e-01     1s
  14   8.07882933e+08  8.07812069e+08  1.56e-06 1.46e-11  3.56e-01     1s
  15   8.07867530e+08  8.07835074e+08  7.15e-07 1.46e-11  1.63e-01     1s
  16   8.07859028e+08  8.07844908e+08  2.66e-07 1.46e-11  7.08e-02     1s
  17   8.07855257e+08  8.07851174e+08  7.76e-08 2.91e-11  2.05e-02     1s
  18   8.07853665e+08  8.07853182e+08  1.04e-08 2.91e-11  2.43e-03     1s
  19   8.07853426e+08  8.07853322e+08  1.65e-09 1.46e-11  5.24e-04     2s
  20   8.07853375e+08  8.07853373e+08  1.51e-10 4.37e-11  1.21e-05     2s
  21   8.07853374e+08  8.07853374e+08  2.41e-10 2.91e-11  1.52e-07     2s
  22   8.07853374e+08  8.07853374e+08  1.33e-10 2.91e-11  1.52e-10     2s

Barrier solved model in 22 iterations and 1.57 seconds (2.58 work units)
Optimal objective 8.07853374e+08

Crossover log...

    2112 DPushes remaining with DInf 0.0000000e+00                 2s
       0 DPushes remaining with DInf 0.0000000e+00                 2s

    3162 PPushes remaining with PInf 0.0000000e+00                 2s
       0 PPushes remaining with PInf 0.0000000e+00                 2s

  Push phase complete: Pinf 0.0000000e+00, Dinf 1.2263968e-11      2s

Crossover time: 0.03 seconds (0.02 work units)
Iteration    Objective       Primal Inf.    Dual Inf.      Time
    5277    8.0785337e+08   0.000000e+00   0.000000e+00      2s

Solved in 5277 iterations and 2.20 seconds (3.42 work units)
Optimal objective  8.078533737e+08

User-callback calls 106, time in user-callback 0.00 sec
Reading Input_Data Files for PCM mode
No xlsx file found in the directory D:/MIT Dropbox/Shen Wang/MIT/RA/RA_assessment/RAChronoOps/exports/hope_model_cases/RAChronoOps_VRE120_base_perf5mw_s013_ED\Data_RAChronoOps_PCM/, try to read data from .csv files
Reading network
Reading technology
Reading time series
Reading optional gen_availability_timeseries.csv
Reading policies
Reading single parameters
CSV Files Successfully Load From D:/MIT Dropbox/Shen Wang/MIT/RA/RA_assessment/RAChronoOps/exports/hope_model_cases/RAChronoOps_VRE120_base_perf5mw_s013_ED\Data_RAChronoOps_PCM/
Info: PCM will use generator-level AF for 76 generators from gen_availability_timeseries.
Carbon policy constraints are disabled (carbon_policy = 0).


Model mode: PCM

Termination_status= OPTIMAL

Primal_status= FEASIBLE_POINT



Objective_value= 8.078533736687847e8

Operation_cost= 8.078533736682587e8

Load_shedding= 0.0

RPS_requirement Dict{InlineStrings.String3, Float64}("Z1" => 0.0)

RPSPenalty= 0

CarbonCapPenalty= 0

CarbonCapEmissions= Tuple{InlineStrings.String3, Float64}[("RTS", 0.0)]

Solving time: 12.225000143051147
HOPE model (PCM mode) is successfully solved!
No compatible power-balance duals found for configured network_model=0; skipping power price output.
Generating summary analysis tables in D:/MIT Dropbox/Shen Wang/MIT/RA/RA_assessment/RAChronoOps/exports/hope_model_cases/RAChronoOps_VRE120_base_perf5mw_s013_ED\output_tmp_1779928135\Analysis ...
Warning: Failed to rename temporary output directory into place (attempt 1/5): IOError: rm("D:/MIT Dropbox/Shen Wang/MIT/RA/RA_assessment/RAChronoOps/exports/hope_model_cases/RAChronoOps_VRE120_base_perf5mw_s013_ED\\output_tmp_1779928135\\Analysis"): resource busy or locked (EBUSY)
Retrying in 2 seconds... (close any open CSV/Excel files or pause Dropbox sync)
Warning: Temporary output rename reported a filesystem lock, but 'D:/MIT Dropbox/Shen Wang/MIT/RA/RA_assessment/RAChronoOps/exports/hope_model_cases/RAChronoOps_VRE120_base_perf5mw_s013_ED\output' already contains analysis outputs.
Continuing with 'D:/MIT Dropbox/Shen Wang/MIT/RA/RA_assessment/RAChronoOps/exports/hope_model_cases/RAChronoOps_VRE120_base_perf5mw_s013_ED\output' and leaving 'D:/MIT Dropbox/Shen Wang/MIT/RA/RA_assessment/RAChronoOps/exports/hope_model_cases/RAChronoOps_VRE120_base_perf5mw_s013_ED\output_tmp_1779928135' for later cleanup if needed.
Write solved results in the folder D:/MIT Dropbox/Shen Wang/MIT/RA/RA_assessment/RAChronoOps/exports/hope_model_cases/RAChronoOps_VRE120_base_perf5mw_s013_ED\output DONE!
Set parameter Username
Academic license - for non-commercial use only - expires 2026-12-09
Set parameter OptimalityTol to value 0.0001
Set parameter FeasibilityTol to value 1e-06
Set parameter Presolve to value -1
Set parameter AggFill to value 10
Set parameter PreDual to value -1
Set parameter TimeLimit to value 7200
Set parameter MIPGap to value 0.001
Set parameter Method to value 2
Set parameter BarConvTol to value 1e-08
Set parameter NumericFocus to value 0
Set parameter Crossover to value -1
Set parameter OutputFlag to value 1
Set parameter FeasibilityTol to value 1e-06
Set parameter PreDual to value -1
Set parameter Method to value 2
Set parameter Crossover to value -1
Set parameter TimeLimit to value 7200
Set parameter OutputFlag to value 1
Set parameter NumericFocus to value 0
Set parameter MIPGap to value 0.001
Set parameter OptimalityTol to value 0.0001
Set parameter AggFill to value 10
Set parameter BarConvTol to value 1e-08
Set parameter Presolve to value -1
Gurobi Optimizer version 13.0.0 build v13.0.0rc1 (win64 - Windows 10.0 (19045.2))

CPU model: Intel(R) Core(TM) i9-10900K CPU @ 3.70GHz, instruction set [SSE2|AVX|AVX2]
Thread count: 10 physical cores, 20 logical processors, using up to 20 threads

Non-default parameters:
TimeLimit  7200
MIPGap  0.001
OptimalityTol  0.0001
Method  2
AggFill  10

Optimize a model with 2750496 rows, 718473 columns and 4756386 nonzeros (Min)
Model fingerprint: 0x6a61b8fc
Model has 665760 linear objective coefficients
Coefficient statistics:
  Matrix range     [9e-01, 1e+00]
  Objective range  [1e-02, 1e+04]
  Bounds range     [0e+00, 0e+00]
  RHS range        [1e-01, 1e+09]
Presolve removed 2732979 rows and 619352 columns
Presolve time: 1.09s
Presolved: 17517 rows, 99121 columns, 125395 nonzeros

Ordering time: 0.00s

Barrier statistics:
 AA' NZ     : 1.752e+04
 Factor NZ  : 2.539e+05 (roughly 50 MB of memory)
 Factor Ops : 4.760e+06 (less than 1 second per iteration)
 Threads    : 10

                  Objective                Residual
Iter       Primal          Dual         Primal    Dual     Compl     Time
   0   1.65090285e+10 -1.16615466e+11  1.10e+04 1.82e-12  3.80e+06     1s
   1   1.88088801e+09 -5.82517288e+10  6.94e+02 2.91e-11  4.57e+05     1s
   2   1.07130200e+09 -1.79981946e+10  1.43e+02 3.64e-11  1.12e+05     1s
   3   9.31437025e+08 -3.10378592e+09  5.73e+01 1.31e-10  2.21e+04     1s
   4   9.02596936e+08 -2.08549021e+09  3.74e+01 1.53e-10  1.59e+04     1s
   5   8.44336990e+08 -1.23497784e+08  2.48e-11 4.51e-10  4.88e+03     1s
   6   8.36148514e+08  5.22035414e+08  9.72e-12 1.46e-10  1.58e+03     1s
   7   8.23582492e+08  7.06121590e+08  4.16e-12 4.37e-11  5.93e+02     1s
   8   8.12584515e+08  7.66395550e+08  1.88e-12 2.91e-11  2.33e+02     1s
   9   8.04804181e+08  7.83855647e+08  1.34e-12 1.81e-11  1.06e+02     1s
  10   8.01199369e+08  7.92295499e+08  3.69e-12 2.91e-11  4.49e+01     1s
  11   7.99037399e+08  7.94706448e+08  7.67e-12 2.91e-11  2.18e+01     1s
  12   7.97866419e+08  7.96001510e+08  1.29e-11 2.91e-11  9.41e+00     1s
  13   7.97295423e+08  7.96252771e+08  1.17e-11 2.91e-11  5.26e+00     1s
  14   7.96972987e+08  7.96450997e+08  1.95e-11 1.69e-11  2.63e+00     1s
  15   7.96788725e+08  7.96537198e+08  1.90e-11 2.91e-11  1.27e+00     1s
  16   7.96691507e+08  7.96582233e+08  4.44e-11 2.91e-11  5.51e-01     1s
  17   7.96662557e+08  7.96605930e+08  4.92e-11 1.60e-11  2.86e-01     1s
  18   7.96634709e+08  7.96617805e+08  2.45e-10 2.91e-11  8.53e-02     1s
  19   7.96631829e+08  7.96622534e+08  2.25e-10 1.46e-11  4.69e-02     2s
  20   7.96628569e+08  7.96625960e+08  5.10e-10 2.91e-11  1.32e-02     2s
  21   7.96627675e+08  7.96626906e+08  7.18e-10 2.91e-11  3.88e-03     2s
  22   7.96627263e+08  7.96627198e+08  4.81e-10 2.91e-11  3.30e-04     2s
  23   7.96627246e+08  7.96627244e+08  9.18e-10 2.91e-11  1.40e-05     2s
  24   7.96627245e+08  7.96627245e+08  2.43e-10 2.91e-11  2.16e-08     2s
  25   7.96627245e+08  7.96627245e+08  1.29e-10 2.91e-11  4.18e-11     2s

Barrier solved model in 25 iterations and 1.63 seconds (2.63 work units)
Optimal objective 7.96627245e+08

Crossover log...

    2123 DPushes remaining with DInf 0.0000000e+00                 2s
       0 DPushes remaining with DInf 0.0000000e+00                 2s

    3009 PPushes remaining with PInf 0.0000000e+00                 2s
       0 PPushes remaining with PInf 0.0000000e+00                 2s

  Push phase complete: Pinf 0.0000000e+00, Dinf 1.8445689e-11      2s

Crossover time: 0.04 seconds (0.02 work units)
Iteration    Objective       Primal Inf.    Dual Inf.      Time
    5135    7.9662725e+08   0.000000e+00   0.000000e+00      2s

Solved in 5135 iterations and 2.17 seconds (3.47 work units)
Optimal objective  7.966272451e+08

User-callback calls 128, time in user-callback 0.00 sec
Reading Input_Data Files for PCM mode
No xlsx file found in the directory D:/MIT Dropbox/Shen Wang/MIT/RA/RA_assessment/RAChronoOps/exports/hope_model_cases/RAChronoOps_VRE120_base_perf5mw_s014_ED\Data_RAChronoOps_PCM/, try to read data from .csv files
Reading network
Reading technology
Reading time series
Reading optional gen_availability_timeseries.csv
Reading policies
Reading single parameters
CSV Files Successfully Load From D:/MIT Dropbox/Shen Wang/MIT/RA/RA_assessment/RAChronoOps/exports/hope_model_cases/RAChronoOps_VRE120_base_perf5mw_s014_ED\Data_RAChronoOps_PCM/
Info: PCM will use generator-level AF for 76 generators from gen_availability_timeseries.
Carbon policy constraints are disabled (carbon_policy = 0).


Model mode: PCM

Termination_status= OPTIMAL

Primal_status= FEASIBLE_POINT



Objective_value= 7.966272451289295e8

Operation_cost= 7.886295350717448e8

Load_shedding= 7.997710056653739e6

RPS_requirement Dict{InlineStrings.String3, Float64}("Z1" => 0.0)

RPSPenalty= 0

CarbonCapPenalty= 0

CarbonCapEmissions= Tuple{InlineStrings.String3, Float64}[("RTS", 0.0)]

Solving time: 14.04200005531311
HOPE model (PCM mode) is successfully solved!
No compatible power-balance duals found for configured network_model=0; skipping power price output.
Generating summary analysis tables in D:/MIT Dropbox/Shen Wang/MIT/RA/RA_assessment/RAChronoOps/exports/hope_model_cases/RAChronoOps_VRE120_base_perf5mw_s014_ED\output_tmp_1779928251\Analysis ...
Warning: Failed to rename temporary output directory into place (attempt 1/5): IOError: rm("D:/MIT Dropbox/Shen Wang/MIT/RA/RA_assessment/RAChronoOps/exports/hope_model_cases/RAChronoOps_VRE120_base_perf5mw_s014_ED\\output_tmp_1779928251"): resource busy or locked (EBUSY)
Retrying in 2 seconds... (close any open CSV/Excel files or pause Dropbox sync)
Warning: Temporary output rename reported a filesystem lock, but 'D:/MIT Dropbox/Shen Wang/MIT/RA/RA_assessment/RAChronoOps/exports/hope_model_cases/RAChronoOps_VRE120_base_perf5mw_s014_ED\output' already contains analysis outputs.
Continuing with 'D:/MIT Dropbox/Shen Wang/MIT/RA/RA_assessment/RAChronoOps/exports/hope_model_cases/RAChronoOps_VRE120_base_perf5mw_s014_ED\output' and leaving 'D:/MIT Dropbox/Shen Wang/MIT/RA/RA_assessment/RAChronoOps/exports/hope_model_cases/RAChronoOps_VRE120_base_perf5mw_s014_ED\output_tmp_1779928251' for later cleanup if needed.
Write solved results in the folder D:/MIT Dropbox/Shen Wang/MIT/RA/RA_assessment/RAChronoOps/exports/hope_model_cases/RAChronoOps_VRE120_base_perf5mw_s014_ED\output DONE!
Set parameter Username
Academic license - for non-commercial use only - expires 2026-12-09
Set parameter OptimalityTol to value 0.0001
Set parameter FeasibilityTol to value 1e-06
Set parameter Presolve to value -1
Set parameter AggFill to value 10
Set parameter PreDual to value -1
Set parameter TimeLimit to value 7200
Set parameter MIPGap to value 0.001
Set parameter Method to value 2
Set parameter BarConvTol to value 1e-08
Set parameter NumericFocus to value 0
Set parameter Crossover to value -1
Set parameter OutputFlag to value 1
Set parameter FeasibilityTol to value 1e-06
Set parameter PreDual to value -1
Set parameter Method to value 2
Set parameter Crossover to value -1
Set parameter TimeLimit to value 7200
Set parameter OutputFlag to value 1
Set parameter NumericFocus to value 0
Set parameter MIPGap to value 0.001
Set parameter OptimalityTol to value 0.0001
Set parameter AggFill to value 10
Set parameter BarConvTol to value 1e-08
Set parameter Presolve to value -1
Gurobi Optimizer version 13.0.0 build v13.0.0rc1 (win64 - Windows 10.0 (19045.2))

CPU model: Intel(R) Core(TM) i9-10900K CPU @ 3.70GHz, instruction set [SSE2|AVX|AVX2]
Thread count: 10 physical cores, 20 logical processors, using up to 20 threads

Non-default parameters:
TimeLimit  7200
MIPGap  0.001
OptimalityTol  0.0001
Method  2
AggFill  10

Optimize a model with 2750496 rows, 718473 columns and 4756386 nonzeros (Min)
Model fingerprint: 0x2a262504
Model has 665760 linear objective coefficients
Coefficient statistics:
  Matrix range     [9e-01, 1e+00]
  Objective range  [1e-02, 1e+04]
  Bounds range     [0e+00, 0e+00]
  RHS range        [1e-01, 1e+09]
Presolve removed 2732985 rows and 618905 columns
Presolve time: 1.10s
Presolved: 17511 rows, 99568 columns, 125830 nonzeros

Ordering time: 0.01s

Barrier statistics:
 AA' NZ     : 1.751e+04
 Factor NZ  : 2.538e+05 (roughly 50 MB of memory)
 Factor Ops : 4.757e+06 (less than 1 second per iteration)
 Threads    : 10

                  Objective                Residual
Iter       Primal          Dual         Primal    Dual     Compl     Time
   0   1.74541933e+10 -6.08093032e+11  1.12e+04 2.94e+00  1.98e+07     1s
   1   2.08591052e+09 -3.07325013e+11  6.05e+02 5.82e-11  2.26e+06     1s
   2   1.09651600e+09 -6.83491409e+10  1.30e+01 4.95e-10  3.55e+05     1s
   3   9.70184831e+08 -4.59615602e+09  1.34e+00 2.62e-10  2.80e+04     1s
   4   9.42282310e+08  2.51541296e+08  5.56e-02 2.91e-11  3.47e+03     1s
   5   9.35744655e+08  5.64936453e+08  3.23e-02 1.49e-11  1.86e+03     1s
   6   9.25782571e+08  7.12105544e+08  1.57e-02 2.91e-11  1.07e+03     1s
   7   9.15258681e+08  7.78607563e+08  6.99e-03 2.91e-11  6.86e+02     1s
   8   9.07030116e+08  8.43456725e+08  3.15e-03 4.37e-11  3.19e+02     1s
   9   9.00893164e+08  8.67772870e+08  1.59e-03 2.91e-11  1.66e+02     1s
  10   8.93053896e+08  8.80097528e+08  2.42e-04 2.91e-11  6.51e+01     1s
  11   8.91230264e+08  8.83970224e+08  1.17e-04 2.91e-11  3.65e+01     1s
  12   8.90104090e+08  8.87198580e+08  4.42e-05 2.91e-11  1.46e+01     1s
  13   8.89628076e+08  8.88106082e+08  1.96e-05 2.91e-11  7.64e+00     1s
  14   8.89372014e+08  8.88678115e+08  7.53e-06 1.63e-11  3.48e+00     1s
  15   8.89276443e+08  8.88945865e+08  3.57e-06 2.91e-11  1.66e+00     1s
  16   8.89204774e+08  8.89078079e+08  8.45e-07 2.91e-11  6.36e-01     1s
  17   8.89190414e+08  8.89123540e+08  3.78e-07 2.91e-11  3.36e-01     1s
  18   8.89180617e+08  8.89150191e+08  1.04e-07 2.91e-11  1.53e-01     1s
  19   8.89178125e+08  8.89165321e+08  3.45e-08 2.14e-11  6.43e-02     1s
  20   8.89176733e+08  8.89175338e+08  9.97e-09 2.91e-11  7.00e-03     2s
  21   8.89176214e+08  8.89175824e+08  1.95e-09 2.91e-11  1.96e-03     2s
  22   8.89176078e+08  8.89176043e+08  1.36e-10 2.91e-11  1.77e-04     2s
  23   8.89176067e+08  8.89176067e+08  3.06e-10 2.91e-11  1.86e-06     2s
  24   8.89176067e+08  8.89176067e+08  9.85e-11 2.91e-11  1.86e-09     2s

Barrier solved model in 24 iterations and 1.60 seconds (2.62 work units)
Optimal objective 8.89176067e+08

Crossover log...

    2065 DPushes remaining with DInf 0.0000000e+00                 2s
       0 DPushes remaining with DInf 0.0000000e+00                 2s

    3111 PPushes remaining with PInf 0.0000000e+00                 2s
       0 PPushes remaining with PInf 0.0000000e+00                 2s

  Push phase complete: Pinf 0.0000000e+00, Dinf 6.1660899e-11      2s

Crossover time: 0.05 seconds (0.02 work units)
Iteration    Objective       Primal Inf.    Dual Inf.      Time
    5179    8.8917607e+08   0.000000e+00   0.000000e+00      2s

Solved in 5179 iterations and 2.17 seconds (3.46 work units)
Optimal objective  8.891760674e+08

User-callback calls 134, time in user-callback 0.00 sec
Reading Input_Data Files for PCM mode
No xlsx file found in the directory D:/MIT Dropbox/Shen Wang/MIT/RA/RA_assessment/RAChronoOps/exports/hope_model_cases/RAChronoOps_VRE120_base_perf5mw_s015_ED\Data_RAChronoOps_PCM/, try to read data from .csv files
Reading network
Reading technology
Reading time series
Reading optional gen_availability_timeseries.csv
Reading policies
Reading single parameters
CSV Files Successfully Load From D:/MIT Dropbox/Shen Wang/MIT/RA/RA_assessment/RAChronoOps/exports/hope_model_cases/RAChronoOps_VRE120_base_perf5mw_s015_ED\Data_RAChronoOps_PCM/
Info: PCM will use generator-level AF for 76 generators from gen_availability_timeseries.
Carbon policy constraints are disabled (carbon_policy = 0).


Model mode: PCM

Termination_status= OPTIMAL

Primal_status= FEASIBLE_POINT



Objective_value= 8.891760674103359e8

Operation_cost= 7.922909996232209e8

Load_shedding= 9.688506778661501e7

RPS_requirement Dict{InlineStrings.String3, Float64}("Z1" => 0.0)

RPSPenalty= 0

CarbonCapPenalty= 0

CarbonCapEmissions= Tuple{InlineStrings.String3, Float64}[("RTS", 0.0)]

Solving time: 11.7739999294281
HOPE model (PCM mode) is successfully solved!
No compatible power-balance duals found for configured network_model=0; skipping power price output.
Generating summary analysis tables in D:/MIT Dropbox/Shen Wang/MIT/RA/RA_assessment/RAChronoOps/exports/hope_model_cases/RAChronoOps_VRE120_base_perf5mw_s015_ED\output_tmp_1779928365\Analysis ...
Warning: Failed to rename temporary output directory into place (attempt 1/5): IOError: rm("D:/MIT Dropbox/Shen Wang/MIT/RA/RA_assessment/RAChronoOps/exports/hope_model_cases/RAChronoOps_VRE120_base_perf5mw_s015_ED\\output_tmp_1779928365\\Analysis"): resource busy or locked (EBUSY)
Retrying in 2 seconds... (close any open CSV/Excel files or pause Dropbox sync)
Warning: Temporary output rename reported a filesystem lock, but 'D:/MIT Dropbox/Shen Wang/MIT/RA/RA_assessment/RAChronoOps/exports/hope_model_cases/RAChronoOps_VRE120_base_perf5mw_s015_ED\output' already contains analysis outputs.
Continuing with 'D:/MIT Dropbox/Shen Wang/MIT/RA/RA_assessment/RAChronoOps/exports/hope_model_cases/RAChronoOps_VRE120_base_perf5mw_s015_ED\output' and leaving 'D:/MIT Dropbox/Shen Wang/MIT/RA/RA_assessment/RAChronoOps/exports/hope_model_cases/RAChronoOps_VRE120_base_perf5mw_s015_ED\output_tmp_1779928365' for later cleanup if needed.
Write solved results in the folder D:/MIT Dropbox/Shen Wang/MIT/RA/RA_assessment/RAChronoOps/exports/hope_model_cases/RAChronoOps_VRE120_base_perf5mw_s015_ED\output DONE!
Set parameter Username
Academic license - for non-commercial use only - expires 2026-12-09
Set parameter OptimalityTol to value 0.0001
Set parameter FeasibilityTol to value 1e-06
Set parameter Presolve to value -1
Set parameter AggFill to value 10
Set parameter PreDual to value -1
Set parameter TimeLimit to value 7200
Set parameter MIPGap to value 0.001
Set parameter Method to value 2
Set parameter BarConvTol to value 1e-08
Set parameter NumericFocus to value 0
Set parameter Crossover to value -1
Set parameter OutputFlag to value 1
Set parameter FeasibilityTol to value 1e-06
Set parameter PreDual to value -1
Set parameter Method to value 2
Set parameter Crossover to value -1
Set parameter TimeLimit to value 7200
Set parameter OutputFlag to value 1
Set parameter NumericFocus to value 0
Set parameter MIPGap to value 0.001
Set parameter OptimalityTol to value 0.0001
Set parameter AggFill to value 10
Set parameter BarConvTol to value 1e-08
Set parameter Presolve to value -1
Gurobi Optimizer version 13.0.0 build v13.0.0rc1 (win64 - Windows 10.0 (19045.2))

CPU model: Intel(R) Core(TM) i9-10900K CPU @ 3.70GHz, instruction set [SSE2|AVX|AVX2]
Thread count: 10 physical cores, 20 logical processors, using up to 20 threads

Non-default parameters:
TimeLimit  7200
MIPGap  0.001
OptimalityTol  0.0001
Method  2
AggFill  10

Optimize a model with 2750496 rows, 718473 columns and 4756386 nonzeros (Min)
Model fingerprint: 0x0e1633a5
Model has 665760 linear objective coefficients
Coefficient statistics:
  Matrix range     [9e-01, 1e+00]
  Objective range  [1e-02, 1e+04]
  Bounds range     [0e+00, 0e+00]
  RHS range        [1e-01, 1e+09]
Presolve removed 2732981 rows and 618894 columns
Presolve time: 1.10s
Presolved: 17515 rows, 99579 columns, 125849 nonzeros

Ordering time: 0.00s

Barrier statistics:
 AA' NZ     : 1.751e+04
 Factor NZ  : 2.246e+05 (roughly 50 MB of memory)
 Factor Ops : 3.597e+06 (less than 1 second per iteration)
 Threads    : 10

                  Objective                Residual
Iter       Primal          Dual         Primal    Dual     Compl     Time
   0   1.76032141e+10 -5.10770309e+11  1.09e+04 2.01e+00  1.66e+07     1s
   1   1.84877544e+09 -2.58170878e+11  5.31e+02 5.82e-11  1.84e+06     1s
   2   9.17287136e+08 -4.97350701e+10  9.60e+00 9.68e-10  2.58e+05     1s
   3   8.61455223e+08 -2.12720116e+09  7.48e-01 5.09e-11  1.50e+04     1s
   4   8.42227682e+08  2.81388896e+08  2.32e-02 2.91e-11  2.82e+03     1s
   5   8.33660556e+08  5.17266295e+08  1.08e-02 5.09e-11  1.59e+03     1s
   6   8.23386782e+08  6.58415074e+08  4.44e-03 5.82e-11  8.28e+02     1s
   7   8.13357267e+08  7.37580420e+08  1.76e-03 5.82e-11  3.80e+02     1s
   8   8.05894697e+08  7.70386819e+08  7.92e-04 5.82e-11  1.78e+02     1s
   9   8.00808206e+08  7.82099563e+08  3.77e-04 2.91e-11  9.39e+01     1s
  10   7.95685561e+08  7.88347370e+08  6.25e-05 2.91e-11  3.68e+01     1s
  11   7.94822014e+08  7.90981166e+08  3.52e-05 2.91e-11  1.93e+01     1s
  12   7.93996179e+08  7.92454172e+08  1.17e-05 2.91e-11  7.74e+00     1s
  13   7.93733054e+08  7.92957687e+08  5.40e-06 2.91e-11  3.89e+00     1s
  14   7.93584977e+08  7.93283132e+08  2.12e-06 1.53e-11  1.52e+00     1s
  15   7.93531184e+08  7.93373006e+08  1.06e-06 2.91e-11  7.94e-01     1s
  16   7.93492985e+08  7.93430930e+08  3.38e-07 2.91e-11  3.12e-01     1s
  17   7.93482819e+08  7.93456718e+08  1.58e-07 2.91e-11  1.31e-01     1s
  18   7.93476452e+08  7.93468034e+08  4.72e-08 2.91e-11  4.23e-02     1s
  19   7.93474482e+08  7.93471627e+08  1.75e-08 2.91e-11  1.43e-02     1s
  20   7.93473477e+08  7.93473171e+08  3.22e-09 2.91e-11  1.53e-03     1s
  21   7.93473254e+08  7.93473191e+08  1.58e-08 2.91e-11  3.17e-04     1s
  22   7.93473205e+08  7.93473204e+08  2.42e-09 2.91e-11  8.27e-06     2s
  23   7.93473205e+08  7.93473205e+08  2.31e-09 2.91e-11  3.45e-08     2s
  24   7.93473205e+08  7.93473205e+08  7.54e-10 2.91e-11  3.45e-11     2s

Barrier solved model in 24 iterations and 1.55 seconds (2.61 work units)
Optimal objective 7.93473205e+08

Crossover log...

    2137 DPushes remaining with DInf 0.0000000e+00                 2s
       0 DPushes remaining with DInf 0.0000000e+00                 2s

    3030 PPushes remaining with PInf 0.0000000e+00                 2s
       0 PPushes remaining with PInf 0.0000000e+00                 2s

  Push phase complete: Pinf 0.0000000e+00, Dinf 1.7848834e-11      2s

Crossover time: 0.03 seconds (0.02 work units)
Iteration    Objective       Primal Inf.    Dual Inf.      Time
    5170    7.9347320e+08   0.000000e+00   0.000000e+00      2s

Solved in 5170 iterations and 2.10 seconds (3.46 work units)
Optimal objective  7.934732045e+08

User-callback calls 131, time in user-callback 0.00 sec
Reading Input_Data Files for PCM mode
No xlsx file found in the directory D:/MIT Dropbox/Shen Wang/MIT/RA/RA_assessment/RAChronoOps/exports/hope_model_cases/RAChronoOps_VRE120_base_perf5mw_s016_ED\Data_RAChronoOps_PCM/, try to read data from .csv files
Reading network
Reading technology
Reading time series
Reading optional gen_availability_timeseries.csv
Reading policies
Reading single parameters
CSV Files Successfully Load From D:/MIT Dropbox/Shen Wang/MIT/RA/RA_assessment/RAChronoOps/exports/hope_model_cases/RAChronoOps_VRE120_base_perf5mw_s016_ED\Data_RAChronoOps_PCM/
Info: PCM will use generator-level AF for 76 generators from gen_availability_timeseries.
Carbon policy constraints are disabled (carbon_policy = 0).


Model mode: PCM

Termination_status= OPTIMAL

Primal_status= FEASIBLE_POINT



Objective_value= 7.934732045477744e8

Operation_cost= 7.927934224545857e8

Load_shedding= 679782.0926537596

RPS_requirement Dict{InlineStrings.String3, Float64}("Z1" => 0.0)

RPSPenalty= 0

CarbonCapPenalty= 0

CarbonCapEmissions= Tuple{InlineStrings.String3, Float64}[("RTS", 0.0)]

Solving time: 11.848999977111816
HOPE model (PCM mode) is successfully solved!
No compatible power-balance duals found for configured network_model=0; skipping power price output.
Generating summary analysis tables in D:/MIT Dropbox/Shen Wang/MIT/RA/RA_assessment/RAChronoOps/exports/hope_model_cases/RAChronoOps_VRE120_base_perf5mw_s016_ED\output_tmp_1779928480\Analysis ...
Warning: Failed to rename temporary output directory into place (attempt 1/5): IOError: rm("D:/MIT Dropbox/Shen Wang/MIT/RA/RA_assessment/RAChronoOps/exports/hope_model_cases/RAChronoOps_VRE120_base_perf5mw_s016_ED\\output_tmp_1779928480\\Analysis"): resource busy or locked (EBUSY)
Retrying in 2 seconds... (close any open CSV/Excel files or pause Dropbox sync)
Warning: Temporary output rename reported a filesystem lock, but 'D:/MIT Dropbox/Shen Wang/MIT/RA/RA_assessment/RAChronoOps/exports/hope_model_cases/RAChronoOps_VRE120_base_perf5mw_s016_ED\output' already contains analysis outputs.
Continuing with 'D:/MIT Dropbox/Shen Wang/MIT/RA/RA_assessment/RAChronoOps/exports/hope_model_cases/RAChronoOps_VRE120_base_perf5mw_s016_ED\output' and leaving 'D:/MIT Dropbox/Shen Wang/MIT/RA/RA_assessment/RAChronoOps/exports/hope_model_cases/RAChronoOps_VRE120_base_perf5mw_s016_ED\output_tmp_1779928480' for later cleanup if needed.
Write solved results in the folder D:/MIT Dropbox/Shen Wang/MIT/RA/RA_assessment/RAChronoOps/exports/hope_model_cases/RAChronoOps_VRE120_base_perf5mw_s016_ED\output DONE!
Set parameter Username
Academic license - for non-commercial use only - expires 2026-12-09
Set parameter OptimalityTol to value 0.0001
Set parameter FeasibilityTol to value 1e-06
Set parameter Presolve to value -1
Set parameter AggFill to value 10
Set parameter PreDual to value -1
Set parameter TimeLimit to value 7200
Set parameter MIPGap to value 0.001
Set parameter Method to value 2
Set parameter BarConvTol to value 1e-08
Set parameter NumericFocus to value 0
Set parameter Crossover to value -1
Set parameter OutputFlag to value 1
Set parameter FeasibilityTol to value 1e-06
Set parameter PreDual to value -1
Set parameter Method to value 2
Set parameter Crossover to value -1
Set parameter TimeLimit to value 7200
Set parameter OutputFlag to value 1
Set parameter NumericFocus to value 0
Set parameter MIPGap to value 0.001
Set parameter OptimalityTol to value 0.0001
Set parameter AggFill to value 10
Set parameter BarConvTol to value 1e-08
Set parameter Presolve to value -1
Gurobi Optimizer version 13.0.0 build v13.0.0rc1 (win64 - Windows 10.0 (19045.2))

CPU model: Intel(R) Core(TM) i9-10900K CPU @ 3.70GHz, instruction set [SSE2|AVX|AVX2]
Thread count: 10 physical cores, 20 logical processors, using up to 20 threads

Non-default parameters:
TimeLimit  7200
MIPGap  0.001
OptimalityTol  0.0001
Method  2
AggFill  10

Optimize a model with 2750496 rows, 718473 columns and 4756386 nonzeros (Min)
Model fingerprint: 0x2ae116fa
Model has 665760 linear objective coefficients
Coefficient statistics:
  Matrix range     [9e-01, 1e+00]
  Objective range  [1e-02, 1e+04]
  Bounds range     [0e+00, 0e+00]
  RHS range        [1e-01, 1e+09]
Presolve removed 2732979 rows and 619049 columns
Presolve time: 1.08s
Presolved: 17517 rows, 99424 columns, 125698 nonzeros

Ordering time: 0.01s

Barrier statistics:
 AA' NZ     : 1.752e+04
 Factor NZ  : 2.539e+05 (roughly 50 MB of memory)
 Factor Ops : 4.760e+06 (less than 1 second per iteration)
 Threads    : 10

                  Objective                Residual
Iter       Primal          Dual         Primal    Dual     Compl     Time
   0   1.66028812e+10 -1.16644578e+11  1.10e+04 1.82e-12  3.80e+06     1s
   1   1.70900698e+09 -5.82497931e+10  5.70e+02 2.91e-11  4.28e+05     1s
   2   9.10810949e+08 -1.31083862e+10  3.81e+01 5.28e-11  7.39e+04     1s
   3   8.42374400e+08  1.03062515e+08  9.38e-13 2.91e-11  3.72e+03     1s
   4   8.29096976e+08  4.84730331e+08  1.41e-12 7.28e-11  1.73e+03     1s
   5   8.21169370e+08  6.86110177e+08  1.26e-12 4.37e-11  6.79e+02     1s
   6   8.08278285e+08  7.57079657e+08  1.41e-12 2.91e-11  2.57e+02     1s
   7   7.98636463e+08  7.73705372e+08  1.25e-12 2.91e-11  1.25e+02     1s
   8   7.94559955e+08  7.80436103e+08  1.18e-12 2.91e-11  7.10e+01     1s
   9   7.91457222e+08  7.83979096e+08  3.30e-12 1.46e-11  3.76e+01     1s
  10   7.88826883e+08  7.85822368e+08  1.12e-11 1.46e-11  1.51e+01     1s
  11   7.88366046e+08  7.86605971e+08  1.54e-11 1.46e-11  8.85e+00     1s
  12   7.87787547e+08  7.87059935e+08  2.07e-11 2.91e-11  3.66e+00     1s
  13   7.87648052e+08  7.87251750e+08  1.37e-11 1.46e-11  1.99e+00     1s
  14   7.87565444e+08  7.87361642e+08  2.61e-11 1.46e-11  1.02e+00     1s
  15   7.87509579e+08  7.87419439e+08  2.99e-11 2.91e-11  4.53e-01     1s
  16   7.87488806e+08  7.87459513e+08  7.03e-11 2.91e-11  1.47e-01     1s
  17   7.87478505e+08  7.87463807e+08  7.05e-11 2.91e-11  7.39e-02     1s
  18   7.87473878e+08  7.87469645e+08  9.72e-11 2.91e-11  2.13e-02     1s
  19   7.87472437e+08  7.87471081e+08  9.64e-11 2.91e-11  6.82e-03     1s
  20   7.87471901e+08  7.87471831e+08  1.45e-10 2.91e-11  3.51e-04     2s
  21   7.87471858e+08  7.87471851e+08  1.80e-10 2.91e-11  3.37e-05     2s
  22   7.87471852e+08  7.87471852e+08  1.58e-10 2.91e-11  6.14e-08     2s
  23   7.87471852e+08  7.87471852e+08  1.12e-10 2.91e-11  2.24e-13     2s

Barrier solved model in 23 iterations and 1.56 seconds (2.60 work units)
Optimal objective 7.87471852e+08

Crossover log...

    2046 DPushes remaining with DInf 0.0000000e+00                 2s
       0 DPushes remaining with DInf 0.0000000e+00                 2s

    3125 PPushes remaining with PInf 0.0000000e+00                 2s
       0 PPushes remaining with PInf 0.0000000e+00                 2s

  Push phase complete: Pinf 0.0000000e+00, Dinf 9.8623332e-12      2s

Crossover time: 0.03 seconds (0.02 work units)
Iteration    Objective       Primal Inf.    Dual Inf.      Time
    5174    7.8747185e+08   0.000000e+00   0.000000e+00      2s

Solved in 5174 iterations and 2.11 seconds (3.44 work units)
Optimal objective  7.874718523e+08

User-callback calls 129, time in user-callback 0.00 sec
Reading Input_Data Files for PCM mode
No xlsx file found in the directory D:/MIT Dropbox/Shen Wang/MIT/RA/RA_assessment/RAChronoOps/exports/hope_model_cases/RAChronoOps_VRE120_base_perf5mw_s017_ED\Data_RAChronoOps_PCM/, try to read data from .csv files
Reading network
Reading technology
Reading time series
Reading optional gen_availability_timeseries.csv
Reading policies
Reading single parameters
CSV Files Successfully Load From D:/MIT Dropbox/Shen Wang/MIT/RA/RA_assessment/RAChronoOps/exports/hope_model_cases/RAChronoOps_VRE120_base_perf5mw_s017_ED\Data_RAChronoOps_PCM/
Info: PCM will use generator-level AF for 76 generators from gen_availability_timeseries.
Carbon policy constraints are disabled (carbon_policy = 0).


Model mode: PCM

Termination_status= OPTIMAL

Primal_status= FEASIBLE_POINT



Objective_value= 7.874718522783667e8

Operation_cost= 7.874718522778323e8

Load_shedding= 0.0

RPS_requirement Dict{InlineStrings.String3, Float64}("Z1" => 0.0)

RPSPenalty= 0

CarbonCapPenalty= 0

CarbonCapEmissions= Tuple{InlineStrings.String3, Float64}[("RTS", 0.0)]

Solving time: 14.127999782562256
HOPE model (PCM mode) is successfully solved!
No compatible power-balance duals found for configured network_model=0; skipping power price output.
Generating summary analysis tables in D:/MIT Dropbox/Shen Wang/MIT/RA/RA_assessment/RAChronoOps/exports/hope_model_cases/RAChronoOps_VRE120_base_perf5mw_s017_ED\output_tmp_1779928597\Analysis ...
Warning: Failed to rename temporary output directory into place (attempt 1/5): IOError: rm("D:/MIT Dropbox/Shen Wang/MIT/RA/RA_assessment/RAChronoOps/exports/hope_model_cases/RAChronoOps_VRE120_base_perf5mw_s017_ED\\output_tmp_1779928597\\Analysis"): resource busy or locked (EBUSY)
Retrying in 2 seconds... (close any open CSV/Excel files or pause Dropbox sync)
Warning: Temporary output rename reported a filesystem lock, but 'D:/MIT Dropbox/Shen Wang/MIT/RA/RA_assessment/RAChronoOps/exports/hope_model_cases/RAChronoOps_VRE120_base_perf5mw_s017_ED\output' already contains analysis outputs.
Continuing with 'D:/MIT Dropbox/Shen Wang/MIT/RA/RA_assessment/RAChronoOps/exports/hope_model_cases/RAChronoOps_VRE120_base_perf5mw_s017_ED\output' and leaving 'D:/MIT Dropbox/Shen Wang/MIT/RA/RA_assessment/RAChronoOps/exports/hope_model_cases/RAChronoOps_VRE120_base_perf5mw_s017_ED\output_tmp_1779928597' for later cleanup if needed.
Write solved results in the folder D:/MIT Dropbox/Shen Wang/MIT/RA/RA_assessment/RAChronoOps/exports/hope_model_cases/RAChronoOps_VRE120_base_perf5mw_s017_ED\output DONE!
Set parameter Username
Academic license - for non-commercial use only - expires 2026-12-09
Set parameter OptimalityTol to value 0.0001
Set parameter FeasibilityTol to value 1e-06
Set parameter Presolve to value -1
Set parameter AggFill to value 10
Set parameter PreDual to value -1
Set parameter TimeLimit to value 7200
Set parameter MIPGap to value 0.001
Set parameter Method to value 2
Set parameter BarConvTol to value 1e-08
Set parameter NumericFocus to value 0
Set parameter Crossover to value -1
Set parameter OutputFlag to value 1
Set parameter FeasibilityTol to value 1e-06
Set parameter PreDual to value -1
Set parameter Method to value 2
Set parameter Crossover to value -1
Set parameter TimeLimit to value 7200
Set parameter OutputFlag to value 1
Set parameter NumericFocus to value 0
Set parameter MIPGap to value 0.001
Set parameter OptimalityTol to value 0.0001
Set parameter AggFill to value 10
Set parameter BarConvTol to value 1e-08
Set parameter Presolve to value -1
Gurobi Optimizer version 13.0.0 build v13.0.0rc1 (win64 - Windows 10.0 (19045.2))

CPU model: Intel(R) Core(TM) i9-10900K CPU @ 3.70GHz, instruction set [SSE2|AVX|AVX2]
Thread count: 10 physical cores, 20 logical processors, using up to 20 threads

Non-default parameters:
TimeLimit  7200
MIPGap  0.001
OptimalityTol  0.0001
Method  2
AggFill  10

Optimize a model with 2750496 rows, 718473 columns and 4756386 nonzeros (Min)
Model fingerprint: 0x48d48de7
Model has 665760 linear objective coefficients
Coefficient statistics:
  Matrix range     [9e-01, 1e+00]
  Objective range  [1e-02, 1e+04]
  Bounds range     [0e+00, 0e+00]
  RHS range        [1e-01, 1e+09]
Presolve removed 2732984 rows and 619260 columns
Presolve time: 1.09s
Presolved: 17512 rows, 99213 columns, 125477 nonzeros

Ordering time: 0.01s

Barrier statistics:
 AA' NZ     : 1.751e+04
 Factor NZ  : 2.538e+05 (roughly 50 MB of memory)
 Factor Ops : 4.757e+06 (less than 1 second per iteration)
 Threads    : 10

                  Objective                Residual
Iter       Primal          Dual         Primal    Dual     Compl     Time
   0   1.72533014e+10 -5.28907692e+11  1.06e+04 2.95e+00  1.72e+07     1s
   1   1.90686053e+09 -2.67209980e+11  5.32e+02 5.09e-11  1.92e+06     1s
   2   9.76988133e+08 -6.17197646e+10  1.18e+01 8.73e-10  3.21e+05     1s
   3   8.95510160e+08 -2.93819281e+09  4.18e-01 7.28e-11  1.93e+04     1s
   4   8.75503543e+08  1.02350953e+08  9.05e-03 2.91e-11  3.90e+03     1s
   5   8.66275308e+08  5.64848810e+08  2.65e-03 4.37e-11  1.52e+03     1s
   6   8.55044111e+08  7.39656391e+08  1.04e-03 2.91e-11  5.82e+02     1s
   7   8.43565839e+08  7.99912908e+08  4.04e-04 2.91e-11  2.20e+02     1s
   8   8.35801953e+08  8.14206891e+08  1.84e-04 2.91e-11  1.09e+02     1s
   9   8.31101239e+08  8.20471477e+08  8.42e-05 2.91e-11  5.36e+01     1s
  10   8.27549442e+08  8.23041310e+08  1.99e-05 2.91e-11  2.27e+01     1s
  11   8.26790013e+08  8.24592347e+08  1.00e-05 2.91e-11  1.11e+01     1s
  12   8.26278548e+08  8.25417750e+08  3.81e-06 1.46e-11  4.34e+00     1s
  13   8.26113321e+08  8.25631143e+08  2.00e-06 2.91e-11  2.43e+00     1s
  14   8.26019108e+08  8.25801197e+08  1.03e-06 2.91e-11  1.10e+00     1s
  15   8.25953830e+08  8.25852617e+08  3.88e-07 2.91e-11  5.10e-01     1s
  16   8.25925383e+08  8.25886750e+08  1.20e-07 2.91e-11  1.95e-01     1s
  17   8.25918742e+08  8.25901437e+08  6.07e-08 2.91e-11  8.72e-02     1s
  18   8.25912879e+08  8.25909905e+08  1.19e-08 2.91e-11  1.50e-02     1s
  19   8.25911770e+08  8.25910982e+08  3.56e-09 2.91e-11  3.97e-03     1s
  20   8.25911284e+08  8.25911238e+08  2.26e-10 2.91e-11  2.29e-04     2s
  21   8.25911261e+08  8.25911258e+08  2.09e-10 2.91e-11  1.32e-05     2s
  22   8.25911259e+08  8.25911259e+08  2.49e-10 4.37e-11  4.79e-08     2s
  23   8.25911259e+08  8.25911259e+08  3.05e-10 2.91e-11  5.17e-11     2s

Barrier solved model in 23 iterations and 1.56 seconds (2.60 work units)
Optimal objective 8.25911259e+08

Crossover log...

    1994 DPushes remaining with DInf 0.0000000e+00                 2s
       0 DPushes remaining with DInf 0.0000000e+00                 2s

    3057 PPushes remaining with PInf 0.0000000e+00                 2s
       0 PPushes remaining with PInf 0.0000000e+00                 2s

  Push phase complete: Pinf 0.0000000e+00, Dinf 3.9605652e-11      2s

Crossover time: 0.03 seconds (0.02 work units)
Iteration    Objective       Primal Inf.    Dual Inf.      Time
    5054    8.2591126e+08   0.000000e+00   0.000000e+00      2s

Solved in 5054 iterations and 2.15 seconds (3.44 work units)
Optimal objective  8.259112594e+08

User-callback calls 138, time in user-callback 0.01 sec
Reading Input_Data Files for PCM mode
No xlsx file found in the directory D:/MIT Dropbox/Shen Wang/MIT/RA/RA_assessment/RAChronoOps/exports/hope_model_cases/RAChronoOps_VRE120_base_perf5mw_s018_ED\Data_RAChronoOps_PCM/, try to read data from .csv files
Reading network
Reading technology
Reading time series
Reading optional gen_availability_timeseries.csv
Reading policies
Reading single parameters
CSV Files Successfully Load From D:/MIT Dropbox/Shen Wang/MIT/RA/RA_assessment/RAChronoOps/exports/hope_model_cases/RAChronoOps_VRE120_base_perf5mw_s018_ED\Data_RAChronoOps_PCM/
Info: PCM will use generator-level AF for 76 generators from gen_availability_timeseries.
Carbon policy constraints are disabled (carbon_policy = 0).


Model mode: PCM

Termination_status= OPTIMAL

Primal_status= FEASIBLE_POINT



Objective_value= 8.259112593512546e8

Operation_cost= 7.957538057014192e8

Load_shedding= 3.0157453649307497e7

RPS_requirement Dict{InlineStrings.String3, Float64}("Z1" => 0.0)

RPSPenalty= 0

CarbonCapPenalty= 0

CarbonCapEmissions= Tuple{InlineStrings.String3, Float64}[("RTS", 0.0)]

Solving time: 11.978999853134155
HOPE model (PCM mode) is successfully solved!
No compatible power-balance duals found for configured network_model=0; skipping power price output.
Generating summary analysis tables in D:/MIT Dropbox/Shen Wang/MIT/RA/RA_assessment/RAChronoOps/exports/hope_model_cases/RAChronoOps_VRE120_base_perf5mw_s018_ED\output_tmp_1779928711\Analysis ...
Warning: Failed to rename temporary output directory into place (attempt 1/5): IOError: rm("D:/MIT Dropbox/Shen Wang/MIT/RA/RA_assessment/RAChronoOps/exports/hope_model_cases/RAChronoOps_VRE120_base_perf5mw_s018_ED\\output_tmp_1779928711\\Analysis"): resource busy or locked (EBUSY)
Retrying in 2 seconds... (close any open CSV/Excel files or pause Dropbox sync)
Warning: Temporary output rename reported a filesystem lock, but 'D:/MIT Dropbox/Shen Wang/MIT/RA/RA_assessment/RAChronoOps/exports/hope_model_cases/RAChronoOps_VRE120_base_perf5mw_s018_ED\output' already contains analysis outputs.
Continuing with 'D:/MIT Dropbox/Shen Wang/MIT/RA/RA_assessment/RAChronoOps/exports/hope_model_cases/RAChronoOps_VRE120_base_perf5mw_s018_ED\output' and leaving 'D:/MIT Dropbox/Shen Wang/MIT/RA/RA_assessment/RAChronoOps/exports/hope_model_cases/RAChronoOps_VRE120_base_perf5mw_s018_ED\output_tmp_1779928711' for later cleanup if needed.
Write solved results in the folder D:/MIT Dropbox/Shen Wang/MIT/RA/RA_assessment/RAChronoOps/exports/hope_model_cases/RAChronoOps_VRE120_base_perf5mw_s018_ED\output DONE!
Set parameter Username
Academic license - for non-commercial use only - expires 2026-12-09
Set parameter OptimalityTol to value 0.0001
Set parameter FeasibilityTol to value 1e-06
Set parameter Presolve to value -1
Set parameter AggFill to value 10
Set parameter PreDual to value -1
Set parameter TimeLimit to value 7200
Set parameter MIPGap to value 0.001
Set parameter Method to value 2
Set parameter BarConvTol to value 1e-08
Set parameter NumericFocus to value 0
Set parameter Crossover to value -1
Set parameter OutputFlag to value 1
Set parameter FeasibilityTol to value 1e-06
Set parameter PreDual to value -1
Set parameter Method to value 2
Set parameter Crossover to value -1
Set parameter TimeLimit to value 7200
Set parameter OutputFlag to value 1
Set parameter NumericFocus to value 0
Set parameter MIPGap to value 0.001
Set parameter OptimalityTol to value 0.0001
Set parameter AggFill to value 10
Set parameter BarConvTol to value 1e-08
Set parameter Presolve to value -1
Gurobi Optimizer version 13.0.0 build v13.0.0rc1 (win64 - Windows 10.0 (19045.2))

CPU model: Intel(R) Core(TM) i9-10900K CPU @ 3.70GHz, instruction set [SSE2|AVX|AVX2]
Thread count: 10 physical cores, 20 logical processors, using up to 20 threads

Non-default parameters:
TimeLimit  7200
MIPGap  0.001
OptimalityTol  0.0001
Method  2
AggFill  10

Optimize a model with 2750496 rows, 718473 columns and 4756386 nonzeros (Min)
Model fingerprint: 0x73539880
Model has 665760 linear objective coefficients
Coefficient statistics:
  Matrix range     [9e-01, 1e+00]
  Objective range  [1e-02, 1e+04]
  Bounds range     [0e+00, 0e+00]
  RHS range        [1e-01, 1e+09]
Presolve removed 2732979 rows and 618682 columns
Presolve time: 1.10s
Presolved: 17517 rows, 99791 columns, 126065 nonzeros

Ordering time: 0.00s

Barrier statistics:
 AA' NZ     : 1.752e+04
 Factor NZ  : 2.539e+05 (roughly 50 MB of memory)
 Factor Ops : 4.760e+06 (less than 1 second per iteration)
 Threads    : 10

                  Objective                Residual
Iter       Primal          Dual         Primal    Dual     Compl     Time
   0   1.82382291e+10 -1.16817413e+11  1.05e+04 1.82e-12  3.82e+06     1s
   1   2.24364032e+09 -5.83606582e+10  8.01e+02 2.91e-11  4.91e+05     1s
   2   1.05216615e+09 -1.80498039e+10  1.03e+02 7.28e-11  1.08e+05     1s
   3   8.50846910e+08  2.22980063e+07  1.40e-01 3.64e-11  4.15e+03     1s
   4   8.35503568e+08  5.86523938e+08  2.37e-02 2.91e-11  1.25e+03     1s
   5   8.23397289e+08  7.08657273e+08  1.18e-02 2.91e-11  5.75e+02     1s
   6   8.11529929e+08  7.61888334e+08  5.22e-03 1.46e-11  2.49e+02     1s
   7   8.03873489e+08  7.81194966e+08  2.30e-03 2.91e-11  1.14e+02     1s
   8   7.99974044e+08  7.88718278e+08  1.15e-03 1.46e-11  5.64e+01     1s
   9   7.97722169e+08  7.92394068e+08  5.66e-04 1.46e-11  2.67e+01     1s
  10   7.96463647e+08  7.94230044e+08  2.70e-04 2.91e-11  1.12e+01     1s
  11   7.95794602e+08  7.94586717e+08  1.26e-04 2.91e-11  6.05e+00     1s
  12   7.95379860e+08  7.94899940e+08  3.88e-05 2.91e-11  2.40e+00     1s
  13   7.95283828e+08  7.95041095e+08  2.08e-05 1.46e-11  1.22e+00     1s
  14   7.95211534e+08  7.95127319e+08  7.52e-06 2.91e-11  4.22e-01     1s
  15   7.95187479e+08  7.95141372e+08  3.56e-06 1.46e-11  2.31e-01     1s
  16   7.95170166e+08  7.95159375e+08  7.62e-07 2.91e-11  5.41e-02     1s
  17   7.95166251e+08  7.95163199e+08  1.76e-07 2.91e-11  1.53e-02     1s
  18   7.95165114e+08  7.95164718e+08  2.24e-08 2.91e-11  1.98e-03     1s
  19   7.95164926e+08  7.95164872e+08  1.31e-09 2.91e-11  2.70e-04     2s
  20   7.95164911e+08  7.95164911e+08  7.99e-10 2.91e-11  1.89e-06     2s
  21   7.95164911e+08  7.95164911e+08  2.33e-10 4.37e-11  5.81e-11     2s

Barrier solved model in 21 iterations and 1.53 seconds (2.56 work units)
Optimal objective 7.95164911e+08

Crossover log...

    2155 DPushes remaining with DInf 0.0000000e+00                 2s
       0 DPushes remaining with DInf 0.0000000e+00                 2s

    3147 PPushes remaining with PInf 0.0000000e+00                 2s
       0 PPushes remaining with PInf 0.0000000e+00                 2s

  Push phase complete: Pinf 0.0000000e+00, Dinf 1.1382895e-11      2s

Crossover time: 0.04 seconds (0.02 work units)
Iteration    Objective       Primal Inf.    Dual Inf.      Time
    5305    7.9516491e+08   0.000000e+00   0.000000e+00      2s

Solved in 5305 iterations and 2.13 seconds (3.40 work units)
Optimal objective  7.951649110e+08

User-callback calls 112, time in user-callback 0.00 sec
Reading Input_Data Files for PCM mode
No xlsx file found in the directory D:/MIT Dropbox/Shen Wang/MIT/RA/RA_assessment/RAChronoOps/exports/hope_model_cases/RAChronoOps_VRE120_base_perf5mw_s019_ED\Data_RAChronoOps_PCM/, try to read data from .csv files
Reading network
Reading technology
Reading time series
Reading optional gen_availability_timeseries.csv
Reading policies
Reading single parameters
CSV Files Successfully Load From D:/MIT Dropbox/Shen Wang/MIT/RA/RA_assessment/RAChronoOps/exports/hope_model_cases/RAChronoOps_VRE120_base_perf5mw_s019_ED\Data_RAChronoOps_PCM/
Info: PCM will use generator-level AF for 76 generators from gen_availability_timeseries.
Carbon policy constraints are disabled (carbon_policy = 0).


Model mode: PCM

Termination_status= OPTIMAL

Primal_status= FEASIBLE_POINT



Objective_value= 7.951649109866558e8

Operation_cost= 7.951649109861877e8

Load_shedding= 0.0

RPS_requirement Dict{InlineStrings.String3, Float64}("Z1" => 0.0)

RPSPenalty= 0

CarbonCapPenalty= 0

CarbonCapEmissions= Tuple{InlineStrings.String3, Float64}[("RTS", 0.0)]

Solving time: 12.098999977111816
HOPE model (PCM mode) is successfully solved!
No compatible power-balance duals found for configured network_model=0; skipping power price output.
Generating summary analysis tables in D:/MIT Dropbox/Shen Wang/MIT/RA/RA_assessment/RAChronoOps/exports/hope_model_cases/RAChronoOps_VRE120_base_perf5mw_s019_ED\output_tmp_1779928827\Analysis ...
Warning: Failed to rename temporary output directory into place (attempt 1/5): IOError: rm("D:/MIT Dropbox/Shen Wang/MIT/RA/RA_assessment/RAChronoOps/exports/hope_model_cases/RAChronoOps_VRE120_base_perf5mw_s019_ED\\output_tmp_1779928827\\Analysis"): resource busy or locked (EBUSY)
Retrying in 2 seconds... (close any open CSV/Excel files or pause Dropbox sync)
Warning: Temporary output rename reported a filesystem lock, but 'D:/MIT Dropbox/Shen Wang/MIT/RA/RA_assessment/RAChronoOps/exports/hope_model_cases/RAChronoOps_VRE120_base_perf5mw_s019_ED\output' already contains analysis outputs.
Continuing with 'D:/MIT Dropbox/Shen Wang/MIT/RA/RA_assessment/RAChronoOps/exports/hope_model_cases/RAChronoOps_VRE120_base_perf5mw_s019_ED\output' and leaving 'D:/MIT Dropbox/Shen Wang/MIT/RA/RA_assessment/RAChronoOps/exports/hope_model_cases/RAChronoOps_VRE120_base_perf5mw_s019_ED\output_tmp_1779928827' for later cleanup if needed.
Write solved results in the folder D:/MIT Dropbox/Shen Wang/MIT/RA/RA_assessment/RAChronoOps/exports/hope_model_cases/RAChronoOps_VRE120_base_perf5mw_s019_ED\output DONE!
Set parameter Username
Academic license - for non-commercial use only - expires 2026-12-09
Set parameter OptimalityTol to value 0.0001
Set parameter FeasibilityTol to value 1e-06
Set parameter Presolve to value -1
Set parameter AggFill to value 10
Set parameter PreDual to value -1
Set parameter TimeLimit to value 7200
Set parameter MIPGap to value 0.001
Set parameter Method to value 2
Set parameter BarConvTol to value 1e-08
Set parameter NumericFocus to value 0
Set parameter Crossover to value -1
Set parameter OutputFlag to value 1
Set parameter FeasibilityTol to value 1e-06
Set parameter PreDual to value -1
Set parameter Method to value 2
Set parameter Crossover to value -1
Set parameter TimeLimit to value 7200
Set parameter OutputFlag to value 1
Set parameter NumericFocus to value 0
Set parameter MIPGap to value 0.001
Set parameter OptimalityTol to value 0.0001
Set parameter AggFill to value 10
Set parameter BarConvTol to value 1e-08
Set parameter Presolve to value -1
Gurobi Optimizer version 13.0.0 build v13.0.0rc1 (win64 - Windows 10.0 (19045.2))

CPU model: Intel(R) Core(TM) i9-10900K CPU @ 3.70GHz, instruction set [SSE2|AVX|AVX2]
Thread count: 10 physical cores, 20 logical processors, using up to 20 threads

Non-default parameters:
TimeLimit  7200
MIPGap  0.001
OptimalityTol  0.0001
Method  2
AggFill  10

Optimize a model with 2750496 rows, 718473 columns and 4756386 nonzeros (Min)
Model fingerprint: 0x01a4defb
Model has 665760 linear objective coefficients
Coefficient statistics:
  Matrix range     [9e-01, 1e+00]
  Objective range  [1e-02, 1e+04]
  Bounds range     [0e+00, 0e+00]
  RHS range        [1e-01, 1e+09]
Presolve removed 2732979 rows and 619056 columns
Presolve time: 1.06s
Presolved: 17517 rows, 99417 columns, 125691 nonzeros

Ordering time: 0.01s

Barrier statistics:
 AA' NZ     : 1.752e+04
 Factor NZ  : 2.539e+05 (roughly 50 MB of memory)
 Factor Ops : 4.760e+06 (less than 1 second per iteration)
 Threads    : 10

                  Objective                Residual
Iter       Primal          Dual         Primal    Dual     Compl     Time
   0   1.88393195e+10 -1.16878433e+11  1.10e+04 1.82e-12  3.82e+06     1s
   1   2.80115488e+09 -5.83674245e+10  1.15e+03 2.91e-11  5.63e+05     1s
   2   1.13706094e+09 -2.00137455e+10  1.46e+02 1.20e-10  1.25e+05     1s
   3   8.69778032e+08 -4.39841034e+08  4.86e+00 1.83e-10  6.65e+03     1s
   4   8.49665214e+08  5.62582499e+08  2.10e-01 3.46e-11  1.44e+03     1s
   5   8.38101285e+08  7.20208231e+08  1.15e-01 2.91e-11  5.93e+02     1s
   6   8.25116291e+08  7.75432796e+08  4.89e-02 2.91e-11  2.50e+02     1s
   7   8.15284607e+08  7.91329936e+08  2.11e-02 2.91e-11  1.20e+02     1s
   8   8.11439184e+08  7.98573632e+08  1.22e-02 1.46e-11  6.47e+01     1s
   9   8.08727762e+08  8.01571005e+08  6.59e-03 1.46e-11  3.60e+01     1s
  10   8.06698786e+08  8.03827934e+08  2.61e-03 2.91e-11  1.44e+01     1s
  11   8.06059009e+08  8.04461216e+08  1.48e-03 2.91e-11  8.03e+00     1s
  12   8.05528974e+08  8.04879671e+08  5.68e-04 1.46e-11  3.26e+00     1s
  13   8.05347992e+08  8.05026433e+08  2.78e-04 2.91e-11  1.62e+00     1s
  14   8.05226930e+08  8.05113320e+08  9.16e-05 1.46e-11  5.71e-01     1s
  15   8.05198893e+08  8.05138541e+08  5.07e-05 1.46e-11  3.03e-01     1s
  16   8.05170644e+08  8.05154851e+08  1.03e-05 2.91e-11  7.94e-02     1s
  17   8.05165499e+08  8.05160094e+08  3.30e-06 2.91e-11  2.72e-02     1s
  18   8.05163025e+08  8.05162369e+08  1.97e-07 2.91e-11  3.30e-03     1s
  19   8.05162813e+08  8.05162690e+08  5.31e-09 2.91e-11  6.15e-04     1s
  20   8.05162804e+08  8.05162803e+08  6.66e-10 2.91e-11  4.30e-06     2s
  21   8.05162804e+08  8.05162804e+08  3.88e-10 2.91e-11  2.95e-09     2s

Barrier solved model in 21 iterations and 1.54 seconds (2.56 work units)
Optimal objective 8.05162804e+08

Crossover log...

    2214 DPushes remaining with DInf 0.0000000e+00                 2s
       0 DPushes remaining with DInf 0.0000000e+00                 2s

    3116 PPushes remaining with PInf 0.0000000e+00                 2s
       0 PPushes remaining with PInf 0.0000000e+00                 2s

  Push phase complete: Pinf 0.0000000e+00, Dinf 1.1866064e-11      2s

Crossover time: 0.04 seconds (0.02 work units)
Iteration    Objective       Primal Inf.    Dual Inf.      Time
    5333    8.0516280e+08   0.000000e+00   0.000000e+00      2s

Solved in 5333 iterations and 2.12 seconds (3.40 work units)
Optimal objective  8.051628035e+08

User-callback calls 124, time in user-callback 0.00 sec
Reading Input_Data Files for PCM mode
No xlsx file found in the directory D:/MIT Dropbox/Shen Wang/MIT/RA/RA_assessment/RAChronoOps/exports/hope_model_cases/RAChronoOps_VRE120_base_perf5mw_s020_ED\Data_RAChronoOps_PCM/, try to read data from .csv files
Reading network
Reading technology
Reading time series
Reading optional gen_availability_timeseries.csv
Reading policies
Reading single parameters
CSV Files Successfully Load From D:/MIT Dropbox/Shen Wang/MIT/RA/RA_assessment/RAChronoOps/exports/hope_model_cases/RAChronoOps_VRE120_base_perf5mw_s020_ED\Data_RAChronoOps_PCM/
Info: PCM will use generator-level AF for 76 generators from gen_availability_timeseries.
Carbon policy constraints are disabled (carbon_policy = 0).


Model mode: PCM

Termination_status= OPTIMAL

Primal_status= FEASIBLE_POINT



Objective_value= 8.051628035370388e8

Operation_cost= 8.051628035364864e8

Load_shedding= 0.0

RPS_requirement Dict{InlineStrings.String3, Float64}("Z1" => 0.0)

RPSPenalty= 0

CarbonCapPenalty= 0

CarbonCapEmissions= Tuple{InlineStrings.String3, Float64}[("RTS", 0.0)]

Solving time: 12.111000061035156
HOPE model (PCM mode) is successfully solved!
No compatible power-balance duals found for configured network_model=0; skipping power price output.
Generating summary analysis tables in D:/MIT Dropbox/Shen Wang/MIT/RA/RA_assessment/RAChronoOps/exports/hope_model_cases/RAChronoOps_VRE120_base_perf5mw_s020_ED\output_tmp_1779928944\Analysis ...
Warning: Failed to rename temporary output directory into place (attempt 1/5): IOError: rm("D:/MIT Dropbox/Shen Wang/MIT/RA/RA_assessment/RAChronoOps/exports/hope_model_cases/RAChronoOps_VRE120_base_perf5mw_s020_ED\\output_tmp_1779928944\\Analysis"): resource busy or locked (EBUSY)
Retrying in 2 seconds... (close any open CSV/Excel files or pause Dropbox sync)
Warning: Temporary output rename reported a filesystem lock, but 'D:/MIT Dropbox/Shen Wang/MIT/RA/RA_assessment/RAChronoOps/exports/hope_model_cases/RAChronoOps_VRE120_base_perf5mw_s020_ED\output' already contains analysis outputs.
Continuing with 'D:/MIT Dropbox/Shen Wang/MIT/RA/RA_assessment/RAChronoOps/exports/hope_model_cases/RAChronoOps_VRE120_base_perf5mw_s020_ED\output' and leaving 'D:/MIT Dropbox/Shen Wang/MIT/RA/RA_assessment/RAChronoOps/exports/hope_model_cases/RAChronoOps_VRE120_base_perf5mw_s020_ED\output_tmp_1779928944' for later cleanup if needed.
Write solved results in the folder D:/MIT Dropbox/Shen Wang/MIT/RA/RA_assessment/RAChronoOps/exports/hope_model_cases/RAChronoOps_VRE120_base_perf5mw_s020_ED\output DONE!
Set parameter Username
Academic license - for non-commercial use only - expires 2026-12-09
Set parameter OptimalityTol to value 0.0001
Set parameter FeasibilityTol to value 1e-06
Set parameter Presolve to value -1
Set parameter AggFill to value 10
Set parameter PreDual to value -1
Set parameter TimeLimit to value 7200
Set parameter MIPGap to value 0.001
Set parameter Method to value 2
Set parameter BarConvTol to value 1e-08
Set parameter NumericFocus to value 0
Set parameter Crossover to value -1
Set parameter OutputFlag to value 1
Set parameter FeasibilityTol to value 1e-06
Set parameter PreDual to value -1
Set parameter Method to value 2
Set parameter Crossover to value -1
Set parameter TimeLimit to value 7200
Set parameter OutputFlag to value 1
Set parameter NumericFocus to value 0
Set parameter MIPGap to value 0.001
Set parameter OptimalityTol to value 0.0001
Set parameter AggFill to value 10
Set parameter BarConvTol to value 1e-08
Set parameter Presolve to value -1
Gurobi Optimizer version 13.0.0 build v13.0.0rc1 (win64 - Windows 10.0 (19045.2))

CPU model: Intel(R) Core(TM) i9-10900K CPU @ 3.70GHz, instruction set [SSE2|AVX|AVX2]
Thread count: 10 physical cores, 20 logical processors, using up to 20 threads

Non-default parameters:
TimeLimit  7200
MIPGap  0.001
OptimalityTol  0.0001
Method  2
AggFill  10

Optimize a model with 2750496 rows, 718473 columns and 4756386 nonzeros (Min)
Model fingerprint: 0x8fccba2e
Model has 665760 linear objective coefficients
Coefficient statistics:
  Matrix range     [9e-01, 1e+00]
  Objective range  [1e-02, 1e+04]
  Bounds range     [0e+00, 0e+00]
  RHS range        [1e-01, 1e+09]
Presolve removed 2732981 rows and 619421 columns
Presolve time: 1.08s
Presolved: 17515 rows, 99052 columns, 125322 nonzeros

Ordering time: 0.02s

Barrier statistics:
 AA' NZ     : 1.751e+04
 Factor NZ  : 2.538e+05 (roughly 50 MB of memory)
 Factor Ops : 4.757e+06 (less than 1 second per iteration)
 Threads    : 10

                  Objective                Residual
Iter       Primal          Dual         Primal    Dual     Compl     Time
   0   1.66868405e+10 -6.75602831e+11  1.11e+04 2.71e+00  2.19e+07     1s
   1   1.95639971e+09 -3.41127845e+11  5.48e+02 8.73e-11  2.44e+06     1s
   2   9.96589087e+08 -6.85646487e+10  7.51e+00 5.09e-10  3.55e+05     1s
   3   8.93078550e+08 -7.70181670e+09  7.09e-01 5.00e-11  4.34e+04     1s
   4   8.62770365e+08  2.04013852e+08  4.12e-02 2.91e-11  3.33e+03     1s
   5   8.50782822e+08  5.48747469e+08  1.30e-02 2.91e-11  1.52e+03     1s
   6   8.40313358e+08  6.81148826e+08  6.02e-03 2.91e-11  8.03e+02     1s
   7   8.28623514e+08  7.48957241e+08  2.13e-03 2.91e-11  4.02e+02     1s
   8   8.22319538e+08  7.81795722e+08  1.11e-03 2.86e-11  2.05e+02     1s
   9   8.18102351e+08  7.94580422e+08  6.48e-04 2.91e-11  1.19e+02     1s
  10   8.11570085e+08  8.02679028e+08  9.06e-05 2.91e-11  4.49e+01     1s
  11   8.10392751e+08  8.05993254e+08  4.66e-05 2.91e-11  2.22e+01     1s
  12   8.09492791e+08  8.07688117e+08  1.71e-05 2.91e-11  9.11e+00     1s
  13   8.09168536e+08  8.08294631e+08  7.86e-06 1.46e-11  4.41e+00     1s
  14   8.08986715e+08  8.08635607e+08  3.09e-06 1.46e-11  1.77e+00     1s
  15   8.08925086e+08  8.08745790e+08  1.63e-06 2.91e-11  9.05e-01     1s
  16   8.08874760e+08  8.08804020e+08  4.94e-07 2.91e-11  3.57e-01     1s
  17   8.08862884e+08  8.08830818e+08  2.42e-07 2.91e-11  1.62e-01     1s
  18   8.08855058e+08  8.08844381e+08  8.07e-08 2.91e-11  5.39e-02     1s
  19   8.08852725e+08  8.08848547e+08  3.61e-08 2.91e-11  2.11e-02     1s
  20   8.08851072e+08  8.08850296e+08  6.07e-09 2.91e-11  3.92e-03     1s
  21   8.08850749e+08  8.08850590e+08  5.21e-10 2.91e-11  8.00e-04     2s
  22   8.08850712e+08  8.08850702e+08  3.20e-10 2.91e-11  5.27e-05     2s
  23   8.08850709e+08  8.08850709e+08  2.81e-10 2.91e-11  1.82e-06     2s
  24   8.08850709e+08  8.08850709e+08  2.98e-10 2.91e-11  1.82e-09     2s

Barrier solved model in 24 iterations and 1.58 seconds (2.62 work units)
Optimal objective 8.08850709e+08

Crossover log...

    2076 DPushes remaining with DInf 0.0000000e+00                 2s
       0 DPushes remaining with DInf 0.0000000e+00                 2s

    3109 PPushes remaining with PInf 0.0000000e+00                 2s
       0 PPushes remaining with PInf 0.0000000e+00                 2s

  Push phase complete: Pinf 0.0000000e+00, Dinf 3.1263880e-11      2s

Crossover time: 0.03 seconds (0.02 work units)
Iteration    Objective       Primal Inf.    Dual Inf.      Time
    5188    8.0885071e+08   0.000000e+00   0.000000e+00      2s

Solved in 5188 iterations and 2.14 seconds (3.46 work units)
Optimal objective  8.088507091e+08

User-callback calls 119, time in user-callback 0.00 sec
Reading Input_Data Files for PCM mode
No xlsx file found in the directory D:/MIT Dropbox/Shen Wang/MIT/RA/RA_assessment/RAChronoOps/exports/hope_model_cases/RAChronoOps_VRE120_base_perf10mw_s001_ED\Data_RAChronoOps_PCM/, try to read data from .csv files
Reading network
Reading technology
Reading time series
Reading optional gen_availability_timeseries.csv
Reading policies
Reading single parameters
CSV Files Successfully Load From D:/MIT Dropbox/Shen Wang/MIT/RA/RA_assessment/RAChronoOps/exports/hope_model_cases/RAChronoOps_VRE120_base_perf10mw_s001_ED\Data_RAChronoOps_PCM/
Info: PCM will use generator-level AF for 76 generators from gen_availability_timeseries.
Carbon policy constraints are disabled (carbon_policy = 0).


Model mode: PCM

Termination_status= OPTIMAL

Primal_status= FEASIBLE_POINT



Objective_value= 8.088507090681344e8

Operation_cost= 7.93055930933668e8

Load_shedding= 1.5794778133961312e7

RPS_requirement Dict{InlineStrings.String3, Float64}("Z1" => 0.0)

RPSPenalty= 0

CarbonCapPenalty= 0

CarbonCapEmissions= Tuple{InlineStrings.String3, Float64}[("RTS", 0.0)]

Solving time: 12.111999988555908
HOPE model (PCM mode) is successfully solved!
No compatible power-balance duals found for configured network_model=0; skipping power price output.
Generating summary analysis tables in D:/MIT Dropbox/Shen Wang/MIT/RA/RA_assessment/RAChronoOps/exports/hope_model_cases/RAChronoOps_VRE120_base_perf10mw_s001_ED\output_tmp_1779929063\Analysis ...
Warning: Failed to rename temporary output directory into place (attempt 1/5): IOError: rm("D:/MIT Dropbox/Shen Wang/MIT/RA/RA_assessment/RAChronoOps/exports/hope_model_cases/RAChronoOps_VRE120_base_perf10mw_s001_ED\\output_tmp_1779929063\\Analysis"): resource busy or locked (EBUSY)
Retrying in 2 seconds... (close any open CSV/Excel files or pause Dropbox sync)
Warning: Temporary output rename reported a filesystem lock, but 'D:/MIT Dropbox/Shen Wang/MIT/RA/RA_assessment/RAChronoOps/exports/hope_model_cases/RAChronoOps_VRE120_base_perf10mw_s001_ED\output' already contains analysis outputs.
Continuing with 'D:/MIT Dropbox/Shen Wang/MIT/RA/RA_assessment/RAChronoOps/exports/hope_model_cases/RAChronoOps_VRE120_base_perf10mw_s001_ED\output' and leaving 'D:/MIT Dropbox/Shen Wang/MIT/RA/RA_assessment/RAChronoOps/exports/hope_model_cases/RAChronoOps_VRE120_base_perf10mw_s001_ED\output_tmp_1779929063' for later cleanup if needed.
Write solved results in the folder D:/MIT Dropbox/Shen Wang/MIT/RA/RA_assessment/RAChronoOps/exports/hope_model_cases/RAChronoOps_VRE120_base_perf10mw_s001_ED\output DONE!
Set parameter Username
Academic license - for non-commercial use only - expires 2026-12-09
Set parameter OptimalityTol to value 0.0001
Set parameter FeasibilityTol to value 1e-06
Set parameter Presolve to value -1
Set parameter AggFill to value 10
Set parameter PreDual to value -1
Set parameter TimeLimit to value 7200
Set parameter MIPGap to value 0.001
Set parameter Method to value 2
Set parameter BarConvTol to value 1e-08
Set parameter NumericFocus to value 0
Set parameter Crossover to value -1
Set parameter OutputFlag to value 1
Set parameter FeasibilityTol to value 1e-06
Set parameter PreDual to value -1
Set parameter Method to value 2
Set parameter Crossover to value -1
Set parameter TimeLimit to value 7200
Set parameter OutputFlag to value 1
Set parameter NumericFocus to value 0
Set parameter MIPGap to value 0.001
Set parameter OptimalityTol to value 0.0001
Set parameter AggFill to value 10
Set parameter BarConvTol to value 1e-08
Set parameter Presolve to value -1
Gurobi Optimizer version 13.0.0 build v13.0.0rc1 (win64 - Windows 10.0 (19045.2))

CPU model: Intel(R) Core(TM) i9-10900K CPU @ 3.70GHz, instruction set [SSE2|AVX|AVX2]
Thread count: 10 physical cores, 20 logical processors, using up to 20 threads

Non-default parameters:
TimeLimit  7200
MIPGap  0.001
OptimalityTol  0.0001
Method  2
AggFill  10

Optimize a model with 2750496 rows, 718473 columns and 4756386 nonzeros (Min)
Model fingerprint: 0xc7545978
Model has 665760 linear objective coefficients
Coefficient statistics:
  Matrix range     [9e-01, 1e+00]
  Objective range  [1e-02, 1e+04]
  Bounds range     [0e+00, 0e+00]
  RHS range        [1e-01, 1e+09]
Presolve removed 2732980 rows and 618671 columns
Presolve time: 1.10s
Presolved: 17516 rows, 99802 columns, 126074 nonzeros

Ordering time: 0.00s

Barrier statistics:
 AA' NZ     : 1.751e+04
 Factor NZ  : 2.539e+05 (roughly 50 MB of memory)
 Factor Ops : 4.760e+06 (less than 1 second per iteration)
 Threads    : 10

                  Objective                Residual
Iter       Primal          Dual         Primal    Dual     Compl     Time
   0   1.87440842e+10 -6.05163690e+11  1.11e+04 2.94e+00  1.96e+07     1s
   1   2.06276549e+09 -3.05598501e+11  5.70e+02 5.82e-11  2.20e+06     1s
   2   1.02688705e+09 -6.75671240e+10  8.31e+00 3.78e-10  3.47e+05     1s
   3   9.08400279e+08 -4.07539643e+09  7.61e-01 8.00e-11  2.50e+04     1s
   4   8.79543161e+08  4.74908355e+07  5.80e-02 2.91e-11  4.17e+03     1s
   5   8.71738246e+08  5.50725657e+08  2.79e-02 2.91e-11  1.61e+03     1s
   6   8.61400882e+08  6.47745693e+08  1.45e-02 2.91e-11  1.07e+03     1s
   7   8.49548090e+08  7.60127795e+08  5.45e-03 2.91e-11  4.48e+02     1s
   8   8.39447165e+08  8.00678714e+08  2.16e-03 2.91e-11  1.94e+02     1s
   9   8.34295282e+08  8.10923604e+08  1.25e-03 2.91e-11  1.17e+02     1s
  10   8.30533789e+08  8.18435132e+08  6.36e-04 2.91e-11  6.06e+01     1s
  11   8.28022641e+08  8.21945247e+08  3.14e-04 2.91e-11  3.04e+01     1s
  12   8.25949186e+08  8.23435164e+08  6.67e-05 1.47e-11  1.26e+01     1s
  13   8.25677183e+08  8.24358366e+08  4.08e-05 1.84e-11  6.61e+00     1s
  14   8.25358113e+08  8.24846991e+08  1.21e-05 1.52e-11  2.56e+00     1s
  15   8.25289312e+08  8.24998624e+08  6.60e-06 2.91e-11  1.46e+00     1s
  16   8.25219494e+08  8.25117132e+08  1.53e-06 2.91e-11  5.13e-01     1s
  17   8.25205016e+08  8.25163694e+08  6.35e-07 2.91e-11  2.07e-01     1s
  18   8.25196835e+08  8.25183526e+08  1.57e-07 2.91e-11  6.67e-02     1s
  19   8.25194559e+08  8.25188991e+08  4.00e-08 2.91e-11  2.79e-02     1s
  20   8.25193868e+08  8.25193120e+08  5.60e-09 2.91e-11  3.75e-03     2s
  21   8.25193676e+08  8.25193524e+08  6.85e-10 2.91e-11  7.60e-04     2s
  22   8.25193646e+08  8.25193639e+08  7.26e-11 2.91e-11  3.71e-05     2s
  23   8.25193644e+08  8.25193644e+08  8.45e-11 2.91e-11  9.80e-07     2s
  24   8.25193644e+08  8.25193644e+08  4.91e-11 2.91e-11  9.80e-10     2s

Barrier solved model in 24 iterations and 1.59 seconds (2.62 work units)
Optimal objective 8.25193644e+08

Crossover log...

    2023 DPushes remaining with DInf 0.0000000e+00                 2s
       0 DPushes remaining with DInf 0.0000000e+00                 2s

    3136 PPushes remaining with PInf 0.0000000e+00                 2s
       0 PPushes remaining with PInf 0.0000000e+00                 2s

  Push phase complete: Pinf 0.0000000e+00, Dinf 3.4802383e-11      2s

Crossover time: 0.03 seconds (0.02 work units)
Iteration    Objective       Primal Inf.    Dual Inf.      Time
    5162    8.2519364e+08   0.000000e+00   0.000000e+00      2s

Solved in 5162 iterations and 2.20 seconds (3.46 work units)
Optimal objective  8.251936441e+08

User-callback calls 121, time in user-callback 0.00 sec
Reading Input_Data Files for PCM mode
No xlsx file found in the directory D:/MIT Dropbox/Shen Wang/MIT/RA/RA_assessment/RAChronoOps/exports/hope_model_cases/RAChronoOps_VRE120_base_perf10mw_s002_ED\Data_RAChronoOps_PCM/, try to read data from .csv files
Reading network
Reading technology
Reading time series
Reading optional gen_availability_timeseries.csv
Reading policies
Reading single parameters
CSV Files Successfully Load From D:/MIT Dropbox/Shen Wang/MIT/RA/RA_assessment/RAChronoOps/exports/hope_model_cases/RAChronoOps_VRE120_base_perf10mw_s002_ED\Data_RAChronoOps_PCM/
Info: PCM will use generator-level AF for 76 generators from gen_availability_timeseries.
Carbon policy constraints are disabled (carbon_policy = 0).


Model mode: PCM

Termination_status= OPTIMAL

Primal_status= FEASIBLE_POINT



Objective_value= 8.251936441213297e8

Operation_cost= 8.015708976394855e8

Load_shedding= 2.3622746481307533e7

RPS_requirement Dict{InlineStrings.String3, Float64}("Z1" => 0.0)

RPSPenalty= 0

CarbonCapPenalty= 0

CarbonCapEmissions= Tuple{InlineStrings.String3, Float64}[("RTS", 0.0)]

Solving time: 10.871999979019165
HOPE model (PCM mode) is successfully solved!
No compatible power-balance duals found for configured network_model=0; skipping power price output.
Generating summary analysis tables in D:/MIT Dropbox/Shen Wang/MIT/RA/RA_assessment/RAChronoOps/exports/hope_model_cases/RAChronoOps_VRE120_base_perf10mw_s002_ED\output_tmp_1779929177\Analysis ...
Warning: Failed to rename temporary output directory into place (attempt 1/5): IOError: rm("D:/MIT Dropbox/Shen Wang/MIT/RA/RA_assessment/RAChronoOps/exports/hope_model_cases/RAChronoOps_VRE120_base_perf10mw_s002_ED\\output_tmp_1779929177\\Analysis"): resource busy or locked (EBUSY)
Retrying in 2 seconds... (close any open CSV/Excel files or pause Dropbox sync)
Warning: Temporary output rename reported a filesystem lock, but 'D:/MIT Dropbox/Shen Wang/MIT/RA/RA_assessment/RAChronoOps/exports/hope_model_cases/RAChronoOps_VRE120_base_perf10mw_s002_ED\output' already contains analysis outputs.
Continuing with 'D:/MIT Dropbox/Shen Wang/MIT/RA/RA_assessment/RAChronoOps/exports/hope_model_cases/RAChronoOps_VRE120_base_perf10mw_s002_ED\output' and leaving 'D:/MIT Dropbox/Shen Wang/MIT/RA/RA_assessment/RAChronoOps/exports/hope_model_cases/RAChronoOps_VRE120_base_perf10mw_s002_ED\output_tmp_1779929177' for later cleanup if needed.
Write solved results in the folder D:/MIT Dropbox/Shen Wang/MIT/RA/RA_assessment/RAChronoOps/exports/hope_model_cases/RAChronoOps_VRE120_base_perf10mw_s002_ED\output DONE!
Set parameter Username
Academic license - for non-commercial use only - expires 2026-12-09
Set parameter OptimalityTol to value 0.0001
Set parameter FeasibilityTol to value 1e-06
Set parameter Presolve to value -1
Set parameter AggFill to value 10
Set parameter PreDual to value -1
Set parameter TimeLimit to value 7200
Set parameter MIPGap to value 0.001
Set parameter Method to value 2
Set parameter BarConvTol to value 1e-08
Set parameter NumericFocus to value 0
Set parameter Crossover to value -1
Set parameter OutputFlag to value 1
Set parameter FeasibilityTol to value 1e-06
Set parameter PreDual to value -1
Set parameter Method to value 2
Set parameter Crossover to value -1
Set parameter TimeLimit to value 7200
Set parameter OutputFlag to value 1
Set parameter NumericFocus to value 0
Set parameter MIPGap to value 0.001
Set parameter OptimalityTol to value 0.0001
Set parameter AggFill to value 10
Set parameter BarConvTol to value 1e-08
Set parameter Presolve to value -1
Gurobi Optimizer version 13.0.0 build v13.0.0rc1 (win64 - Windows 10.0 (19045.2))

CPU model: Intel(R) Core(TM) i9-10900K CPU @ 3.70GHz, instruction set [SSE2|AVX|AVX2]
Thread count: 10 physical cores, 20 logical processors, using up to 20 threads

Non-default parameters:
TimeLimit  7200
MIPGap  0.001
OptimalityTol  0.0001
Method  2
AggFill  10

Optimize a model with 2750496 rows, 718473 columns and 4756386 nonzeros (Min)
Model fingerprint: 0x0bdfb84e
Model has 665760 linear objective coefficients
Coefficient statistics:
  Matrix range     [9e-01, 1e+00]
  Objective range  [1e-02, 1e+04]
  Bounds range     [0e+00, 0e+00]
  RHS range        [1e-01, 1e+09]
Presolve removed 2732980 rows and 618843 columns
Presolve time: 1.10s
Presolved: 17516 rows, 99630 columns, 125902 nonzeros

Ordering time: 0.00s

Barrier statistics:
 AA' NZ     : 1.751e+04
 Factor NZ  : 2.539e+05 (roughly 50 MB of memory)
 Factor Ops : 4.760e+06 (less than 1 second per iteration)
 Threads    : 10

                  Objective                Residual
Iter       Primal          Dual         Primal    Dual     Compl     Time
   0   1.75686569e+10 -5.84955827e+11  1.11e+04 2.94e+00  1.90e+07     1s
   1   2.02169344e+09 -2.95497551e+11  6.09e+02 6.55e-11  2.18e+06     1s
   2   1.00743414e+09 -6.71183194e+10  1.02e+01 9.90e-10  3.46e+05     1s
   3   8.91428714e+08 -4.51637666e+09  7.81e-01 6.91e-11  2.72e+04     1s
   4   8.71656675e+08  1.25584204e+08  9.01e-02 2.91e-11  3.74e+03     1s
   5   8.60971946e+08  5.45778017e+08  3.20e-02 2.91e-11  1.58e+03     1s
   6   8.51715135e+08  6.69859809e+08  1.74e-02 2.91e-11  9.13e+02     1s
   7   8.40971080e+08  7.52447783e+08  7.69e-03 2.91e-11  4.44e+02     1s
   8   8.31149711e+08  7.93073240e+08  3.12e-03 2.91e-11  1.91e+02     1s
   9   8.25366667e+08  8.05175636e+08  1.52e-03 2.91e-11  1.01e+02     1s
  10   8.20215723e+08  8.10675573e+08  4.24e-04 2.91e-11  4.79e+01     1s
  11   8.19074555e+08  8.13928194e+08  2.60e-04 2.91e-11  2.58e+01     1s
  12   8.17781430e+08  8.15777907e+08  9.34e-05 2.91e-11  1.01e+01     1s
  13   8.17401568e+08  8.16328134e+08  5.02e-05 2.91e-11  5.39e+00     1s
  14   8.17193886e+08  8.16689136e+08  2.76e-05 2.91e-11  2.53e+00     1s
  15   8.17053388e+08  8.16805585e+08  1.32e-05 2.91e-11  1.24e+00     1s
  16   8.16976911e+08  8.16877684e+08  5.48e-06 2.91e-11  4.98e-01     1s
  17   8.16950887e+08  8.16898409e+08  2.96e-06 2.91e-11  2.63e-01     1s
  18   8.16931447e+08  8.16911054e+08  1.10e-06 2.91e-11  1.02e-01     1s
  19   8.16924710e+08  8.16916248e+08  4.76e-07 2.91e-11  4.25e-02     2s
  20   8.16920083e+08  8.16918496e+08  6.45e-08 2.91e-11  7.97e-03     2s
  21   8.16919466e+08  8.16919005e+08  1.44e-08 2.91e-11  2.31e-03     2s
  22   8.16919276e+08  8.16919248e+08  5.53e-10 2.91e-11  1.41e-04     2s
  23   8.16919265e+08  8.16919260e+08  2.85e-09 2.91e-11  2.24e-05     2s
  24   8.16919264e+08  8.16919264e+08  9.89e-09 3.14e-11  2.25e-08     2s
  25   8.16919264e+08  8.16919264e+08  1.11e-08 2.91e-11  7.50e-11     2s

Barrier solved model in 25 iterations and 1.63 seconds (2.63 work units)
Optimal objective 8.16919264e+08

Crossover log...

    2088 DPushes remaining with DInf 0.0000000e+00                 2s
       0 DPushes remaining with DInf 0.0000000e+00                 2s

    3098 PPushes remaining with PInf 0.0000000e+00                 2s
       0 PPushes remaining with PInf 0.0000000e+00                 2s

  Push phase complete: Pinf 0.0000000e+00, Dinf 3.2514436e-11      2s

Crossover time: 0.03 seconds (0.02 work units)
Iteration    Objective       Primal Inf.    Dual Inf.      Time
    5189    8.1691926e+08   0.000000e+00   0.000000e+00      2s

Solved in 5189 iterations and 2.23 seconds (3.48 work units)
Optimal objective  8.169192643e+08

User-callback calls 153, time in user-callback 0.00 sec
Reading Input_Data Files for PCM mode
No xlsx file found in the directory D:/MIT Dropbox/Shen Wang/MIT/RA/RA_assessment/RAChronoOps/exports/hope_model_cases/RAChronoOps_VRE120_base_perf10mw_s003_ED\Data_RAChronoOps_PCM/, try to read data from .csv files
Reading network
Reading technology
Reading time series
Reading optional gen_availability_timeseries.csv
Reading policies
Reading single parameters
CSV Files Successfully Load From D:/MIT Dropbox/Shen Wang/MIT/RA/RA_assessment/RAChronoOps/exports/hope_model_cases/RAChronoOps_VRE120_base_perf10mw_s003_ED\Data_RAChronoOps_PCM/
Info: PCM will use generator-level AF for 76 generators from gen_availability_timeseries.
Carbon policy constraints are disabled (carbon_policy = 0).


Model mode: PCM

Termination_status= OPTIMAL

Primal_status= FEASIBLE_POINT



Objective_value= 8.169192642968074e8

Operation_cost= 7.937463043783581e8

Load_shedding= 2.317295991796131e7

RPS_requirement Dict{InlineStrings.String3, Float64}("Z1" => 0.0)

RPSPenalty= 0

CarbonCapPenalty= 0

CarbonCapEmissions= Tuple{InlineStrings.String3, Float64}[("RTS", 0.0)]

Solving time: 10.848999977111816
HOPE model (PCM mode) is successfully solved!
No compatible power-balance duals found for configured network_model=0; skipping power price output.
Generating summary analysis tables in D:/MIT Dropbox/Shen Wang/MIT/RA/RA_assessment/RAChronoOps/exports/hope_model_cases/RAChronoOps_VRE120_base_perf10mw_s003_ED\output_tmp_1779929294\Analysis ...
Warning: Failed to rename temporary output directory into place (attempt 1/5): IOError: rm("D:/MIT Dropbox/Shen Wang/MIT/RA/RA_assessment/RAChronoOps/exports/hope_model_cases/RAChronoOps_VRE120_base_perf10mw_s003_ED\\output_tmp_1779929294\\Analysis"): resource busy or locked (EBUSY)
Retrying in 2 seconds... (close any open CSV/Excel files or pause Dropbox sync)
Warning: Temporary output rename reported a filesystem lock, but 'D:/MIT Dropbox/Shen Wang/MIT/RA/RA_assessment/RAChronoOps/exports/hope_model_cases/RAChronoOps_VRE120_base_perf10mw_s003_ED\output' already contains analysis outputs.
Continuing with 'D:/MIT Dropbox/Shen Wang/MIT/RA/RA_assessment/RAChronoOps/exports/hope_model_cases/RAChronoOps_VRE120_base_perf10mw_s003_ED\output' and leaving 'D:/MIT Dropbox/Shen Wang/MIT/RA/RA_assessment/RAChronoOps/exports/hope_model_cases/RAChronoOps_VRE120_base_perf10mw_s003_ED\output_tmp_1779929294' for later cleanup if needed.
Write solved results in the folder D:/MIT Dropbox/Shen Wang/MIT/RA/RA_assessment/RAChronoOps/exports/hope_model_cases/RAChronoOps_VRE120_base_perf10mw_s003_ED\output DONE!
Set parameter Username
Academic license - for non-commercial use only - expires 2026-12-09
Set parameter OptimalityTol to value 0.0001
Set parameter FeasibilityTol to value 1e-06
Set parameter Presolve to value -1
Set parameter AggFill to value 10
Set parameter PreDual to value -1
Set parameter TimeLimit to value 7200
Set parameter MIPGap to value 0.001
Set parameter Method to value 2
Set parameter BarConvTol to value 1e-08
Set parameter NumericFocus to value 0
Set parameter Crossover to value -1
Set parameter OutputFlag to value 1
Set parameter FeasibilityTol to value 1e-06
Set parameter PreDual to value -1
Set parameter Method to value 2
Set parameter Crossover to value -1
Set parameter TimeLimit to value 7200
Set parameter OutputFlag to value 1
Set parameter NumericFocus to value 0
Set parameter MIPGap to value 0.001
Set parameter OptimalityTol to value 0.0001
Set parameter AggFill to value 10
Set parameter BarConvTol to value 1e-08
Set parameter Presolve to value -1
Gurobi Optimizer version 13.0.0 build v13.0.0rc1 (win64 - Windows 10.0 (19045.2))

CPU model: Intel(R) Core(TM) i9-10900K CPU @ 3.70GHz, instruction set [SSE2|AVX|AVX2]
Thread count: 10 physical cores, 20 logical processors, using up to 20 threads

Non-default parameters:
TimeLimit  7200
MIPGap  0.001
OptimalityTol  0.0001
Method  2
AggFill  10

Optimize a model with 2750496 rows, 718473 columns and 4756386 nonzeros (Min)
Model fingerprint: 0xfc226f1f
Model has 665760 linear objective coefficients
Coefficient statistics:
  Matrix range     [9e-01, 1e+00]
  Objective range  [1e-02, 1e+04]
  Bounds range     [0e+00, 0e+00]
  RHS range        [1e-01, 1e+09]
Presolve removed 2732986 rows and 618741 columns
Presolve time: 1.08s
Presolved: 17510 rows, 99732 columns, 125992 nonzeros

Ordering time: 0.01s

Barrier statistics:
 AA' NZ     : 1.751e+04
 Factor NZ  : 2.538e+05 (roughly 50 MB of memory)
 Factor Ops : 4.757e+06 (less than 1 second per iteration)
 Threads    : 10

                  Objective                Residual
Iter       Primal          Dual         Primal    Dual     Compl     Time
   0   1.85256147e+10 -6.56658079e+11  1.11e+04 2.54e+00  2.13e+07     1s
   1   2.22016888e+09 -3.31738161e+11  5.77e+02 7.28e-11  2.40e+06     1s
   2   1.12562475e+09 -6.95066984e+10  1.19e+01 5.02e-10  3.60e+05     1s
   3   9.50223728e+08 -6.48884467e+09  1.71e+00 8.00e-11  3.74e+04     1s
   4   9.22423228e+08  3.91640260e+08  2.67e-01 2.91e-11  2.66e+03     1s
   5   9.10664735e+08  6.18994816e+08  1.65e-01 2.91e-11  1.46e+03     1s
   6   8.99498438e+08  7.29715101e+08  8.93e-02 2.91e-11  8.51e+02     1s
   7   8.84987007e+08  8.06876550e+08  3.92e-02 2.91e-11  3.92e+02     1s
   8   8.78183429e+08  8.37364036e+08  2.24e-02 1.46e-11  2.05e+02     1s
   9   8.73197217e+08  8.51374344e+08  1.31e-02 2.91e-11  1.09e+02     1s
  10   8.66414257e+08  8.58004119e+08  3.22e-03 2.91e-11  4.22e+01     1s
  11   8.65036609e+08  8.60550244e+08  1.86e-03 2.91e-11  2.25e+01     1s
  12   8.64029509e+08  8.61990050e+08  9.39e-04 2.91e-11  1.02e+01     1s
  13   8.63486048e+08  8.62449193e+08  4.79e-04 1.46e-11  5.20e+00     1s
  14   8.63152692e+08  8.62702595e+08  2.03e-04 2.91e-11  2.26e+00     1s
  15   8.63043372e+08  8.62790114e+08  1.16e-04 2.91e-11  1.27e+00     1s
  16   8.62941052e+08  8.62850130e+08  3.66e-05 2.91e-11  4.56e-01     1s
  17   8.62912661e+08  8.62869244e+08  1.57e-05 2.91e-11  2.18e-01     1s
  18   8.62898220e+08  8.62884286e+08  5.10e-06 1.46e-11  6.99e-02     1s
  19   8.62893246e+08  8.62887932e+08  1.83e-06 2.00e-11  2.66e-02     1s
  20   8.62890789e+08  8.62889984e+08  2.61e-07 2.91e-11  4.04e-03     2s
  21   8.62890389e+08  8.62890194e+08  4.63e-08 2.91e-11  9.78e-04     2s
  22   8.62890298e+08  8.62890289e+08  1.81e-09 2.91e-11  4.65e-05     2s
  23   8.62890292e+08  8.62890292e+08  2.51e-10 2.91e-11  1.96e-06     2s
  24   8.62890292e+08  8.62890292e+08  3.04e-10 2.91e-11  1.96e-09     2s

Barrier solved model in 24 iterations and 1.57 seconds (2.62 work units)
Optimal objective 8.62890292e+08

Crossover log...

    2072 DPushes remaining with DInf 0.0000000e+00                 2s
       0 DPushes remaining with DInf 0.0000000e+00                 2s

    3063 PPushes remaining with PInf 0.0000000e+00                 2s
       0 PPushes remaining with PInf 0.0000000e+00                 2s

  Push phase complete: Pinf 0.0000000e+00, Dinf 4.8089532e-11      2s

Crossover time: 0.05 seconds (0.02 work units)
Iteration    Objective       Primal Inf.    Dual Inf.      Time
    5138    8.6289029e+08   0.000000e+00   0.000000e+00      2s

Solved in 5138 iterations and 2.17 seconds (3.46 work units)
Optimal objective  8.628902923e+08

User-callback calls 124, time in user-callback 0.00 sec
Reading Input_Data Files for PCM mode
No xlsx file found in the directory D:/MIT Dropbox/Shen Wang/MIT/RA/RA_assessment/RAChronoOps/exports/hope_model_cases/RAChronoOps_VRE120_base_perf10mw_s004_ED\Data_RAChronoOps_PCM/, try to read data from .csv files
Reading network
Reading technology
Reading time series
Reading optional gen_availability_timeseries.csv
Reading policies
Reading single parameters
CSV Files Successfully Load From D:/MIT Dropbox/Shen Wang/MIT/RA/RA_assessment/RAChronoOps/exports/hope_model_cases/RAChronoOps_VRE120_base_perf10mw_s004_ED\Data_RAChronoOps_PCM/
Info: PCM will use generator-level AF for 76 generators from gen_availability_timeseries.
Carbon policy constraints are disabled (carbon_policy = 0).


Model mode: PCM

Termination_status= OPTIMAL

Primal_status= FEASIBLE_POINT



Objective_value= 8.628902923214139e8

Operation_cost= 7.959493809542787e8

Load_shedding= 6.694091136661505e7

RPS_requirement Dict{InlineStrings.String3, Float64}("Z1" => 0.0)

RPSPenalty= 0

CarbonCapPenalty= 0

CarbonCapEmissions= Tuple{InlineStrings.String3, Float64}[("RTS", 0.0)]

Solving time: 13.77400016784668
HOPE model (PCM mode) is successfully solved!
No compatible power-balance duals found for configured network_model=0; skipping power price output.
Generating summary analysis tables in D:/MIT Dropbox/Shen Wang/MIT/RA/RA_assessment/RAChronoOps/exports/hope_model_cases/RAChronoOps_VRE120_base_perf10mw_s004_ED\output_tmp_1779929408\Analysis ...
Warning: Failed to rename temporary output directory into place (attempt 1/5): IOError: rm("D:/MIT Dropbox/Shen Wang/MIT/RA/RA_assessment/RAChronoOps/exports/hope_model_cases/RAChronoOps_VRE120_base_perf10mw_s004_ED\\output_tmp_1779929408\\Analysis"): resource busy or locked (EBUSY)
Retrying in 2 seconds... (close any open CSV/Excel files or pause Dropbox sync)
Warning: Temporary output rename reported a filesystem lock, but 'D:/MIT Dropbox/Shen Wang/MIT/RA/RA_assessment/RAChronoOps/exports/hope_model_cases/RAChronoOps_VRE120_base_perf10mw_s004_ED\output' already contains analysis outputs.
Continuing with 'D:/MIT Dropbox/Shen Wang/MIT/RA/RA_assessment/RAChronoOps/exports/hope_model_cases/RAChronoOps_VRE120_base_perf10mw_s004_ED\output' and leaving 'D:/MIT Dropbox/Shen Wang/MIT/RA/RA_assessment/RAChronoOps/exports/hope_model_cases/RAChronoOps_VRE120_base_perf10mw_s004_ED\output_tmp_1779929408' for later cleanup if needed.
Write solved results in the folder D:/MIT Dropbox/Shen Wang/MIT/RA/RA_assessment/RAChronoOps/exports/hope_model_cases/RAChronoOps_VRE120_base_perf10mw_s004_ED\output DONE!
Set parameter Username
Academic license - for non-commercial use only - expires 2026-12-09
Set parameter OptimalityTol to value 0.0001
Set parameter FeasibilityTol to value 1e-06
Set parameter Presolve to value -1
Set parameter AggFill to value 10
Set parameter PreDual to value -1
Set parameter TimeLimit to value 7200
Set parameter MIPGap to value 0.001
Set parameter Method to value 2
Set parameter BarConvTol to value 1e-08
Set parameter NumericFocus to value 0
Set parameter Crossover to value -1
Set parameter OutputFlag to value 1
Set parameter FeasibilityTol to value 1e-06
Set parameter PreDual to value -1
Set parameter Method to value 2
Set parameter Crossover to value -1
Set parameter TimeLimit to value 7200
Set parameter OutputFlag to value 1
Set parameter NumericFocus to value 0
Set parameter MIPGap to value 0.001
Set parameter OptimalityTol to value 0.0001
Set parameter AggFill to value 10
Set parameter BarConvTol to value 1e-08
Set parameter Presolve to value -1
Gurobi Optimizer version 13.0.0 build v13.0.0rc1 (win64 - Windows 10.0 (19045.2))

CPU model: Intel(R) Core(TM) i9-10900K CPU @ 3.70GHz, instruction set [SSE2|AVX|AVX2]
Thread count: 10 physical cores, 20 logical processors, using up to 20 threads

Non-default parameters:
TimeLimit  7200
MIPGap  0.001
OptimalityTol  0.0001
Method  2
AggFill  10

Optimize a model with 2750496 rows, 718473 columns and 4756386 nonzeros (Min)
Model fingerprint: 0x67bffd69
Model has 665760 linear objective coefficients
Coefficient statistics:
  Matrix range     [9e-01, 1e+00]
  Objective range  [1e-02, 1e+04]
  Bounds range     [0e+00, 0e+00]
  RHS range        [1e-01, 1e+09]
Presolve removed 2732992 rows and 618555 columns
Presolve time: 1.08s
Presolved: 17504 rows, 99918 columns, 126166 nonzeros

Ordering time: 0.02s

Barrier statistics:
 AA' NZ     : 1.750e+04
 Factor NZ  : 2.536e+05 (roughly 50 MB of memory)
 Factor Ops : 4.752e+06 (less than 1 second per iteration)
 Threads    : 10

                  Objective                Residual
Iter       Primal          Dual         Primal    Dual     Compl     Time
   0   1.82920730e+10 -6.91505840e+11  1.11e+04 2.94e+00  2.24e+07     1s
   1   2.34144065e+09 -3.49404478e+11  5.71e+02 8.73e-11  2.52e+06     1s
   2   1.18516306e+09 -6.93550438e+10  1.01e+01 1.13e-09  3.58e+05     1s
   3   9.87258880e+08 -4.60397742e+09  1.34e+00 8.73e-11  2.80e+04     1s
   4   9.44732269e+08  2.21721019e+08  1.20e-01 2.91e-11  3.62e+03     1s
   5   9.32004932e+08  6.31759256e+08  5.71e-02 1.49e-11  1.50e+03     1s
   6   9.20490834e+08  7.46362591e+08  3.21e-02 2.91e-11  8.71e+02     1s
   7   9.10537340e+08  7.99861449e+08  1.52e-02 2.91e-11  5.54e+02     1s
   8   9.05418589e+08  8.36103164e+08  9.58e-03 2.91e-11  3.47e+02     1s
   9   9.01033103e+08  8.59315625e+08  6.02e-03 3.08e-11  2.09e+02     1s
  10   8.93425691e+08  8.74618126e+08  1.31e-03 2.91e-11  9.41e+01     1s
  11   8.91799178e+08  8.79941256e+08  8.52e-04 2.12e-11  5.93e+01     1s
  12   8.89282131e+08  8.84619805e+08  2.26e-04 3.34e-11  2.33e+01     1s
  13   8.88625049e+08  8.86379105e+08  1.07e-04 2.91e-11  1.12e+01     1s
  14   8.88183151e+08  8.87208451e+08  3.73e-05 2.91e-11  4.88e+00     1s
  15   8.88050485e+08  8.87528989e+08  1.87e-05 2.91e-11  2.61e+00     1s
  16   8.87942142e+08  8.87752151e+08  4.69e-06 2.91e-11  9.51e-01     1s
  17   8.87915628e+08  8.87812863e+08  1.77e-06 2.91e-11  5.14e-01     1s
  18   8.87903723e+08  8.87873292e+08  4.99e-07 2.91e-11  1.52e-01     1s
  19   8.87899151e+08  8.87889912e+08  1.71e-07 2.91e-11  4.62e-02     1s
  20   8.87896886e+08  8.87895248e+08  2.22e-08 2.91e-11  8.19e-03     2s
  21   8.87896528e+08  8.87896187e+08  4.47e-09 2.91e-11  1.71e-03     2s
  22   8.87896422e+08  8.87896410e+08  5.32e-09 2.91e-11  5.90e-05     2s
  23   8.87896415e+08  8.87896415e+08  1.44e-08 2.91e-11  2.36e-06     2s
  24   8.87896415e+08  8.87896415e+08  7.75e-09 4.37e-11  2.36e-09     2s

Barrier solved model in 24 iterations and 1.59 seconds (2.62 work units)
Optimal objective 8.87896415e+08

Crossover log...

    2021 DPushes remaining with DInf 0.0000000e+00                 2s
       0 DPushes remaining with DInf 0.0000000e+00                 2s

    3134 PPushes remaining with PInf 0.0000000e+00                 2s
       0 PPushes remaining with PInf 0.0000000e+00                 2s

  Push phase complete: Pinf 0.0000000e+00, Dinf 5.5280225e-11      2s

Crossover time: 0.03 seconds (0.02 work units)
Iteration    Objective       Primal Inf.    Dual Inf.      Time
    5158    8.8789642e+08   0.000000e+00   0.000000e+00      2s

Solved in 5158 iterations and 2.14 seconds (3.46 work units)
Optimal objective  8.878964152e+08

User-callback calls 129, time in user-callback 0.00 sec
Reading Input_Data Files for PCM mode
No xlsx file found in the directory D:/MIT Dropbox/Shen Wang/MIT/RA/RA_assessment/RAChronoOps/exports/hope_model_cases/RAChronoOps_VRE120_base_perf10mw_s005_ED\Data_RAChronoOps_PCM/, try to read data from .csv files
Reading network
Reading technology
Reading time series
Reading optional gen_availability_timeseries.csv
Reading policies
Reading single parameters
CSV Files Successfully Load From D:/MIT Dropbox/Shen Wang/MIT/RA/RA_assessment/RAChronoOps/exports/hope_model_cases/RAChronoOps_VRE120_base_perf10mw_s005_ED\Data_RAChronoOps_PCM/
Info: PCM will use generator-level AF for 76 generators from gen_availability_timeseries.
Carbon policy constraints are disabled (carbon_policy = 0).


Model mode: PCM

Termination_status= OPTIMAL

Primal_status= FEASIBLE_POINT



Objective_value= 8.87896415199425e8

Operation_cost= 7.954728405310096e8

Load_shedding= 9.242357466792262e7

RPS_requirement Dict{InlineStrings.String3, Float64}("Z1" => 0.0)

RPSPenalty= 0

CarbonCapPenalty= 0

CarbonCapEmissions= Tuple{InlineStrings.String3, Float64}[("RTS", 0.0)]

Solving time: 10.88699984550476
HOPE model (PCM mode) is successfully solved!
No compatible power-balance duals found for configured network_model=0; skipping power price output.
Generating summary analysis tables in D:/MIT Dropbox/Shen Wang/MIT/RA/RA_assessment/RAChronoOps/exports/hope_model_cases/RAChronoOps_VRE120_base_perf10mw_s005_ED\output_tmp_1779929520\Analysis ...
Warning: Failed to rename temporary output directory into place (attempt 1/5): IOError: rm("D:/MIT Dropbox/Shen Wang/MIT/RA/RA_assessment/RAChronoOps/exports/hope_model_cases/RAChronoOps_VRE120_base_perf10mw_s005_ED\\output_tmp_1779929520\\Analysis"): resource busy or locked (EBUSY)
Retrying in 2 seconds... (close any open CSV/Excel files or pause Dropbox sync)
Warning: Temporary output rename reported a filesystem lock, but 'D:/MIT Dropbox/Shen Wang/MIT/RA/RA_assessment/RAChronoOps/exports/hope_model_cases/RAChronoOps_VRE120_base_perf10mw_s005_ED\output' already contains analysis outputs.
Continuing with 'D:/MIT Dropbox/Shen Wang/MIT/RA/RA_assessment/RAChronoOps/exports/hope_model_cases/RAChronoOps_VRE120_base_perf10mw_s005_ED\output' and leaving 'D:/MIT Dropbox/Shen Wang/MIT/RA/RA_assessment/RAChronoOps/exports/hope_model_cases/RAChronoOps_VRE120_base_perf10mw_s005_ED\output_tmp_1779929520' for later cleanup if needed.
Write solved results in the folder D:/MIT Dropbox/Shen Wang/MIT/RA/RA_assessment/RAChronoOps/exports/hope_model_cases/RAChronoOps_VRE120_base_perf10mw_s005_ED\output DONE!
Set parameter Username
Academic license - for non-commercial use only - expires 2026-12-09
Set parameter OptimalityTol to value 0.0001
Set parameter FeasibilityTol to value 1e-06
Set parameter Presolve to value -1
Set parameter AggFill to value 10
Set parameter PreDual to value -1
Set parameter TimeLimit to value 7200
Set parameter MIPGap to value 0.001
Set parameter Method to value 2
Set parameter BarConvTol to value 1e-08
Set parameter NumericFocus to value 0
Set parameter Crossover to value -1
Set parameter OutputFlag to value 1
Set parameter FeasibilityTol to value 1e-06
Set parameter PreDual to value -1
Set parameter Method to value 2
Set parameter Crossover to value -1
Set parameter TimeLimit to value 7200
Set parameter OutputFlag to value 1
Set parameter NumericFocus to value 0
Set parameter MIPGap to value 0.001
Set parameter OptimalityTol to value 0.0001
Set parameter AggFill to value 10
Set parameter BarConvTol to value 1e-08
Set parameter Presolve to value -1
Gurobi Optimizer version 13.0.0 build v13.0.0rc1 (win64 - Windows 10.0 (19045.2))

CPU model: Intel(R) Core(TM) i9-10900K CPU @ 3.70GHz, instruction set [SSE2|AVX|AVX2]
Thread count: 10 physical cores, 20 logical processors, using up to 20 threads

Non-default parameters:
TimeLimit  7200
MIPGap  0.001
OptimalityTol  0.0001
Method  2
AggFill  10

Optimize a model with 2750496 rows, 718473 columns and 4756386 nonzeros (Min)
Model fingerprint: 0xdbc5cb0b
Model has 665760 linear objective coefficients
Coefficient statistics:
  Matrix range     [9e-01, 1e+00]
  Objective range  [1e-02, 1e+04]
  Bounds range     [0e+00, 0e+00]
  RHS range        [1e-01, 1e+09]
Presolve removed 2732988 rows and 618976 columns
Presolve time: 1.08s
Presolved: 17508 rows, 99497 columns, 125753 nonzeros

Ordering time: 0.01s

Barrier statistics:
 AA' NZ     : 1.751e+04
 Factor NZ  : 2.537e+05 (roughly 50 MB of memory)
 Factor Ops : 4.755e+06 (less than 1 second per iteration)
 Threads    : 10

                  Objective                Residual
Iter       Primal          Dual         Primal    Dual     Compl     Time
   0   1.76969146e+10 -6.07133036e+11  1.11e+04 2.94e+00  1.97e+07     1s
   1   2.06793413e+09 -3.06681874e+11  5.91e+02 6.55e-11  2.24e+06     1s
   2   1.04495083e+09 -6.47935119e+10  7.73e+00 5.38e-10  3.34e+05     1s
   3   9.49849863e+08 -4.68716482e+09  3.17e-01 8.00e-11  2.83e+04     1s
   4   9.21765501e+08  1.47267969e+08  2.20e-02 2.91e-11  3.89e+03     1s
   5   9.12524511e+08  5.08533882e+08  8.80e-03 2.91e-11  2.03e+03     1s
   6   9.05337351e+08  6.43838822e+08  5.22e-03 2.91e-11  1.31e+03     1s
   7   8.94573352e+08  7.32804609e+08  2.03e-03 2.91e-11  8.13e+02     1s
   8   8.86792714e+08  7.91088463e+08  8.94e-04 2.91e-11  4.81e+02     1s
   9   8.81257843e+08  8.33393771e+08  4.45e-04 5.82e-11  2.41e+02     1s
  10   8.73341844e+08  8.52614300e+08  6.90e-05 2.91e-11  1.04e+02     1s
  11   8.71056859e+08  8.61340332e+08  3.20e-05 2.91e-11  4.88e+01     1s
  12   8.69279766e+08  8.64701942e+08  1.01e-05 2.91e-11  2.30e+01     1s
  13   8.68652716e+08  8.66535250e+08  4.10e-06 2.91e-11  1.06e+01     1s
  14   8.68382560e+08  8.67577539e+08  1.77e-06 2.91e-11  4.05e+00     1s
  15   8.68248543e+08  8.67858343e+08  7.93e-07 2.91e-11  1.96e+00     1s
  16   8.68165270e+08  8.68017677e+08  2.34e-07 1.56e-11  7.42e-01     1s
  17   8.68142726e+08  8.68079332e+08  1.02e-07 2.91e-11  3.19e-01     1s
  18   8.68129932e+08  8.68109651e+08  3.27e-08 2.91e-11  1.02e-01     1s
  19   8.68126393e+08  8.68114166e+08  1.51e-08 2.91e-11  6.14e-02     1s
  20   8.68123854e+08  8.68120972e+08  2.44e-09 2.91e-11  1.45e-02     2s
  21   8.68123298e+08  8.68122641e+08  5.94e-10 2.91e-11  3.30e-03     2s
  22   8.68123104e+08  8.68123079e+08  3.80e-10 2.91e-11  1.27e-04     2s
  23   8.68123095e+08  8.68123092e+08  5.60e-10 2.91e-11  1.31e-05     2s
  24   8.68123095e+08  8.68123095e+08  4.29e-10 2.91e-11  1.31e-08     2s
  25   8.68123095e+08  8.68123095e+08  2.36e-10 2.91e-11  6.14e-11     2s

Barrier solved model in 25 iterations and 1.60 seconds (2.63 work units)
Optimal objective 8.68123095e+08

Crossover log...

    2089 DPushes remaining with DInf 0.0000000e+00                 2s
       0 DPushes remaining with DInf 0.0000000e+00                 2s

    3070 PPushes remaining with PInf 0.0000000e+00                 2s
       0 PPushes remaining with PInf 0.0000000e+00                 2s

  Push phase complete: Pinf 0.0000000e+00, Dinf 6.1803007e-11      2s

Crossover time: 0.04 seconds (0.02 work units)
Iteration    Objective       Primal Inf.    Dual Inf.      Time
    5162    8.6812309e+08   0.000000e+00   0.000000e+00      2s

Solved in 5162 iterations and 2.19 seconds (3.48 work units)
Optimal objective  8.681230948e+08

User-callback calls 137, time in user-callback 0.00 sec
Reading Input_Data Files for PCM mode
No xlsx file found in the directory D:/MIT Dropbox/Shen Wang/MIT/RA/RA_assessment/RAChronoOps/exports/hope_model_cases/RAChronoOps_VRE120_base_perf10mw_s006_ED\Data_RAChronoOps_PCM/, try to read data from .csv files
Reading network
Reading technology
Reading time series
Reading optional gen_availability_timeseries.csv
Reading policies
Reading single parameters
CSV Files Successfully Load From D:/MIT Dropbox/Shen Wang/MIT/RA/RA_assessment/RAChronoOps/exports/hope_model_cases/RAChronoOps_VRE120_base_perf10mw_s006_ED\Data_RAChronoOps_PCM/
Info: PCM will use generator-level AF for 76 generators from gen_availability_timeseries.
Carbon policy constraints are disabled (carbon_policy = 0).


Model mode: PCM

Termination_status= OPTIMAL

Primal_status= FEASIBLE_POINT



Objective_value= 8.681230947671577e8

Operation_cost= 7.888247162640319e8

Load_shedding= 7.929837850261515e7

RPS_requirement Dict{InlineStrings.String3, Float64}("Z1" => 0.0)

RPSPenalty= 0

CarbonCapPenalty= 0

CarbonCapEmissions= Tuple{InlineStrings.String3, Float64}[("RTS", 0.0)]

Solving time: 12.141000032424927
HOPE model (PCM mode) is successfully solved!
No compatible power-balance duals found for configured network_model=0; skipping power price output.
Generating summary analysis tables in D:/MIT Dropbox/Shen Wang/MIT/RA/RA_assessment/RAChronoOps/exports/hope_model_cases/RAChronoOps_VRE120_base_perf10mw_s006_ED\output_tmp_1779929637\Analysis ...
Warning: Failed to rename temporary output directory into place (attempt 1/5): IOError: rm("D:/MIT Dropbox/Shen Wang/MIT/RA/RA_assessment/RAChronoOps/exports/hope_model_cases/RAChronoOps_VRE120_base_perf10mw_s006_ED\\output_tmp_1779929637\\Analysis"): resource busy or locked (EBUSY)
Retrying in 2 seconds... (close any open CSV/Excel files or pause Dropbox sync)
Warning: Temporary output rename reported a filesystem lock, but 'D:/MIT Dropbox/Shen Wang/MIT/RA/RA_assessment/RAChronoOps/exports/hope_model_cases/RAChronoOps_VRE120_base_perf10mw_s006_ED\output' already contains analysis outputs.
Continuing with 'D:/MIT Dropbox/Shen Wang/MIT/RA/RA_assessment/RAChronoOps/exports/hope_model_cases/RAChronoOps_VRE120_base_perf10mw_s006_ED\output' and leaving 'D:/MIT Dropbox/Shen Wang/MIT/RA/RA_assessment/RAChronoOps/exports/hope_model_cases/RAChronoOps_VRE120_base_perf10mw_s006_ED\output_tmp_1779929637' for later cleanup if needed.
Write solved results in the folder D:/MIT Dropbox/Shen Wang/MIT/RA/RA_assessment/RAChronoOps/exports/hope_model_cases/RAChronoOps_VRE120_base_perf10mw_s006_ED\output DONE!
Set parameter Username
Academic license - for non-commercial use only - expires 2026-12-09
Set parameter OptimalityTol to value 0.0001
Set parameter FeasibilityTol to value 1e-06
Set parameter Presolve to value -1
Set parameter AggFill to value 10
Set parameter PreDual to value -1
Set parameter TimeLimit to value 7200
Set parameter MIPGap to value 0.001
Set parameter Method to value 2
Set parameter BarConvTol to value 1e-08
Set parameter NumericFocus to value 0
Set parameter Crossover to value -1
Set parameter OutputFlag to value 1
Set parameter FeasibilityTol to value 1e-06
Set parameter PreDual to value -1
Set parameter Method to value 2
Set parameter Crossover to value -1
Set parameter TimeLimit to value 7200
Set parameter OutputFlag to value 1
Set parameter NumericFocus to value 0
Set parameter MIPGap to value 0.001
Set parameter OptimalityTol to value 0.0001
Set parameter AggFill to value 10
Set parameter BarConvTol to value 1e-08
Set parameter Presolve to value -1
Gurobi Optimizer version 13.0.0 build v13.0.0rc1 (win64 - Windows 10.0 (19045.2))

CPU model: Intel(R) Core(TM) i9-10900K CPU @ 3.70GHz, instruction set [SSE2|AVX|AVX2]
Thread count: 10 physical cores, 20 logical processors, using up to 20 threads

Non-default parameters:
TimeLimit  7200
MIPGap  0.001
OptimalityTol  0.0001
Method  2
AggFill  10

Optimize a model with 2750496 rows, 718473 columns and 4756386 nonzeros (Min)
Model fingerprint: 0xe8259ea7
Model has 665760 linear objective coefficients
Coefficient statistics:
  Matrix range     [9e-01, 1e+00]
  Objective range  [1e-02, 1e+04]
  Bounds range     [0e+00, 0e+00]
  RHS range        [1e-01, 1e+09]
Presolve removed 2732979 rows and 619307 columns
Presolve time: 1.09s
Presolved: 17517 rows, 99166 columns, 125440 nonzeros

Ordering time: 0.00s

Barrier statistics:
 AA' NZ     : 1.752e+04
 Factor NZ  : 2.539e+05 (roughly 50 MB of memory)
 Factor Ops : 4.760e+06 (less than 1 second per iteration)
 Threads    : 10

                  Objective                Residual
Iter       Primal          Dual         Primal    Dual     Compl     Time
   0   1.68740996e+10 -1.16609271e+11  1.07e+04 1.82e-12  3.81e+06     1s
   1   2.47522742e+09 -5.83116843e+10  1.05e+03 2.91e-11  5.46e+05     1s
   2   1.13352232e+09 -2.01588005e+10  1.68e+02 9.09e-11  1.29e+05     1s
   3   9.17484635e+08 -1.55224770e+09  4.09e+01 2.07e-10  1.33e+04     1s
   4   8.85024140e+08  3.08353891e+08  2.33e+01 1.16e-10  2.99e+03     1s
   5   8.51534668e+08  5.74136267e+08  9.56e+00 4.22e-10  1.41e+03     1s
   6   8.31040455e+08  7.23794773e+08  4.37e+00 2.76e-10  5.39e+02     1s
   7   8.17657033e+08  7.62714999e+08  2.13e+00 1.10e-09  2.75e+02     1s
   8   8.09592566e+08  7.85105995e+08  1.04e+00 1.79e-09  1.23e+02     1s
   9   8.04921583e+08  7.91976484e+08  5.38e-01 8.44e-10  6.50e+01     1s
  10   8.01589171e+08  7.95826194e+08  2.07e-01 1.16e-09  2.90e+01     1s
  11   8.00410380e+08  7.97509215e+08  1.09e-01 1.16e-09  1.46e+01     1s
  12   7.99552924e+08  7.98448286e+08  4.21e-02 1.41e-09  5.55e+00     1s
  13   7.99222436e+08  7.98702918e+08  1.85e-02 1.30e-09  2.61e+00     1s
  14   7.99054784e+08  7.98792313e+08  7.06e-03 8.59e-10  1.32e+00     1s
  15   7.98988267e+08  7.98872276e+08  2.76e-03 1.08e-09  5.84e-01     1s
  16   7.98955901e+08  7.98911503e+08  7.80e-04 1.05e-09  2.23e-01     1s
  17   7.98948360e+08  7.98930357e+08  3.46e-04 5.82e-10  9.06e-02     1s
  18   7.98943540e+08  7.98940332e+08  9.20e-05 5.97e-10  1.61e-02     1s
  19   7.98942023e+08  7.98940975e+08  2.11e-05 4.80e-10  5.28e-03     1s
  20   7.98941558e+08  7.98941439e+08  1.49e-06 5.24e-10  5.96e-04     2s
  21   7.98941517e+08  7.98941507e+08  2.09e-07 3.49e-10  4.96e-05     2s
  22   7.98941510e+08  7.98941510e+08  9.59e-10 2.76e-10  5.48e-07     2s
  23   7.98941510e+08  7.98941510e+08  2.93e-10 2.91e-11  2.87e-11     2s

Barrier solved model in 23 iterations and 1.57 seconds (2.60 work units)
Optimal objective 7.98941510e+08

Crossover log...

    2059 DPushes remaining with DInf 0.0000000e+00                 2s
       0 DPushes remaining with DInf 0.0000000e+00                 2s

    3091 PPushes remaining with PInf 0.0000000e+00                 2s
       0 PPushes remaining with PInf 0.0000000e+00                 2s

  Push phase complete: Pinf 0.0000000e+00, Dinf 3.3423930e-11      2s

Crossover time: 0.03 seconds (0.02 work units)
Iteration    Objective       Primal Inf.    Dual Inf.      Time
    5153    7.9894151e+08   0.000000e+00   0.000000e+00      2s

Solved in 5153 iterations and 2.11 seconds (3.44 work units)
Optimal objective  7.989415101e+08

User-callback calls 118, time in user-callback 0.00 sec
Reading Input_Data Files for PCM mode
No xlsx file found in the directory D:/MIT Dropbox/Shen Wang/MIT/RA/RA_assessment/RAChronoOps/exports/hope_model_cases/RAChronoOps_VRE120_base_perf10mw_s007_ED\Data_RAChronoOps_PCM/, try to read data from .csv files
Reading network
Reading technology
Reading time series
Reading optional gen_availability_timeseries.csv
Reading policies
Reading single parameters
CSV Files Successfully Load From D:/MIT Dropbox/Shen Wang/MIT/RA/RA_assessment/RAChronoOps/exports/hope_model_cases/RAChronoOps_VRE120_base_perf10mw_s007_ED\Data_RAChronoOps_PCM/
Info: PCM will use generator-level AF for 76 generators from gen_availability_timeseries.
Carbon policy constraints are disabled (carbon_policy = 0).


Model mode: PCM

Termination_status= OPTIMAL

Primal_status= FEASIBLE_POINT



Objective_value= 7.989415101018951e8

Operation_cost= 7.943757395834049e8

Load_shedding= 4.5657705179612525e6

RPS_requirement Dict{InlineStrings.String3, Float64}("Z1" => 0.0)

RPSPenalty= 0

CarbonCapPenalty= 0

CarbonCapEmissions= Tuple{InlineStrings.String3, Float64}[("RTS", 0.0)]

Solving time: 12.164999961853027
HOPE model (PCM mode) is successfully solved!
No compatible power-balance duals found for configured network_model=0; skipping power price output.
Generating summary analysis tables in D:/MIT Dropbox/Shen Wang/MIT/RA/RA_assessment/RAChronoOps/exports/hope_model_cases/RAChronoOps_VRE120_base_perf10mw_s007_ED\output_tmp_1779929753\Analysis ...
Warning: Failed to rename temporary output directory into place (attempt 1/5): IOError: rm("D:/MIT Dropbox/Shen Wang/MIT/RA/RA_assessment/RAChronoOps/exports/hope_model_cases/RAChronoOps_VRE120_base_perf10mw_s007_ED\\output_tmp_1779929753\\Analysis"): resource busy or locked (EBUSY)
Retrying in 2 seconds... (close any open CSV/Excel files or pause Dropbox sync)
Warning: Temporary output rename reported a filesystem lock, but 'D:/MIT Dropbox/Shen Wang/MIT/RA/RA_assessment/RAChronoOps/exports/hope_model_cases/RAChronoOps_VRE120_base_perf10mw_s007_ED\output' already contains analysis outputs.
Continuing with 'D:/MIT Dropbox/Shen Wang/MIT/RA/RA_assessment/RAChronoOps/exports/hope_model_cases/RAChronoOps_VRE120_base_perf10mw_s007_ED\output' and leaving 'D:/MIT Dropbox/Shen Wang/MIT/RA/RA_assessment/RAChronoOps/exports/hope_model_cases/RAChronoOps_VRE120_base_perf10mw_s007_ED\output_tmp_1779929753' for later cleanup if needed.
Write solved results in the folder D:/MIT Dropbox/Shen Wang/MIT/RA/RA_assessment/RAChronoOps/exports/hope_model_cases/RAChronoOps_VRE120_base_perf10mw_s007_ED\output DONE!
Set parameter Username
Academic license - for non-commercial use only - expires 2026-12-09
Set parameter OptimalityTol to value 0.0001
Set parameter FeasibilityTol to value 1e-06
Set parameter Presolve to value -1
Set parameter AggFill to value 10
Set parameter PreDual to value -1
Set parameter TimeLimit to value 7200
Set parameter MIPGap to value 0.001
Set parameter Method to value 2
Set parameter BarConvTol to value 1e-08
Set parameter NumericFocus to value 0
Set parameter Crossover to value -1
Set parameter OutputFlag to value 1
Set parameter FeasibilityTol to value 1e-06
Set parameter PreDual to value -1
Set parameter Method to value 2
Set parameter Crossover to value -1
Set parameter TimeLimit to value 7200
Set parameter OutputFlag to value 1
Set parameter NumericFocus to value 0
Set parameter MIPGap to value 0.001
Set parameter OptimalityTol to value 0.0001
Set parameter AggFill to value 10
Set parameter BarConvTol to value 1e-08
Set parameter Presolve to value -1
Gurobi Optimizer version 13.0.0 build v13.0.0rc1 (win64 - Windows 10.0 (19045.2))

CPU model: Intel(R) Core(TM) i9-10900K CPU @ 3.70GHz, instruction set [SSE2|AVX|AVX2]
Thread count: 10 physical cores, 20 logical processors, using up to 20 threads

Non-default parameters:
TimeLimit  7200
MIPGap  0.001
OptimalityTol  0.0001
Method  2
AggFill  10

Optimize a model with 2750496 rows, 718473 columns and 4756386 nonzeros (Min)
Model fingerprint: 0xe5a717d9
Model has 665760 linear objective coefficients
Coefficient statistics:
  Matrix range     [9e-01, 1e+00]
  Objective range  [1e-02, 1e+04]
  Bounds range     [0e+00, 0e+00]
  RHS range        [1e-01, 1e+09]
Presolve removed 2732979 rows and 619455 columns
Presolve time: 1.10s
Presolved: 17517 rows, 99018 columns, 125292 nonzeros

Ordering time: 0.02s

Barrier statistics:
 AA' NZ     : 1.752e+04
 Factor NZ  : 2.539e+05 (roughly 50 MB of memory)
 Factor Ops : 4.760e+06 (less than 1 second per iteration)
 Threads    : 10

                  Objective                Residual
Iter       Primal          Dual         Primal    Dual     Compl     Time
   0   1.63977298e+10 -1.16599435e+11  1.10e+04 1.82e-12  3.81e+06     1s
   1   2.12114315e+09 -5.82755104e+10  8.64e+02 2.91e-11  4.97e+05     1s
   2   1.01551040e+09 -1.81644025e+10  1.02e+02 3.64e-11  1.09e+05     1s
   3   8.46641740e+08  1.05551507e+08  8.19e-01 1.11e-10  3.75e+03     1s
   4   8.30296622e+08  5.82889411e+08  1.38e-01 3.31e-11  1.25e+03     1s
   5   8.19816484e+08  7.00890187e+08  7.42e-02 2.91e-11  6.00e+02     1s
   6   8.09999205e+08  7.59078624e+08  3.34e-02 1.46e-11  2.57e+02     1s
   7   8.01306098e+08  7.76238986e+08  1.48e-02 2.91e-11  1.27e+02     1s
   8   7.97402403e+08  7.84107693e+08  7.81e-03 1.46e-11  6.71e+01     1s
   9   7.94735278e+08  7.88143123e+08  3.94e-03 2.91e-11  3.33e+01     1s
  10   7.92834731e+08  7.90303510e+08  1.43e-03 2.91e-11  1.28e+01     1s
  11   7.92307185e+08  7.90877130e+08  8.02e-04 2.91e-11  7.22e+00     1s
  12   7.91852298e+08  7.91284497e+08  2.81e-04 2.91e-11  2.87e+00     1s
  13   7.91695374e+08  7.91389720e+08  1.17e-04 1.46e-11  1.54e+00     1s
  14   7.91622215e+08  7.91515738e+08  4.42e-05 2.91e-11  5.38e-01     1s
  15   7.91593650e+08  7.91547540e+08  1.75e-05 2.91e-11  2.33e-01     1s
  16   7.91579456e+08  7.91564979e+08  5.32e-06 2.91e-11  7.31e-02     1s
  17   7.91575480e+08  7.91570480e+08  2.09e-06 2.91e-11  2.52e-02     1s
  18   7.91573312e+08  7.91572556e+08  4.13e-07 2.91e-11  3.82e-03     2s
  19   7.91572839e+08  7.91572679e+08  8.09e-08 2.91e-11  8.07e-04     2s
  20   7.91572722e+08  7.91572716e+08  2.76e-09 2.91e-11  3.02e-05     2s
  21   7.91572717e+08  7.91572717e+08  3.47e-10 2.91e-11  8.42e-07     2s
  22   7.91572717e+08  7.91572717e+08  2.14e-10 2.91e-11  8.42e-10     2s

Barrier solved model in 22 iterations and 1.58 seconds (2.58 work units)
Optimal objective 7.91572717e+08

Crossover log...

    2109 DPushes remaining with DInf 0.0000000e+00                 2s
       0 DPushes remaining with DInf 0.0000000e+00                 2s

    3021 PPushes remaining with PInf 0.0000000e+00                 2s
       0 PPushes remaining with PInf 0.0000000e+00                 2s

  Push phase complete: Pinf 0.0000000e+00, Dinf 9.5923269e-12      2s

Crossover time: 0.03 seconds (0.02 work units)
Iteration    Objective       Primal Inf.    Dual Inf.      Time
    5133    7.9157272e+08   0.000000e+00   0.000000e+00      2s

Solved in 5133 iterations and 2.13 seconds (3.42 work units)
Optimal objective  7.915727170e+08

User-callback calls 141, time in user-callback 0.00 sec
Reading Input_Data Files for PCM mode
No xlsx file found in the directory D:/MIT Dropbox/Shen Wang/MIT/RA/RA_assessment/RAChronoOps/exports/hope_model_cases/RAChronoOps_VRE120_base_perf10mw_s008_ED\Data_RAChronoOps_PCM/, try to read data from .csv files
Reading network
Reading technology
Reading time series
Reading optional gen_availability_timeseries.csv
Reading policies
Reading single parameters
CSV Files Successfully Load From D:/MIT Dropbox/Shen Wang/MIT/RA/RA_assessment/RAChronoOps/exports/hope_model_cases/RAChronoOps_VRE120_base_perf10mw_s008_ED\Data_RAChronoOps_PCM/
Info: PCM will use generator-level AF for 76 generators from gen_availability_timeseries.
Carbon policy constraints are disabled (carbon_policy = 0).


Model mode: PCM

Termination_status= OPTIMAL

Primal_status= FEASIBLE_POINT



Objective_value= 7.915727170094941e8

Operation_cost= 7.915727170089687e8

Load_shedding= 0.0

RPS_requirement Dict{InlineStrings.String3, Float64}("Z1" => 0.0)

RPSPenalty= 0

CarbonCapPenalty= 0

CarbonCapEmissions= Tuple{InlineStrings.String3, Float64}[("RTS", 0.0)]

Solving time: 10.835999965667725
HOPE model (PCM mode) is successfully solved!
No compatible power-balance duals found for configured network_model=0; skipping power price output.
Generating summary analysis tables in D:/MIT Dropbox/Shen Wang/MIT/RA/RA_assessment/RAChronoOps/exports/hope_model_cases/RAChronoOps_VRE120_base_perf10mw_s008_ED\output_tmp_1779929870\Analysis ...
Warning: Failed to rename temporary output directory into place (attempt 1/5): IOError: rm("D:/MIT Dropbox/Shen Wang/MIT/RA/RA_assessment/RAChronoOps/exports/hope_model_cases/RAChronoOps_VRE120_base_perf10mw_s008_ED\\output_tmp_1779929870\\Analysis"): resource busy or locked (EBUSY)
Retrying in 2 seconds... (close any open CSV/Excel files or pause Dropbox sync)
Warning: Temporary output rename reported a filesystem lock, but 'D:/MIT Dropbox/Shen Wang/MIT/RA/RA_assessment/RAChronoOps/exports/hope_model_cases/RAChronoOps_VRE120_base_perf10mw_s008_ED\output' already contains analysis outputs.
Continuing with 'D:/MIT Dropbox/Shen Wang/MIT/RA/RA_assessment/RAChronoOps/exports/hope_model_cases/RAChronoOps_VRE120_base_perf10mw_s008_ED\output' and leaving 'D:/MIT Dropbox/Shen Wang/MIT/RA/RA_assessment/RAChronoOps/exports/hope_model_cases/RAChronoOps_VRE120_base_perf10mw_s008_ED\output_tmp_1779929870' for later cleanup if needed.
Write solved results in the folder D:/MIT Dropbox/Shen Wang/MIT/RA/RA_assessment/RAChronoOps/exports/hope_model_cases/RAChronoOps_VRE120_base_perf10mw_s008_ED\output DONE!
Set parameter Username
Academic license - for non-commercial use only - expires 2026-12-09
Set parameter OptimalityTol to value 0.0001
Set parameter FeasibilityTol to value 1e-06
Set parameter Presolve to value -1
Set parameter AggFill to value 10
Set parameter PreDual to value -1
Set parameter TimeLimit to value 7200
Set parameter MIPGap to value 0.001
Set parameter Method to value 2
Set parameter BarConvTol to value 1e-08
Set parameter NumericFocus to value 0
Set parameter Crossover to value -1
Set parameter OutputFlag to value 1
Set parameter FeasibilityTol to value 1e-06
Set parameter PreDual to value -1
Set parameter Method to value 2
Set parameter Crossover to value -1
Set parameter TimeLimit to value 7200
Set parameter OutputFlag to value 1
Set parameter NumericFocus to value 0
Set parameter MIPGap to value 0.001
Set parameter OptimalityTol to value 0.0001
Set parameter AggFill to value 10
Set parameter BarConvTol to value 1e-08
Set parameter Presolve to value -1
Gurobi Optimizer version 13.0.0 build v13.0.0rc1 (win64 - Windows 10.0 (19045.2))

CPU model: Intel(R) Core(TM) i9-10900K CPU @ 3.70GHz, instruction set [SSE2|AVX|AVX2]
Thread count: 10 physical cores, 20 logical processors, using up to 20 threads

Non-default parameters:
TimeLimit  7200
MIPGap  0.001
OptimalityTol  0.0001
Method  2
AggFill  10

Optimize a model with 2750496 rows, 718473 columns and 4756386 nonzeros (Min)
Model fingerprint: 0x02b78a50
Model has 665760 linear objective coefficients
Coefficient statistics:
  Matrix range     [9e-01, 1e+00]
  Objective range  [1e-02, 1e+04]
  Bounds range     [0e+00, 0e+00]
  RHS range        [1e-01, 1e+09]
Presolve removed 2732979 rows and 619263 columns
Presolve time: 1.08s
Presolved: 17517 rows, 99210 columns, 125484 nonzeros

Ordering time: 0.01s

Barrier statistics:
 AA' NZ     : 1.752e+04
 Factor NZ  : 2.539e+05 (roughly 50 MB of memory)
 Factor Ops : 4.760e+06 (less than 1 second per iteration)
 Threads    : 10

                  Objective                Residual
Iter       Primal          Dual         Primal    Dual     Compl     Time
   0   1.54691414e+10 -1.16501573e+11  1.10e+04 1.82e-12  3.80e+06     1s
   1   1.59490822e+09 -5.83326784e+10  5.38e+02 2.91e-11  4.21e+05     1s
   2   9.10604576e+08 -1.28215528e+10  4.67e+01 6.46e-11  7.31e+04     1s
   3   8.35149198e+08  1.09035693e+08  9.57e-03 2.91e-11  3.66e+03     1s
   4   8.20204653e+08  4.87734328e+08  1.45e-03 4.37e-11  1.68e+03     1s
   5   8.09259751e+08  6.81736437e+08  6.69e-04 4.37e-11  6.43e+02     1s
   6   7.99146901e+08  7.51580512e+08  2.75e-04 2.91e-11  2.40e+02     1s
   7   7.92154760e+08  7.68669106e+08  1.32e-04 2.91e-11  1.18e+02     1s
   8   7.87214549e+08  7.75618795e+08  5.83e-05 1.46e-11  5.84e+01     1s
   9   7.84935293e+08  7.78971302e+08  3.20e-05 2.91e-11  3.01e+01     1s
  10   7.83135346e+08  7.80540812e+08  1.25e-05 1.46e-11  1.31e+01     1s
  11   7.82595429e+08  7.81139269e+08  7.22e-06 1.46e-11  7.34e+00     1s
  12   7.82229237e+08  7.81560290e+08  3.69e-06 1.46e-11  3.37e+00     1s
  13   7.82004305e+08  7.81685208e+08  1.64e-06 1.46e-11  1.61e+00     1s
  14   7.81900293e+08  7.81753120e+08  7.21e-07 2.91e-11  7.42e-01     1s
  15   7.81852750e+08  7.81786051e+08  3.10e-07 2.91e-11  3.36e-01     1s
  16   7.81827603e+08  7.81803427e+08  9.74e-08 2.91e-11  1.22e-01     1s
  17   7.81819291e+08  7.81810796e+08  3.01e-08 1.46e-11  4.28e-02     1s
  18   7.81816091e+08  7.81814917e+08  5.36e-09 2.91e-11  5.92e-03     1s
  19   7.81815462e+08  7.81815149e+08  1.06e-09 1.46e-11  1.58e-03     2s
  20   7.81815299e+08  7.81815278e+08  2.61e-09 2.91e-11  1.05e-04     2s
  21   7.81815288e+08  7.81815285e+08  7.23e-10 2.91e-11  1.52e-05     2s
  22   7.81815288e+08  7.81815288e+08  8.21e-10 2.91e-11  1.52e-08     2s
  23   7.81815288e+08  7.81815288e+08  3.30e-10 2.91e-11  2.73e-13     2s

Barrier solved model in 23 iterations and 1.58 seconds (2.60 work units)
Optimal objective 7.81815288e+08

Crossover log...

    2018 DPushes remaining with DInf 0.0000000e+00                 2s
       0 DPushes remaining with DInf 0.0000000e+00                 2s

    3124 PPushes remaining with PInf 0.0000000e+00                 2s
       0 PPushes remaining with PInf 0.0000000e+00                 2s

  Push phase complete: Pinf 0.0000000e+00, Dinf 8.1428198e-12      2s

Crossover time: 0.05 seconds (0.02 work units)
Iteration    Objective       Primal Inf.    Dual Inf.      Time
    5145    7.8181529e+08   0.000000e+00   0.000000e+00      2s

Solved in 5145 iterations and 2.12 seconds (3.44 work units)
Optimal objective  7.818152876e+08

User-callback calls 132, time in user-callback 0.00 sec
Reading Input_Data Files for PCM mode
No xlsx file found in the directory D:/MIT Dropbox/Shen Wang/MIT/RA/RA_assessment/RAChronoOps/exports/hope_model_cases/RAChronoOps_VRE120_base_perf10mw_s009_ED\Data_RAChronoOps_PCM/, try to read data from .csv files
Reading network
Reading technology
Reading time series
Reading optional gen_availability_timeseries.csv
Reading policies
Reading single parameters
CSV Files Successfully Load From D:/MIT Dropbox/Shen Wang/MIT/RA/RA_assessment/RAChronoOps/exports/hope_model_cases/RAChronoOps_VRE120_base_perf10mw_s009_ED\Data_RAChronoOps_PCM/
Info: PCM will use generator-level AF for 76 generators from gen_availability_timeseries.
Carbon policy constraints are disabled (carbon_policy = 0).


Model mode: PCM

Termination_status= OPTIMAL

Primal_status= FEASIBLE_POINT



Objective_value= 7.818152876291653e8

Operation_cost= 7.81815287628643e8

Load_shedding= 0.0

RPS_requirement Dict{InlineStrings.String3, Float64}("Z1" => 0.0)

RPSPenalty= 0

CarbonCapPenalty= 0

CarbonCapEmissions= Tuple{InlineStrings.String3, Float64}[("RTS", 0.0)]

Solving time: 12.164000034332275
HOPE model (PCM mode) is successfully solved!
No compatible power-balance duals found for configured network_model=0; skipping power price output.
Generating summary analysis tables in D:/MIT Dropbox/Shen Wang/MIT/RA/RA_assessment/RAChronoOps/exports/hope_model_cases/RAChronoOps_VRE120_base_perf10mw_s009_ED\output_tmp_1779929983\Analysis ...
Warning: Failed to rename temporary output directory into place (attempt 1/5): IOError: rm("D:/MIT Dropbox/Shen Wang/MIT/RA/RA_assessment/RAChronoOps/exports/hope_model_cases/RAChronoOps_VRE120_base_perf10mw_s009_ED\\output_tmp_1779929983\\Analysis"): resource busy or locked (EBUSY)
Retrying in 2 seconds... (close any open CSV/Excel files or pause Dropbox sync)
Warning: Temporary output rename reported a filesystem lock, but 'D:/MIT Dropbox/Shen Wang/MIT/RA/RA_assessment/RAChronoOps/exports/hope_model_cases/RAChronoOps_VRE120_base_perf10mw_s009_ED\output' already contains analysis outputs.
Continuing with 'D:/MIT Dropbox/Shen Wang/MIT/RA/RA_assessment/RAChronoOps/exports/hope_model_cases/RAChronoOps_VRE120_base_perf10mw_s009_ED\output' and leaving 'D:/MIT Dropbox/Shen Wang/MIT/RA/RA_assessment/RAChronoOps/exports/hope_model_cases/RAChronoOps_VRE120_base_perf10mw_s009_ED\output_tmp_1779929983' for later cleanup if needed.
Write solved results in the folder D:/MIT Dropbox/Shen Wang/MIT/RA/RA_assessment/RAChronoOps/exports/hope_model_cases/RAChronoOps_VRE120_base_perf10mw_s009_ED\output DONE!
Set parameter Username
Academic license - for non-commercial use only - expires 2026-12-09
Set parameter OptimalityTol to value 0.0001
Set parameter FeasibilityTol to value 1e-06
Set parameter Presolve to value -1
Set parameter AggFill to value 10
Set parameter PreDual to value -1
Set parameter TimeLimit to value 7200
Set parameter MIPGap to value 0.001
Set parameter Method to value 2
Set parameter BarConvTol to value 1e-08
Set parameter NumericFocus to value 0
Set parameter Crossover to value -1
Set parameter OutputFlag to value 1
Set parameter FeasibilityTol to value 1e-06
Set parameter PreDual to value -1
Set parameter Method to value 2
Set parameter Crossover to value -1
Set parameter TimeLimit to value 7200
Set parameter OutputFlag to value 1
Set parameter NumericFocus to value 0
Set parameter MIPGap to value 0.001
Set parameter OptimalityTol to value 0.0001
Set parameter AggFill to value 10
Set parameter BarConvTol to value 1e-08
Set parameter Presolve to value -1
Gurobi Optimizer version 13.0.0 build v13.0.0rc1 (win64 - Windows 10.0 (19045.2))

CPU model: Intel(R) Core(TM) i9-10900K CPU @ 3.70GHz, instruction set [SSE2|AVX|AVX2]
Thread count: 10 physical cores, 20 logical processors, using up to 20 threads

Non-default parameters:
TimeLimit  7200
MIPGap  0.001
OptimalityTol  0.0001
Method  2
AggFill  10

Optimize a model with 2750496 rows, 718473 columns and 4756386 nonzeros (Min)
Model fingerprint: 0x2f3fc6e6
Model has 665760 linear objective coefficients
Coefficient statistics:
  Matrix range     [9e-01, 1e+00]
  Objective range  [1e-02, 1e+04]
  Bounds range     [0e+00, 0e+00]
  RHS range        [1e-01, 1e+09]
Presolve removed 2732979 rows and 618984 columns
Presolve time: 1.12s
Presolved: 17517 rows, 99489 columns, 125763 nonzeros

Ordering time: 0.01s

Barrier statistics:
 AA' NZ     : 1.752e+04
 Factor NZ  : 2.539e+05 (roughly 50 MB of memory)
 Factor Ops : 4.760e+06 (less than 1 second per iteration)
 Threads    : 10

                  Objective                Residual
Iter       Primal          Dual         Primal    Dual     Compl     Time
   0   1.68927193e+10 -1.16646307e+11  1.10e+04 1.82e-12  3.80e+06     1s
   1   2.51865184e+09 -5.82748448e+10  1.11e+03 2.91e-11  5.52e+05     1s
   2   1.03167841e+09 -1.76214629e+10  1.09e+02 1.38e-10  1.07e+05     1s
   3   8.45258342e+08  2.11200239e+07  2.14e-01 4.27e-11  4.14e+03     1s
   4   8.30866867e+08  5.41018491e+08  3.60e-02 1.46e-11  1.46e+03     1s
   5   8.21558673e+08  7.04049844e+08  2.04e-02 2.91e-11  5.91e+02     1s
   6   8.08345112e+08  7.61052541e+08  8.74e-03 1.46e-11  2.38e+02     1s
   7   7.99934185e+08  7.77949166e+08  3.66e-03 2.91e-11  1.10e+02     1s
   8   7.96497151e+08  7.84741149e+08  2.03e-03 1.46e-11  5.91e+01     1s
   9   7.94533311e+08  7.88266064e+08  1.19e-03 2.91e-11  3.15e+01     1s
  10   7.92975099e+08  7.90233641e+08  5.94e-04 2.91e-11  1.38e+01     1s
  11   7.92244699e+08  7.90684689e+08  3.33e-04 1.46e-11  7.84e+00     1s
  12   7.91688423e+08  7.91065373e+08  1.38e-04 2.91e-11  3.13e+00     1s
  13   7.91464349e+08  7.91166386e+08  6.35e-05 2.91e-11  1.50e+00     1s
  14   7.91344375e+08  7.91217650e+08  2.47e-05 2.91e-11  6.37e-01     1s
  15   7.91298112e+08  7.91243511e+08  1.02e-05 1.46e-11  2.74e-01     1s
  16   7.91272870e+08  7.91258485e+08  2.51e-06 2.91e-11  7.23e-02     1s
  17   7.91266921e+08  7.91261930e+08  8.93e-07 2.91e-11  2.51e-02     2s
  18   7.91264017e+08  7.91263258e+08  1.19e-07 2.91e-11  3.81e-03     2s
  19   7.91263680e+08  7.91263418e+08  1.04e-07 1.46e-11  1.32e-03     2s
  20   7.91263515e+08  7.91263500e+08  4.39e-08 2.91e-11  7.75e-05     2s
  21   7.91263503e+08  7.91263502e+08  6.63e-10 2.91e-11  5.12e-06     2s
  22   7.91263502e+08  7.91263502e+08  6.07e-11 2.91e-11  5.12e-09     2s

Barrier solved model in 22 iterations and 1.62 seconds (2.59 work units)
Optimal objective 7.91263502e+08

Crossover log...

    2127 DPushes remaining with DInf 0.0000000e+00                 2s
       0 DPushes remaining with DInf 0.0000000e+00                 2s

    3070 PPushes remaining with PInf 0.0000000e+00                 2s
       0 PPushes remaining with PInf 0.0000000e+00                 2s

  Push phase complete: Pinf 0.0000000e+00, Dinf 1.0928147e-11      2s

Crossover time: 0.03 seconds (0.02 work units)
Iteration    Objective       Primal Inf.    Dual Inf.      Time
    5200    7.9126350e+08   0.000000e+00   0.000000e+00      2s

Solved in 5200 iterations and 2.16 seconds (3.43 work units)
Optimal objective  7.912635024e+08

User-callback calls 200, time in user-callback 0.00 sec
Reading Input_Data Files for PCM mode
No xlsx file found in the directory D:/MIT Dropbox/Shen Wang/MIT/RA/RA_assessment/RAChronoOps/exports/hope_model_cases/RAChronoOps_VRE120_base_perf10mw_s010_ED\Data_RAChronoOps_PCM/, try to read data from .csv files
Reading network
Reading technology
Reading time series
Reading optional gen_availability_timeseries.csv
Reading policies
Reading single parameters
CSV Files Successfully Load From D:/MIT Dropbox/Shen Wang/MIT/RA/RA_assessment/RAChronoOps/exports/hope_model_cases/RAChronoOps_VRE120_base_perf10mw_s010_ED\Data_RAChronoOps_PCM/
Info: PCM will use generator-level AF for 76 generators from gen_availability_timeseries.
Carbon policy constraints are disabled (carbon_policy = 0).


Model mode: PCM

Termination_status= OPTIMAL

Primal_status= FEASIBLE_POINT



Objective_value= 7.912635024067515e8

Operation_cost= 7.912635024062437e8

Load_shedding= 0.0

RPS_requirement Dict{InlineStrings.String3, Float64}("Z1" => 0.0)

RPSPenalty= 0

CarbonCapPenalty= 0

CarbonCapEmissions= Tuple{InlineStrings.String3, Float64}[("RTS", 0.0)]

Solving time: 12.065000057220459
HOPE model (PCM mode) is successfully solved!
No compatible power-balance duals found for configured network_model=0; skipping power price output.
Generating summary analysis tables in D:/MIT Dropbox/Shen Wang/MIT/RA/RA_assessment/RAChronoOps/exports/hope_model_cases/RAChronoOps_VRE120_base_perf10mw_s010_ED\output_tmp_1779930100\Analysis ...
Warning: Failed to rename temporary output directory into place (attempt 1/5): IOError: rm("D:/MIT Dropbox/Shen Wang/MIT/RA/RA_assessment/RAChronoOps/exports/hope_model_cases/RAChronoOps_VRE120_base_perf10mw_s010_ED\\output_tmp_1779930100\\Analysis"): resource busy or locked (EBUSY)
Retrying in 2 seconds... (close any open CSV/Excel files or pause Dropbox sync)
Warning: Temporary output rename reported a filesystem lock, but 'D:/MIT Dropbox/Shen Wang/MIT/RA/RA_assessment/RAChronoOps/exports/hope_model_cases/RAChronoOps_VRE120_base_perf10mw_s010_ED\output' already contains analysis outputs.
Continuing with 'D:/MIT Dropbox/Shen Wang/MIT/RA/RA_assessment/RAChronoOps/exports/hope_model_cases/RAChronoOps_VRE120_base_perf10mw_s010_ED\output' and leaving 'D:/MIT Dropbox/Shen Wang/MIT/RA/RA_assessment/RAChronoOps/exports/hope_model_cases/RAChronoOps_VRE120_base_perf10mw_s010_ED\output_tmp_1779930100' for later cleanup if needed.
Write solved results in the folder D:/MIT Dropbox/Shen Wang/MIT/RA/RA_assessment/RAChronoOps/exports/hope_model_cases/RAChronoOps_VRE120_base_perf10mw_s010_ED\output DONE!
Set parameter Username
Academic license - for non-commercial use only - expires 2026-12-09
Set parameter OptimalityTol to value 0.0001
Set parameter FeasibilityTol to value 1e-06
Set parameter Presolve to value -1
Set parameter AggFill to value 10
Set parameter PreDual to value -1
Set parameter TimeLimit to value 7200
Set parameter MIPGap to value 0.001
Set parameter Method to value 2
Set parameter BarConvTol to value 1e-08
Set parameter NumericFocus to value 0
Set parameter Crossover to value -1
Set parameter OutputFlag to value 1
Set parameter FeasibilityTol to value 1e-06
Set parameter PreDual to value -1
Set parameter Method to value 2
Set parameter Crossover to value -1
Set parameter TimeLimit to value 7200
Set parameter OutputFlag to value 1
Set parameter NumericFocus to value 0
Set parameter MIPGap to value 0.001
Set parameter OptimalityTol to value 0.0001
Set parameter AggFill to value 10
Set parameter BarConvTol to value 1e-08
Set parameter Presolve to value -1
Gurobi Optimizer version 13.0.0 build v13.0.0rc1 (win64 - Windows 10.0 (19045.2))

CPU model: Intel(R) Core(TM) i9-10900K CPU @ 3.70GHz, instruction set [SSE2|AVX|AVX2]
Thread count: 10 physical cores, 20 logical processors, using up to 20 threads

Non-default parameters:
TimeLimit  7200
MIPGap  0.001
OptimalityTol  0.0001
Method  2
AggFill  10

Optimize a model with 2750496 rows, 718473 columns and 4756386 nonzeros (Min)
Model fingerprint: 0x7112cfb9
Model has 665760 linear objective coefficients
Coefficient statistics:
  Matrix range     [9e-01, 1e+00]
  Objective range  [1e-02, 1e+04]
  Bounds range     [0e+00, 0e+00]
  RHS range        [1e-01, 1e+09]
Presolve removed 2732980 rows and 619020 columns
Presolve time: 1.08s
Presolved: 17516 rows, 99453 columns, 125725 nonzeros

Ordering time: 0.01s

Barrier statistics:
 AA' NZ     : 1.751e+04
 Factor NZ  : 2.539e+05 (roughly 50 MB of memory)
 Factor Ops : 4.760e+06 (less than 1 second per iteration)
 Threads    : 10

                  Objective                Residual
Iter       Primal          Dual         Primal    Dual     Compl     Time
   0   1.76821831e+10 -6.84760384e+11  1.08e+04 1.89e+00  2.22e+07     1s
   1   2.15317665e+09 -3.45450468e+11  5.47e+02 8.00e-11  2.48e+06     1s
   2   1.07032978e+09 -6.81883714e+10  9.07e+00 1.05e-09  3.53e+05     1s
   3   9.18721264e+08 -3.97335505e+09  1.25e+00 9.46e-11  2.46e+04     1s
   4   8.87256537e+08  2.62892784e+08  1.75e-01 2.91e-11  3.14e+03     1s
   5   8.72868993e+08  5.48131653e+08  5.65e-02 2.14e-11  1.63e+03     1s
   6   8.62469417e+08  6.81392368e+08  3.24e-02 1.83e-11  9.10e+02     1s
   7   8.52386686e+08  7.62442896e+08  1.48e-02 2.91e-11  4.52e+02     1s
   8   8.43676017e+08  7.94098644e+08  6.43e-03 1.46e-11  2.49e+02     1s
   9   8.39627978e+08  8.13794468e+08  3.91e-03 1.46e-11  1.30e+02     1s
  10   8.32651531e+08  8.20468020e+08  6.57e-04 1.51e-11  6.13e+01     1s
  11   8.31386551e+08  8.25333181e+08  3.63e-04 2.91e-11  3.04e+01     1s
  12   8.30424875e+08  8.28174257e+08  1.75e-04 1.46e-11  1.13e+01     1s
  13   8.29909216e+08  8.28739007e+08  8.63e-05 2.91e-11  5.88e+00     1s
  14   8.29598558e+08  8.29064506e+08  3.48e-05 2.91e-11  2.68e+00     1s
  15   8.29484438e+08  8.29227088e+08  1.72e-05 2.91e-11  1.29e+00     1s
  16   8.29417655e+08  8.29308412e+08  7.30e-06 2.91e-11  5.49e-01     1s
  17   8.29386687e+08  8.29335278e+08  2.87e-06 2.91e-11  2.58e-01     1s
  18   8.29371344e+08  8.29356281e+08  8.12e-07 1.46e-11  7.57e-02     1s
  19   8.29366637e+08  8.29361114e+08  2.28e-07 1.77e-11  2.78e-02     1s
  20   8.29364721e+08  8.29364164e+08  2.30e-08 2.91e-11  2.80e-03     2s
  21   8.29364468e+08  8.29364351e+08  1.44e-09 2.91e-11  5.89e-04     2s
  22   8.29364445e+08  8.29364438e+08  2.21e-10 2.91e-11  3.78e-05     2s
  23   8.29364444e+08  8.29364444e+08  8.93e-11 2.91e-11  8.13e-07     2s
  24   8.29364444e+08  8.29364444e+08  1.03e-10 2.91e-11  8.13e-10     2s

Barrier solved model in 24 iterations and 1.60 seconds (2.62 work units)
Optimal objective 8.29364444e+08

Crossover log...

    2109 DPushes remaining with DInf 0.0000000e+00                 2s
       0 DPushes remaining with DInf 0.0000000e+00                 2s

    3168 PPushes remaining with PInf 0.0000000e+00                 2s
       0 PPushes remaining with PInf 0.0000000e+00                 2s

  Push phase complete: Pinf 0.0000000e+00, Dinf 4.0813575e-11      2s

Crossover time: 0.03 seconds (0.02 work units)
Iteration    Objective       Primal Inf.    Dual Inf.      Time
    5280    8.2936444e+08   0.000000e+00   0.000000e+00      2s

Solved in 5280 iterations and 2.15 seconds (3.46 work units)
Optimal objective  8.293644440e+08

User-callback calls 149, time in user-callback 0.00 sec
Reading Input_Data Files for PCM mode
No xlsx file found in the directory D:/MIT Dropbox/Shen Wang/MIT/RA/RA_assessment/RAChronoOps/exports/hope_model_cases/RAChronoOps_VRE120_base_perf10mw_s011_ED\Data_RAChronoOps_PCM/, try to read data from .csv files
Reading network
Reading technology
Reading time series
Reading optional gen_availability_timeseries.csv
Reading policies
Reading single parameters
CSV Files Successfully Load From D:/MIT Dropbox/Shen Wang/MIT/RA/RA_assessment/RAChronoOps/exports/hope_model_cases/RAChronoOps_VRE120_base_perf10mw_s011_ED\Data_RAChronoOps_PCM/
Info: PCM will use generator-level AF for 76 generators from gen_availability_timeseries.
Carbon policy constraints are disabled (carbon_policy = 0).


Model mode: PCM

Termination_status= OPTIMAL

Primal_status= FEASIBLE_POINT



Objective_value= 8.293644439506692e8

Operation_cost= 7.984870763128681e8

Load_shedding= 3.0877367637307525e7

RPS_requirement Dict{InlineStrings.String3, Float64}("Z1" => 0.0)

RPSPenalty= 0

CarbonCapPenalty= 0

CarbonCapEmissions= Tuple{InlineStrings.String3, Float64}[("RTS", 0.0)]

Solving time: 13.984999895095825
HOPE model (PCM mode) is successfully solved!
No compatible power-balance duals found for configured network_model=0; skipping power price output.
Generating summary analysis tables in D:/MIT Dropbox/Shen Wang/MIT/RA/RA_assessment/RAChronoOps/exports/hope_model_cases/RAChronoOps_VRE120_base_perf10mw_s011_ED\output_tmp_1779930216\Analysis ...
Warning: Failed to rename temporary output directory into place (attempt 1/5): IOError: rm("D:/MIT Dropbox/Shen Wang/MIT/RA/RA_assessment/RAChronoOps/exports/hope_model_cases/RAChronoOps_VRE120_base_perf10mw_s011_ED\\output_tmp_1779930216\\Analysis"): resource busy or locked (EBUSY)
Retrying in 2 seconds... (close any open CSV/Excel files or pause Dropbox sync)
Warning: Temporary output rename reported a filesystem lock, but 'D:/MIT Dropbox/Shen Wang/MIT/RA/RA_assessment/RAChronoOps/exports/hope_model_cases/RAChronoOps_VRE120_base_perf10mw_s011_ED\output' already contains analysis outputs.
Continuing with 'D:/MIT Dropbox/Shen Wang/MIT/RA/RA_assessment/RAChronoOps/exports/hope_model_cases/RAChronoOps_VRE120_base_perf10mw_s011_ED\output' and leaving 'D:/MIT Dropbox/Shen Wang/MIT/RA/RA_assessment/RAChronoOps/exports/hope_model_cases/RAChronoOps_VRE120_base_perf10mw_s011_ED\output_tmp_1779930216' for later cleanup if needed.
Write solved results in the folder D:/MIT Dropbox/Shen Wang/MIT/RA/RA_assessment/RAChronoOps/exports/hope_model_cases/RAChronoOps_VRE120_base_perf10mw_s011_ED\output DONE!
Set parameter Username
Academic license - for non-commercial use only - expires 2026-12-09
Set parameter OptimalityTol to value 0.0001
Set parameter FeasibilityTol to value 1e-06
Set parameter Presolve to value -1
Set parameter AggFill to value 10
Set parameter PreDual to value -1
Set parameter TimeLimit to value 7200
Set parameter MIPGap to value 0.001
Set parameter Method to value 2
Set parameter BarConvTol to value 1e-08
Set parameter NumericFocus to value 0
Set parameter Crossover to value -1
Set parameter OutputFlag to value 1
Set parameter FeasibilityTol to value 1e-06
Set parameter PreDual to value -1
Set parameter Method to value 2
Set parameter Crossover to value -1
Set parameter TimeLimit to value 7200
Set parameter OutputFlag to value 1
Set parameter NumericFocus to value 0
Set parameter MIPGap to value 0.001
Set parameter OptimalityTol to value 0.0001
Set parameter AggFill to value 10
Set parameter BarConvTol to value 1e-08
Set parameter Presolve to value -1
Gurobi Optimizer version 13.0.0 build v13.0.0rc1 (win64 - Windows 10.0 (19045.2))

CPU model: Intel(R) Core(TM) i9-10900K CPU @ 3.70GHz, instruction set [SSE2|AVX|AVX2]
Thread count: 10 physical cores, 20 logical processors, using up to 20 threads

Non-default parameters:
TimeLimit  7200
MIPGap  0.001
OptimalityTol  0.0001
Method  2
AggFill  10

Optimize a model with 2750496 rows, 718473 columns and 4756386 nonzeros (Min)
Model fingerprint: 0xa8a522f6
Model has 665760 linear objective coefficients
Coefficient statistics:
  Matrix range     [9e-01, 1e+00]
  Objective range  [1e-02, 1e+04]
  Bounds range     [0e+00, 0e+00]
  RHS range        [1e-01, 1e+09]
Presolve removed 2732979 rows and 618839 columns
Presolve time: 1.06s
Presolved: 17517 rows, 99634 columns, 125908 nonzeros

Ordering time: 0.00s

Barrier statistics:
 AA' NZ     : 1.752e+04
 Factor NZ  : 2.539e+05 (roughly 50 MB of memory)
 Factor Ops : 4.760e+06 (less than 1 second per iteration)
 Threads    : 10

                  Objective                Residual
Iter       Primal          Dual         Primal    Dual     Compl     Time
   0   1.68162072e+10 -1.16634607e+11  1.10e+04 1.82e-12  3.81e+06     1s
   1   1.73474724e+09 -5.83268364e+10  5.78e+02 2.91e-11  4.30e+05     1s
   2   9.23046460e+08 -1.41630914e+10  4.30e+01 9.00e-11  7.96e+04     1s
   3   8.44373594e+08  1.24670918e+08  6.68e-02 3.16e-11  3.61e+03     1s
   4   8.30470001e+08  4.87278905e+08  1.33e-02 2.91e-11  1.72e+03     1s
   5   8.20155141e+08  6.82477124e+08  7.17e-03 2.91e-11  6.91e+02     1s
   6   8.08881802e+08  7.46607106e+08  3.02e-03 2.91e-11  3.13e+02     1s
   7   8.00471504e+08  7.70351159e+08  1.46e-03 2.91e-11  1.51e+02     1s
   8   7.94728745e+08  7.80167863e+08  6.37e-04 2.91e-11  7.31e+01     1s
   9   7.92375261e+08  7.84694907e+08  3.44e-04 2.91e-11  3.85e+01     1s
  10   7.90238730e+08  7.87164627e+08  1.17e-04 1.46e-11  1.54e+01     1s
  11   7.89660130e+08  7.88026716e+08  6.29e-05 2.91e-11  8.20e+00     1s
  12   7.89254784e+08  7.88518744e+08  2.64e-05 2.91e-11  3.69e+00     1s
  13   7.89098310e+08  7.88746808e+08  1.34e-05 2.91e-11  1.76e+00     1s
  14   7.88982921e+08  7.88842925e+08  4.15e-06 2.91e-11  7.03e-01     1s
  15   7.88949836e+08  7.88879868e+08  1.75e-06 2.91e-11  3.51e-01     1s
  16   7.88933765e+08  7.88904728e+08  5.95e-07 2.91e-11  1.46e-01     1s
  17   7.88927942e+08  7.88918395e+08  2.06e-07 2.91e-11  4.79e-02     1s
  18   7.88925355e+08  7.88923574e+08  4.52e-08 2.91e-11  8.94e-03     1s
  19   7.88924644e+08  7.88924111e+08  6.98e-09 2.91e-11  2.67e-03     1s
  20   7.88924492e+08  7.88924430e+08  2.08e-10 2.91e-11  3.13e-04     2s
  21   7.88924480e+08  7.88924467e+08  4.73e-10 2.91e-11  6.42e-05     2s
  22   7.88924479e+08  7.88924479e+08  4.97e-10 2.91e-11  6.49e-08     2s
  23   7.88924479e+08  7.88924479e+08  5.11e-10 4.37e-11  2.46e-13     2s

Barrier solved model in 23 iterations and 1.57 seconds (2.60 work units)
Optimal objective 7.88924479e+08

Crossover log...

    2103 DPushes remaining with DInf 0.0000000e+00                 2s
       0 DPushes remaining with DInf 0.0000000e+00                 2s

    3110 PPushes remaining with PInf 0.0000000e+00                 2s
       0 PPushes remaining with PInf 0.0000000e+00                 2s

  Push phase complete: Pinf 0.0000000e+00, Dinf 1.0373924e-11      2s

Crossover time: 0.03 seconds (0.02 work units)
Iteration    Objective       Primal Inf.    Dual Inf.      Time
    5216    7.8892448e+08   0.000000e+00   0.000000e+00      2s

Solved in 5216 iterations and 2.15 seconds (3.44 work units)
Optimal objective  7.889244794e+08

User-callback calls 136, time in user-callback 0.00 sec
Reading Input_Data Files for PCM mode
No xlsx file found in the directory D:/MIT Dropbox/Shen Wang/MIT/RA/RA_assessment/RAChronoOps/exports/hope_model_cases/RAChronoOps_VRE120_base_perf10mw_s012_ED\Data_RAChronoOps_PCM/, try to read data from .csv files
Reading network
Reading technology
Reading time series
Reading optional gen_availability_timeseries.csv
Reading policies
Reading single parameters
CSV Files Successfully Load From D:/MIT Dropbox/Shen Wang/MIT/RA/RA_assessment/RAChronoOps/exports/hope_model_cases/RAChronoOps_VRE120_base_perf10mw_s012_ED\Data_RAChronoOps_PCM/
Info: PCM will use generator-level AF for 76 generators from gen_availability_timeseries.
Carbon policy constraints are disabled (carbon_policy = 0).


Model mode: PCM

Termination_status= OPTIMAL

Primal_status= FEASIBLE_POINT



Objective_value= 7.889244793820752e8

Operation_cost= 7.889244793815435e8

Load_shedding= 0.0

RPS_requirement Dict{InlineStrings.String3, Float64}("Z1" => 0.0)

RPSPenalty= 0

CarbonCapPenalty= 0

CarbonCapEmissions= Tuple{InlineStrings.String3, Float64}[("RTS", 0.0)]

Solving time: 12.172999858856201
HOPE model (PCM mode) is successfully solved!
No compatible power-balance duals found for configured network_model=0; skipping power price output.
Generating summary analysis tables in D:/MIT Dropbox/Shen Wang/MIT/RA/RA_assessment/RAChronoOps/exports/hope_model_cases/RAChronoOps_VRE120_base_perf10mw_s012_ED\output_tmp_1779930330\Analysis ...
Warning: Failed to rename temporary output directory into place (attempt 1/5): IOError: rm("D:/MIT Dropbox/Shen Wang/MIT/RA/RA_assessment/RAChronoOps/exports/hope_model_cases/RAChronoOps_VRE120_base_perf10mw_s012_ED\\output_tmp_1779930330\\Analysis"): resource busy or locked (EBUSY)
Retrying in 2 seconds... (close any open CSV/Excel files or pause Dropbox sync)
Warning: Temporary output rename reported a filesystem lock, but 'D:/MIT Dropbox/Shen Wang/MIT/RA/RA_assessment/RAChronoOps/exports/hope_model_cases/RAChronoOps_VRE120_base_perf10mw_s012_ED\output' already contains analysis outputs.
Continuing with 'D:/MIT Dropbox/Shen Wang/MIT/RA/RA_assessment/RAChronoOps/exports/hope_model_cases/RAChronoOps_VRE120_base_perf10mw_s012_ED\output' and leaving 'D:/MIT Dropbox/Shen Wang/MIT/RA/RA_assessment/RAChronoOps/exports/hope_model_cases/RAChronoOps_VRE120_base_perf10mw_s012_ED\output_tmp_1779930330' for later cleanup if needed.
Write solved results in the folder D:/MIT Dropbox/Shen Wang/MIT/RA/RA_assessment/RAChronoOps/exports/hope_model_cases/RAChronoOps_VRE120_base_perf10mw_s012_ED\output DONE!
Set parameter Username
Academic license - for non-commercial use only - expires 2026-12-09
Set parameter OptimalityTol to value 0.0001
Set parameter FeasibilityTol to value 1e-06
Set parameter Presolve to value -1
Set parameter AggFill to value 10
Set parameter PreDual to value -1
Set parameter TimeLimit to value 7200
Set parameter MIPGap to value 0.001
Set parameter Method to value 2
Set parameter BarConvTol to value 1e-08
Set parameter NumericFocus to value 0
Set parameter Crossover to value -1
Set parameter OutputFlag to value 1
Set parameter FeasibilityTol to value 1e-06
Set parameter PreDual to value -1
Set parameter Method to value 2
Set parameter Crossover to value -1
Set parameter TimeLimit to value 7200
Set parameter OutputFlag to value 1
Set parameter NumericFocus to value 0
Set parameter MIPGap to value 0.001
Set parameter OptimalityTol to value 0.0001
Set parameter AggFill to value 10
Set parameter BarConvTol to value 1e-08
Set parameter Presolve to value -1
Gurobi Optimizer version 13.0.0 build v13.0.0rc1 (win64 - Windows 10.0 (19045.2))

CPU model: Intel(R) Core(TM) i9-10900K CPU @ 3.70GHz, instruction set [SSE2|AVX|AVX2]
Thread count: 10 physical cores, 20 logical processors, using up to 20 threads

Non-default parameters:
TimeLimit  7200
MIPGap  0.001
OptimalityTol  0.0001
Method  2
AggFill  10

Optimize a model with 2750496 rows, 718473 columns and 4756386 nonzeros (Min)
Model fingerprint: 0xa79566ee
Model has 665760 linear objective coefficients
Coefficient statistics:
  Matrix range     [9e-01, 1e+00]
  Objective range  [1e-02, 1e+04]
  Bounds range     [0e+00, 0e+00]
  RHS range        [1e-01, 1e+09]
Presolve removed 2732979 rows and 618838 columns
Presolve time: 1.08s
Presolved: 17517 rows, 99635 columns, 125909 nonzeros

Ordering time: 0.00s

Barrier statistics:
 AA' NZ     : 1.752e+04
 Factor NZ  : 2.539e+05 (roughly 50 MB of memory)
 Factor Ops : 4.760e+06 (less than 1 second per iteration)
 Threads    : 10

                  Objective                Residual
Iter       Primal          Dual         Primal    Dual     Compl     Time
   0   1.85799494e+10 -1.16850455e+11  1.07e+04 1.82e-12  3.82e+06     1s
   1   2.70955051e+09 -5.83552993e+10  1.08e+03 2.91e-11  5.53e+05     1s
   2   1.12512092e+09 -1.95624460e+10  1.38e+02 1.75e-10  1.21e+05     1s
   3   8.68533346e+08 -3.80537779e+08  3.18e+00 6.73e-11  6.31e+03     1s
   4   8.49203571e+08  5.80974620e+08  8.33e-03 2.91e-11  1.35e+03     1s
   5   8.35552018e+08  7.27317856e+08  3.77e-03 4.37e-11  5.43e+02     1s
   6   8.23162057e+08  7.76008907e+08  1.70e-03 2.91e-11  2.37e+02     1s
   7   8.15556637e+08  7.92775856e+08  7.91e-04 2.91e-11  1.14e+02     1s
   8   8.11564795e+08  8.00099608e+08  4.02e-04 2.91e-11  5.75e+01     1s
   9   8.09297305e+08  8.03650770e+08  2.08e-04 2.91e-11  2.83e+01     1s
  10   8.07837609e+08  8.05383234e+08  9.24e-05 1.46e-11  1.23e+01     1s
  11   8.07231185e+08  8.06006397e+08  4.83e-05 2.91e-11  6.15e+00     1s
  12   8.06791467e+08  8.06341996e+08  1.79e-05 1.46e-11  2.26e+00     1s
  13   8.06645824e+08  8.06430796e+08  8.36e-06 1.46e-11  1.08e+00     1s
  14   8.06555769e+08  8.06468209e+08  2.61e-06 2.91e-11  4.39e-01     1s
  15   8.06533553e+08  8.06492013e+08  1.27e-06 2.91e-11  2.08e-01     1s
  16   8.06521649e+08  8.06503004e+08  5.67e-07 2.91e-11  9.36e-02     1s
  17   8.06514938e+08  8.06506813e+08  1.88e-07 2.91e-11  4.08e-02     1s
  18   8.06512168e+08  8.06510901e+08  3.16e-08 2.91e-11  6.36e-03     1s
  19   8.06511636e+08  8.06511290e+08  7.44e-09 1.46e-11  1.74e-03     1s
  20   8.06511470e+08  8.06511444e+08  5.91e-10 2.91e-11  1.30e-04     2s
  21   8.06511460e+08  8.06511458e+08  2.59e-10 2.91e-11  1.06e-05     2s
  22   8.06511460e+08  8.06511460e+08  1.63e-10 2.91e-11  1.06e-08     2s
  23   8.06511460e+08  8.06511460e+08  2.06e-10 2.91e-11  3.00e-13     2s

Barrier solved model in 23 iterations and 1.55 seconds (2.59 work units)
Optimal objective 8.06511460e+08

Crossover log...

    2117 DPushes remaining with DInf 0.0000000e+00                 2s
       0 DPushes remaining with DInf 0.0000000e+00                 2s

    3150 PPushes remaining with PInf 0.0000000e+00                 2s
       0 PPushes remaining with PInf 0.0000000e+00                 2s

  Push phase complete: Pinf 0.0000000e+00, Dinf 1.2150281e-11      2s

Crossover time: 0.04 seconds (0.02 work units)
Iteration    Objective       Primal Inf.    Dual Inf.      Time
    5270    8.0651146e+08   0.000000e+00   0.000000e+00      2s

Solved in 5270 iterations and 2.12 seconds (3.44 work units)
Optimal objective  8.065114597e+08

User-callback calls 133, time in user-callback 0.00 sec
Reading Input_Data Files for PCM mode
No xlsx file found in the directory D:/MIT Dropbox/Shen Wang/MIT/RA/RA_assessment/RAChronoOps/exports/hope_model_cases/RAChronoOps_VRE120_base_perf10mw_s013_ED\Data_RAChronoOps_PCM/, try to read data from .csv files
Reading network
Reading technology
Reading time series
Reading optional gen_availability_timeseries.csv
Reading policies
Reading single parameters
CSV Files Successfully Load From D:/MIT Dropbox/Shen Wang/MIT/RA/RA_assessment/RAChronoOps/exports/hope_model_cases/RAChronoOps_VRE120_base_perf10mw_s013_ED\Data_RAChronoOps_PCM/
Info: PCM will use generator-level AF for 76 generators from gen_availability_timeseries.
Carbon policy constraints are disabled (carbon_policy = 0).


Model mode: PCM

Termination_status= OPTIMAL

Primal_status= FEASIBLE_POINT



Objective_value= 8.065114596881014e8

Operation_cost= 8.065114596875738e8

Load_shedding= 0.0

RPS_requirement Dict{InlineStrings.String3, Float64}("Z1" => 0.0)

RPSPenalty= 0

CarbonCapPenalty= 0

CarbonCapEmissions= Tuple{InlineStrings.String3, Float64}[("RTS", 0.0)]

Solving time: 12.40500020980835
HOPE model (PCM mode) is successfully solved!
No compatible power-balance duals found for configured network_model=0; skipping power price output.
Generating summary analysis tables in D:/MIT Dropbox/Shen Wang/MIT/RA/RA_assessment/RAChronoOps/exports/hope_model_cases/RAChronoOps_VRE120_base_perf10mw_s013_ED\output_tmp_1779930445\Analysis ...
Warning: Failed to rename temporary output directory into place (attempt 1/5): IOError: rm("D:/MIT Dropbox/Shen Wang/MIT/RA/RA_assessment/RAChronoOps/exports/hope_model_cases/RAChronoOps_VRE120_base_perf10mw_s013_ED\\output_tmp_1779930445\\Analysis"): resource busy or locked (EBUSY)
Retrying in 2 seconds... (close any open CSV/Excel files or pause Dropbox sync)
Warning: Temporary output rename reported a filesystem lock, but 'D:/MIT Dropbox/Shen Wang/MIT/RA/RA_assessment/RAChronoOps/exports/hope_model_cases/RAChronoOps_VRE120_base_perf10mw_s013_ED\output' already contains analysis outputs.
Continuing with 'D:/MIT Dropbox/Shen Wang/MIT/RA/RA_assessment/RAChronoOps/exports/hope_model_cases/RAChronoOps_VRE120_base_perf10mw_s013_ED\output' and leaving 'D:/MIT Dropbox/Shen Wang/MIT/RA/RA_assessment/RAChronoOps/exports/hope_model_cases/RAChronoOps_VRE120_base_perf10mw_s013_ED\output_tmp_1779930445' for later cleanup if needed.
Write solved results in the folder D:/MIT Dropbox/Shen Wang/MIT/RA/RA_assessment/RAChronoOps/exports/hope_model_cases/RAChronoOps_VRE120_base_perf10mw_s013_ED\output DONE!
Set parameter Username
Academic license - for non-commercial use only - expires 2026-12-09
Set parameter OptimalityTol to value 0.0001
Set parameter FeasibilityTol to value 1e-06
Set parameter Presolve to value -1
Set parameter AggFill to value 10
Set parameter PreDual to value -1
Set parameter TimeLimit to value 7200
Set parameter MIPGap to value 0.001
Set parameter Method to value 2
Set parameter BarConvTol to value 1e-08
Set parameter NumericFocus to value 0
Set parameter Crossover to value -1
Set parameter OutputFlag to value 1
Set parameter FeasibilityTol to value 1e-06
Set parameter PreDual to value -1
Set parameter Method to value 2
Set parameter Crossover to value -1
Set parameter TimeLimit to value 7200
Set parameter OutputFlag to value 1
Set parameter NumericFocus to value 0
Set parameter MIPGap to value 0.001
Set parameter OptimalityTol to value 0.0001
Set parameter AggFill to value 10
Set parameter BarConvTol to value 1e-08
Set parameter Presolve to value -1
Gurobi Optimizer version 13.0.0 build v13.0.0rc1 (win64 - Windows 10.0 (19045.2))

CPU model: Intel(R) Core(TM) i9-10900K CPU @ 3.70GHz, instruction set [SSE2|AVX|AVX2]
Thread count: 10 physical cores, 20 logical processors, using up to 20 threads

Non-default parameters:
TimeLimit  7200
MIPGap  0.001
OptimalityTol  0.0001
Method  2
AggFill  10

Optimize a model with 2750496 rows, 718473 columns and 4756386 nonzeros (Min)
Model fingerprint: 0xe55ab27b
Model has 665760 linear objective coefficients
Coefficient statistics:
  Matrix range     [9e-01, 1e+00]
  Objective range  [1e-02, 1e+04]
  Bounds range     [0e+00, 0e+00]
  RHS range        [1e-01, 1e+09]
Presolve removed 2732979 rows and 619364 columns
Presolve time: 1.09s
Presolved: 17517 rows, 99109 columns, 125383 nonzeros

Ordering time: 0.00s

Barrier statistics:
 AA' NZ     : 1.752e+04
 Factor NZ  : 2.539e+05 (roughly 50 MB of memory)
 Factor Ops : 4.760e+06 (less than 1 second per iteration)
 Threads    : 10

                  Objective                Residual
Iter       Primal          Dual         Primal    Dual     Compl     Time
   0   1.64413652e+10 -1.16615485e+11  1.10e+04 1.82e-12  3.80e+06     1s
   1   1.75696395e+09 -5.82300479e+10  6.10e+02 2.91e-11  4.38e+05     1s
   2   1.07270058e+09 -1.69782088e+10  1.46e+02 5.82e-11  1.06e+05     1s
   3   9.23989585e+08 -2.65009954e+09  5.15e+01 3.64e-11  1.94e+04     1s
   4   8.48029605e+08  3.56889112e+08  5.69e-01 1.60e-10  2.48e+03     1s
   5   8.34504771e+08  6.22439803e+08  2.29e-01 5.82e-11  1.07e+03     1s
   6   8.25193709e+08  7.33585307e+08  1.32e-01 2.91e-11  4.62e+02     1s
   7   8.11922714e+08  7.76245377e+08  5.42e-02 2.91e-11  1.80e+02     1s
   8   8.05378796e+08  7.85679161e+08  3.02e-02 2.91e-11  9.93e+01     1s
   9   8.01618391e+08  7.89506835e+08  1.83e-02 1.46e-11  6.11e+01     1s
  10   7.98988161e+08  7.92545395e+08  1.07e-02 1.46e-11  3.25e+01     1s
  11   7.97313143e+08  7.93692865e+08  6.13e-03 2.91e-11  1.83e+01     1s
  12   7.96263510e+08  7.94306046e+08  3.37e-03 2.91e-11  9.87e+00     1s
  13   7.95712312e+08  7.94570471e+08  1.97e-03 2.91e-11  5.76e+00     1s
  14   7.95240523e+08  7.94751259e+08  7.77e-04 2.91e-11  2.47e+00     1s
  15   7.95091656e+08  7.94823627e+08  4.19e-04 2.91e-11  1.35e+00     1s
  16   7.94974018e+08  7.94882083e+08  1.40e-04 2.91e-11  4.64e-01     1s
  17   7.94938731e+08  7.94897116e+08  6.01e-05 2.91e-11  2.10e-01     1s
  18   7.94918098e+08  7.94904661e+08  1.43e-05 1.62e-11  6.78e-02     1s
  19   7.94913434e+08  7.94908917e+08  4.37e-06 2.91e-11  2.28e-02     1s
  20   7.94911411e+08  7.94910664e+08  5.19e-07 2.91e-11  3.77e-03     1s
  21   7.94911122e+08  7.94911009e+08  3.59e-08 2.91e-11  5.71e-04     2s
  22   7.94911093e+08  7.94911080e+08  4.62e-10 2.91e-11  6.43e-05     2s
  23   7.94911092e+08  7.94911091e+08  5.05e-10 4.37e-11  1.77e-06     2s
  24   7.94911092e+08  7.94911092e+08  3.55e-10 2.91e-11  1.77e-09     2s

Barrier solved model in 24 iterations and 1.56 seconds (2.62 work units)
Optimal objective 7.94911092e+08

Crossover log...

    2145 DPushes remaining with DInf 0.0000000e+00                 2s
       0 DPushes remaining with DInf 0.0000000e+00                 2s

    2994 PPushes remaining with PInf 0.0000000e+00                 2s
       0 PPushes remaining with PInf 0.0000000e+00                 2s

  Push phase complete: Pinf 0.0000000e+00, Dinf 1.8260948e-11      2s

Crossover time: 0.03 seconds (0.02 work units)
Iteration    Objective       Primal Inf.    Dual Inf.      Time
    5142    7.9491109e+08   0.000000e+00   0.000000e+00      2s

Solved in 5142 iterations and 2.12 seconds (3.46 work units)
Optimal objective  7.949110915e+08

User-callback calls 121, time in user-callback 0.00 sec
Reading Input_Data Files for PCM mode
No xlsx file found in the directory D:/MIT Dropbox/Shen Wang/MIT/RA/RA_assessment/RAChronoOps/exports/hope_model_cases/RAChronoOps_VRE120_base_perf10mw_s014_ED\Data_RAChronoOps_PCM/, try to read data from .csv files
Reading network
Reading technology
Reading time series
Reading optional gen_availability_timeseries.csv
Reading policies
Reading single parameters
CSV Files Successfully Load From D:/MIT Dropbox/Shen Wang/MIT/RA/RA_assessment/RAChronoOps/exports/hope_model_cases/RAChronoOps_VRE120_base_perf10mw_s014_ED\Data_RAChronoOps_PCM/
Info: PCM will use generator-level AF for 76 generators from gen_availability_timeseries.
Carbon policy constraints are disabled (carbon_policy = 0).


Model mode: PCM

Termination_status= OPTIMAL

Primal_status= FEASIBLE_POINT



Objective_value= 7.949110915450428e8

Operation_cost= 7.873133814878621e8

Load_shedding= 7.597710056653735e6

RPS_requirement Dict{InlineStrings.String3, Float64}("Z1" => 0.0)

RPSPenalty= 0

CarbonCapPenalty= 0

CarbonCapEmissions= Tuple{InlineStrings.String3, Float64}[("RTS", 0.0)]

Solving time: 10.747999906539917
HOPE model (PCM mode) is successfully solved!
No compatible power-balance duals found for configured network_model=0; skipping power price output.
Generating summary analysis tables in D:/MIT Dropbox/Shen Wang/MIT/RA/RA_assessment/RAChronoOps/exports/hope_model_cases/RAChronoOps_VRE120_base_perf10mw_s014_ED\output_tmp_1779930560\Analysis ...
Warning: Failed to rename temporary output directory into place (attempt 1/5): IOError: rm("D:/MIT Dropbox/Shen Wang/MIT/RA/RA_assessment/RAChronoOps/exports/hope_model_cases/RAChronoOps_VRE120_base_perf10mw_s014_ED\\output_tmp_1779930560\\Analysis"): resource busy or locked (EBUSY)
Retrying in 2 seconds... (close any open CSV/Excel files or pause Dropbox sync)
Warning: Temporary output rename reported a filesystem lock, but 'D:/MIT Dropbox/Shen Wang/MIT/RA/RA_assessment/RAChronoOps/exports/hope_model_cases/RAChronoOps_VRE120_base_perf10mw_s014_ED\output' already contains analysis outputs.
Continuing with 'D:/MIT Dropbox/Shen Wang/MIT/RA/RA_assessment/RAChronoOps/exports/hope_model_cases/RAChronoOps_VRE120_base_perf10mw_s014_ED\output' and leaving 'D:/MIT Dropbox/Shen Wang/MIT/RA/RA_assessment/RAChronoOps/exports/hope_model_cases/RAChronoOps_VRE120_base_perf10mw_s014_ED\output_tmp_1779930560' for later cleanup if needed.
Write solved results in the folder D:/MIT Dropbox/Shen Wang/MIT/RA/RA_assessment/RAChronoOps/exports/hope_model_cases/RAChronoOps_VRE120_base_perf10mw_s014_ED\output DONE!
Set parameter Username
Academic license - for non-commercial use only - expires 2026-12-09
Set parameter OptimalityTol to value 0.0001
Set parameter FeasibilityTol to value 1e-06
Set parameter Presolve to value -1
Set parameter AggFill to value 10
Set parameter PreDual to value -1
Set parameter TimeLimit to value 7200
Set parameter MIPGap to value 0.001
Set parameter Method to value 2
Set parameter BarConvTol to value 1e-08
Set parameter NumericFocus to value 0
Set parameter Crossover to value -1
Set parameter OutputFlag to value 1
Set parameter FeasibilityTol to value 1e-06
Set parameter PreDual to value -1
Set parameter Method to value 2
Set parameter Crossover to value -1
Set parameter TimeLimit to value 7200
Set parameter OutputFlag to value 1
Set parameter NumericFocus to value 0
Set parameter MIPGap to value 0.001
Set parameter OptimalityTol to value 0.0001
Set parameter AggFill to value 10
Set parameter BarConvTol to value 1e-08
Set parameter Presolve to value -1
Gurobi Optimizer version 13.0.0 build v13.0.0rc1 (win64 - Windows 10.0 (19045.2))

CPU model: Intel(R) Core(TM) i9-10900K CPU @ 3.70GHz, instruction set [SSE2|AVX|AVX2]
Thread count: 10 physical cores, 20 logical processors, using up to 20 threads

Non-default parameters:
TimeLimit  7200
MIPGap  0.001
OptimalityTol  0.0001
Method  2
AggFill  10

Optimize a model with 2750496 rows, 718473 columns and 4756386 nonzeros (Min)
Model fingerprint: 0x37158dd9
Model has 665760 linear objective coefficients
Coefficient statistics:
  Matrix range     [9e-01, 1e+00]
  Objective range  [1e-02, 1e+04]
  Bounds range     [0e+00, 0e+00]
  RHS range        [1e-01, 1e+09]
Presolve removed 2732985 rows and 618914 columns
Presolve time: 1.13s
Presolved: 17511 rows, 99559 columns, 125821 nonzeros

Ordering time: 0.00s

Barrier statistics:
 AA' NZ     : 1.751e+04
 Factor NZ  : 2.538e+05 (roughly 50 MB of memory)
 Factor Ops : 4.757e+06 (less than 1 second per iteration)
 Threads    : 10

                  Objective                Residual
Iter       Primal          Dual         Primal    Dual     Compl     Time
   0   1.72988901e+10 -6.08144627e+11  1.11e+04 2.94e+00  1.97e+07     1s
   1   2.06936999e+09 -3.07230994e+11  6.01e+02 5.82e-11  2.26e+06     1s
   2   1.09093838e+09 -6.80708211e+10  1.26e+01 1.08e-09  3.53e+05     1s
   3   9.67202502e+08 -4.18324798e+09  1.46e+00 1.46e-10  2.59e+04     1s
   4   9.38821925e+08  2.35967818e+08  4.02e-02 2.91e-11  3.53e+03     1s
   5   9.31161951e+08  6.11925911e+08  1.99e-02 2.91e-11  1.60e+03     1s
   6   9.21450341e+08  7.26501461e+08  1.04e-02 4.37e-11  9.79e+02     1s
   7   9.10724845e+08  8.22720553e+08  4.51e-03 2.91e-11  4.42e+02     1s
   8   9.02454163e+08  8.44515975e+08  2.29e-03 2.91e-11  2.91e+02     1s
   9   8.97912567e+08  8.68310469e+08  1.39e-03 2.91e-11  1.49e+02     1s
  10   8.90800800e+08  8.77496008e+08  3.54e-04 2.91e-11  6.68e+01     1s
  11   8.88774365e+08  8.82248111e+08  1.80e-04 2.91e-11  3.28e+01     1s
  12   8.87406191e+08  8.84827551e+08  7.74e-05 1.76e-11  1.30e+01     1s
  13   8.86878205e+08  8.85434382e+08  4.19e-05 2.10e-11  7.25e+00     1s
  14   8.86536165e+08  8.85865764e+08  1.98e-05 2.91e-11  3.37e+00     1s
  15   8.86363891e+08  8.86007269e+08  9.23e-06 2.18e-11  1.79e+00     1s
  16   8.86261673e+08  8.86119855e+08  3.23e-06 2.42e-11  7.12e-01     1s
  17   8.86227883e+08  8.86156973e+08  1.40e-06 2.91e-11  3.56e-01     1s
  18   8.86212721e+08  8.86182862e+08  5.99e-07 1.97e-11  1.50e-01     2s
  19   8.86207506e+08  8.86194242e+08  3.38e-07 2.91e-11  6.66e-02     2s
  20   8.86201981e+08  8.86197596e+08  6.71e-08 2.91e-11  2.20e-02     2s
  21   8.86200800e+08  8.86199742e+08  1.63e-08 2.91e-11  5.32e-03     2s
  22   8.86200417e+08  8.86200342e+08  6.48e-10 2.91e-11  3.77e-04     2s
  23   8.86200392e+08  8.86200377e+08  2.22e-10 2.91e-11  7.52e-05     2s
  24   8.86200385e+08  8.86200385e+08  2.82e-10 2.91e-11  8.64e-07     2s
  25   8.86200385e+08  8.86200385e+08  9.27e-11 2.91e-11  7.94e-11     2s

Barrier solved model in 25 iterations and 1.65 seconds (2.63 work units)
Optimal objective 8.86200385e+08

Crossover log...

    2067 DPushes remaining with DInf 0.0000000e+00                 2s
       0 DPushes remaining with DInf 0.0000000e+00                 2s

    3099 PPushes remaining with PInf 0.0000000e+00                 2s
       0 PPushes remaining with PInf 0.0000000e+00                 2s

  Push phase complete: Pinf 0.0000000e+00, Dinf 6.1518790e-11      2s

Crossover time: 0.02 seconds (0.02 work units)
Iteration    Objective       Primal Inf.    Dual Inf.      Time
    5169    8.8620039e+08   0.000000e+00   0.000000e+00      2s

Solved in 5169 iterations and 2.19 seconds (3.48 work units)
Optimal objective  8.862003851e+08

User-callback calls 121, time in user-callback 0.00 sec
Reading Input_Data Files for PCM mode
No xlsx file found in the directory D:/MIT Dropbox/Shen Wang/MIT/RA/RA_assessment/RAChronoOps/exports/hope_model_cases/RAChronoOps_VRE120_base_perf10mw_s015_ED\Data_RAChronoOps_PCM/, try to read data from .csv files
Reading network
Reading technology
Reading time series
Reading optional gen_availability_timeseries.csv
Reading policies
Reading single parameters
CSV Files Successfully Load From D:/MIT Dropbox/Shen Wang/MIT/RA/RA_assessment/RAChronoOps/exports/hope_model_cases/RAChronoOps_VRE120_base_perf10mw_s015_ED\Data_RAChronoOps_PCM/
Info: PCM will use generator-level AF for 76 generators from gen_availability_timeseries.
Carbon policy constraints are disabled (carbon_policy = 0).


Model mode: PCM

Termination_status= OPTIMAL

Primal_status= FEASIBLE_POINT



Objective_value= 8.862003851140145e8

Operation_cost= 7.909653173268963e8

Load_shedding= 9.523506778661501e7

RPS_requirement Dict{InlineStrings.String3, Float64}("Z1" => 0.0)

RPSPenalty= 0

CarbonCapPenalty= 0

CarbonCapEmissions= Tuple{InlineStrings.String3, Float64}[("RTS", 0.0)]

Solving time: 12.505000114440918
HOPE model (PCM mode) is successfully solved!
No compatible power-balance duals found for configured network_model=0; skipping power price output.
Generating summary analysis tables in D:/MIT Dropbox/Shen Wang/MIT/RA/RA_assessment/RAChronoOps/exports/hope_model_cases/RAChronoOps_VRE120_base_perf10mw_s015_ED\output_tmp_1779930674\Analysis ...
Warning: Failed to rename temporary output directory into place (attempt 1/5): IOError: rm("D:/MIT Dropbox/Shen Wang/MIT/RA/RA_assessment/RAChronoOps/exports/hope_model_cases/RAChronoOps_VRE120_base_perf10mw_s015_ED\\output_tmp_1779930674\\Analysis"): resource busy or locked (EBUSY)
Retrying in 2 seconds... (close any open CSV/Excel files or pause Dropbox sync)
Warning: Temporary output rename reported a filesystem lock, but 'D:/MIT Dropbox/Shen Wang/MIT/RA/RA_assessment/RAChronoOps/exports/hope_model_cases/RAChronoOps_VRE120_base_perf10mw_s015_ED\output' already contains analysis outputs.
Continuing with 'D:/MIT Dropbox/Shen Wang/MIT/RA/RA_assessment/RAChronoOps/exports/hope_model_cases/RAChronoOps_VRE120_base_perf10mw_s015_ED\output' and leaving 'D:/MIT Dropbox/Shen Wang/MIT/RA/RA_assessment/RAChronoOps/exports/hope_model_cases/RAChronoOps_VRE120_base_perf10mw_s015_ED\output_tmp_1779930674' for later cleanup if needed.
Write solved results in the folder D:/MIT Dropbox/Shen Wang/MIT/RA/RA_assessment/RAChronoOps/exports/hope_model_cases/RAChronoOps_VRE120_base_perf10mw_s015_ED\output DONE!
Set parameter Username
Academic license - for non-commercial use only - expires 2026-12-09
Set parameter OptimalityTol to value 0.0001
Set parameter FeasibilityTol to value 1e-06
Set parameter Presolve to value -1
Set parameter AggFill to value 10
Set parameter PreDual to value -1
Set parameter TimeLimit to value 7200
Set parameter MIPGap to value 0.001
Set parameter Method to value 2
Set parameter BarConvTol to value 1e-08
Set parameter NumericFocus to value 0
Set parameter Crossover to value -1
Set parameter OutputFlag to value 1
Set parameter FeasibilityTol to value 1e-06
Set parameter PreDual to value -1
Set parameter Method to value 2
Set parameter Crossover to value -1
Set parameter TimeLimit to value 7200
Set parameter OutputFlag to value 1
Set parameter NumericFocus to value 0
Set parameter MIPGap to value 0.001
Set parameter OptimalityTol to value 0.0001
Set parameter AggFill to value 10
Set parameter BarConvTol to value 1e-08
Set parameter Presolve to value -1
Gurobi Optimizer version 13.0.0 build v13.0.0rc1 (win64 - Windows 10.0 (19045.2))

CPU model: Intel(R) Core(TM) i9-10900K CPU @ 3.70GHz, instruction set [SSE2|AVX|AVX2]
Thread count: 10 physical cores, 20 logical processors, using up to 20 threads

Non-default parameters:
TimeLimit  7200
MIPGap  0.001
OptimalityTol  0.0001
Method  2
AggFill  10

Optimize a model with 2750496 rows, 718473 columns and 4756386 nonzeros (Min)
Model fingerprint: 0x98dc2659
Model has 665760 linear objective coefficients
Coefficient statistics:
  Matrix range     [9e-01, 1e+00]
  Objective range  [1e-02, 1e+04]
  Bounds range     [0e+00, 0e+00]
  RHS range        [1e-01, 1e+09]
Presolve removed 2732981 rows and 618911 columns
Presolve time: 1.09s
Presolved: 17515 rows, 99562 columns, 125832 nonzeros

Ordering time: 0.01s

Barrier statistics:
 AA' NZ     : 1.751e+04
 Factor NZ  : 2.539e+05 (roughly 50 MB of memory)
 Factor Ops : 4.759e+06 (less than 1 second per iteration)
 Threads    : 10

                  Objective                Residual
Iter       Primal          Dual         Primal    Dual     Compl     Time
   0   1.75571368e+10 -5.10807259e+11  1.09e+04 2.01e+00  1.66e+07     1s
   1   1.84023105e+09 -2.58083353e+11  5.29e+02 5.09e-11  1.84e+06     1s
   2   9.13978221e+08 -4.94477129e+10  9.26e+00 1.08e-09  2.56e+05     1s
   3   8.59408851e+08 -2.01776440e+09  6.76e-01 5.48e-11  1.45e+04     1s
   4   8.40064604e+08  2.81238046e+08  1.50e-02 2.91e-11  2.81e+03     1s
   5   8.31907525e+08  5.19974168e+08  7.25e-03 2.91e-11  1.57e+03     1s
   6   8.21476522e+08  6.60411499e+08  2.93e-03 2.91e-11  8.09e+02     1s
   7   8.11485714e+08  7.36473150e+08  1.16e-03 1.46e-11  3.77e+02     1s
   8   8.04092776e+08  7.68921067e+08  5.20e-04 2.91e-11  1.77e+02     1s
   9   7.99255661e+08  7.80222185e+08  2.56e-04 2.91e-11  9.56e+01     1s
  10   7.94247837e+08  7.86790526e+08  4.70e-05 1.46e-11  3.75e+01     1s
  11   7.93204063e+08  7.89303450e+08  2.38e-05 2.91e-11  1.96e+01     1s
  12   7.92301755e+08  7.90665445e+08  5.40e-06 1.46e-11  8.22e+00     1s
  13   7.92136950e+08  7.91268338e+08  2.92e-06 1.46e-11  4.36e+00     1s
  14   7.91969391e+08  7.91603836e+08  5.75e-07 2.91e-11  1.84e+00     1s
  15   7.91933990e+08  7.91760002e+08  2.29e-07 2.91e-11  8.74e-01     1s
  16   7.91913841e+08  7.91859718e+08  5.40e-08 2.91e-11  2.72e-01     1s
  17   7.91909842e+08  7.91890680e+08  2.73e-08 2.91e-11  9.62e-02     1s
  18   7.91906183e+08  7.91898978e+08  5.49e-09 1.46e-11  3.62e-02     1s
  19   7.91905477e+08  7.91903412e+08  1.64e-09 2.91e-11  1.04e-02     2s
  20   7.91905156e+08  7.91904949e+08  1.68e-10 2.91e-11  1.04e-03     2s
  21   7.91905095e+08  7.91905074e+08  2.57e-10 2.91e-11  1.09e-04     2s
  22   7.91905090e+08  7.91905090e+08  4.90e-10 2.91e-11  4.43e-07     2s
  23   7.91905090e+08  7.91905090e+08  1.90e-10 2.91e-11  6.50e-13     2s

Barrier solved model in 23 iterations and 1.58 seconds (2.60 work units)
Optimal objective 7.91905090e+08

Crossover log...

    2112 DPushes remaining with DInf 0.0000000e+00                 2s
       0 DPushes remaining with DInf 0.0000000e+00                 2s

    3022 PPushes remaining with PInf 0.0000000e+00                 2s
       0 PPushes remaining with PInf 0.0000000e+00                 2s

  Push phase complete: Pinf 0.0000000e+00, Dinf 1.0544454e-11      2s

Crossover time: 0.04 seconds (0.02 work units)
Iteration    Objective       Primal Inf.    Dual Inf.      Time
    5137    7.9190509e+08   0.000000e+00   0.000000e+00      2s

Solved in 5137 iterations and 2.19 seconds (3.44 work units)
Optimal objective  7.919050901e+08

User-callback calls 130, time in user-callback 0.00 sec
Reading Input_Data Files for PCM mode
No xlsx file found in the directory D:/MIT Dropbox/Shen Wang/MIT/RA/RA_assessment/RAChronoOps/exports/hope_model_cases/RAChronoOps_VRE120_base_perf10mw_s016_ED\Data_RAChronoOps_PCM/, try to read data from .csv files
Reading network
Reading technology
Reading time series
Reading optional gen_availability_timeseries.csv
Reading policies
Reading single parameters
CSV Files Successfully Load From D:/MIT Dropbox/Shen Wang/MIT/RA/RA_assessment/RAChronoOps/exports/hope_model_cases/RAChronoOps_VRE120_base_perf10mw_s016_ED\Data_RAChronoOps_PCM/
Info: PCM will use generator-level AF for 76 generators from gen_availability_timeseries.
Carbon policy constraints are disabled (carbon_policy = 0).


Model mode: PCM

Termination_status= OPTIMAL

Primal_status= FEASIBLE_POINT



Objective_value= 7.919050901348743e8

Operation_cost= 7.914707992263364e8

Load_shedding= 434290.9079999936

RPS_requirement Dict{InlineStrings.String3, Float64}("Z1" => 0.0)

RPSPenalty= 0

CarbonCapPenalty= 0

CarbonCapEmissions= Tuple{InlineStrings.String3, Float64}[("RTS", 0.0)]

Solving time: 10.669999837875366
HOPE model (PCM mode) is successfully solved!
No compatible power-balance duals found for configured network_model=0; skipping power price output.
Generating summary analysis tables in D:/MIT Dropbox/Shen Wang/MIT/RA/RA_assessment/RAChronoOps/exports/hope_model_cases/RAChronoOps_VRE120_base_perf10mw_s016_ED\output_tmp_1779930789\Analysis ...
Warning: Failed to rename temporary output directory into place (attempt 1/5): IOError: rm("D:/MIT Dropbox/Shen Wang/MIT/RA/RA_assessment/RAChronoOps/exports/hope_model_cases/RAChronoOps_VRE120_base_perf10mw_s016_ED\\output_tmp_1779930789\\Analysis"): resource busy or locked (EBUSY)
Retrying in 2 seconds... (close any open CSV/Excel files or pause Dropbox sync)
Warning: Temporary output rename reported a filesystem lock, but 'D:/MIT Dropbox/Shen Wang/MIT/RA/RA_assessment/RAChronoOps/exports/hope_model_cases/RAChronoOps_VRE120_base_perf10mw_s016_ED\output' already contains analysis outputs.
Continuing with 'D:/MIT Dropbox/Shen Wang/MIT/RA/RA_assessment/RAChronoOps/exports/hope_model_cases/RAChronoOps_VRE120_base_perf10mw_s016_ED\output' and leaving 'D:/MIT Dropbox/Shen Wang/MIT/RA/RA_assessment/RAChronoOps/exports/hope_model_cases/RAChronoOps_VRE120_base_perf10mw_s016_ED\output_tmp_1779930789' for later cleanup if needed.
Write solved results in the folder D:/MIT Dropbox/Shen Wang/MIT/RA/RA_assessment/RAChronoOps/exports/hope_model_cases/RAChronoOps_VRE120_base_perf10mw_s016_ED\output DONE!
Set parameter Username
Academic license - for non-commercial use only - expires 2026-12-09
Set parameter OptimalityTol to value 0.0001
Set parameter FeasibilityTol to value 1e-06
Set parameter Presolve to value -1
Set parameter AggFill to value 10
Set parameter PreDual to value -1
Set parameter TimeLimit to value 7200
Set parameter MIPGap to value 0.001
Set parameter Method to value 2
Set parameter BarConvTol to value 1e-08
Set parameter NumericFocus to value 0
Set parameter Crossover to value -1
Set parameter OutputFlag to value 1
Set parameter FeasibilityTol to value 1e-06
Set parameter PreDual to value -1
Set parameter Method to value 2
Set parameter Crossover to value -1
Set parameter TimeLimit to value 7200
Set parameter OutputFlag to value 1
Set parameter NumericFocus to value 0
Set parameter MIPGap to value 0.001
Set parameter OptimalityTol to value 0.0001
Set parameter AggFill to value 10
Set parameter BarConvTol to value 1e-08
Set parameter Presolve to value -1
Gurobi Optimizer version 13.0.0 build v13.0.0rc1 (win64 - Windows 10.0 (19045.2))

CPU model: Intel(R) Core(TM) i9-10900K CPU @ 3.70GHz, instruction set [SSE2|AVX|AVX2]
Thread count: 10 physical cores, 20 logical processors, using up to 20 threads

Non-default parameters:
TimeLimit  7200
MIPGap  0.001
OptimalityTol  0.0001
Method  2
AggFill  10

Optimize a model with 2750496 rows, 718473 columns and 4756386 nonzeros (Min)
Model fingerprint: 0xa35e2a60
Model has 665760 linear objective coefficients
Coefficient statistics:
  Matrix range     [9e-01, 1e+00]
  Objective range  [1e-02, 1e+04]
  Bounds range     [0e+00, 0e+00]
  RHS range        [1e-01, 1e+09]
Presolve removed 2732979 rows and 619075 columns
Presolve time: 1.12s
Presolved: 17517 rows, 99398 columns, 125672 nonzeros

Ordering time: 0.00s

Barrier statistics:
 AA' NZ     : 1.752e+04
 Factor NZ  : 2.539e+05 (roughly 50 MB of memory)
 Factor Ops : 4.760e+06 (less than 1 second per iteration)
 Threads    : 10

                  Objective                Residual
Iter       Primal          Dual         Primal    Dual     Compl     Time
   0   1.65085266e+10 -1.16642282e+11  1.10e+04 1.82e-12  3.80e+06     1s
   1   1.70138154e+09 -5.82313365e+10  5.69e+02 2.91e-11  4.28e+05     1s
   2   9.05544206e+08 -1.29914230e+10  3.58e+01 8.28e-11  7.30e+04     1s
   3   8.41025560e+08  1.09630288e+08  8.24e-13 2.91e-11  3.68e+03     1s
   4   8.27834008e+08  4.70598556e+08  2.29e-12 4.37e-11  1.80e+03     1s
   5   8.19840867e+08  6.83668877e+08  1.51e-12 5.82e-11  6.85e+02     1s
   6   8.07084629e+08  7.54960797e+08  1.26e-12 2.91e-11  2.62e+02     1s
   7   7.97461585e+08  7.71745314e+08  1.15e-12 2.91e-11  1.29e+02     1s
   8   7.92907665e+08  7.79511495e+08  3.60e-12 1.46e-11  6.74e+01     1s
   9   7.90231568e+08  7.82789405e+08  2.66e-12 1.46e-11  3.74e+01     1s
  10   7.88529360e+08  7.84693887e+08  3.60e-12 2.91e-11  1.93e+01     1s
  11   7.87432983e+08  7.85323942e+08  5.53e-12 2.91e-11  1.06e+01     1s
  12   7.86773958e+08  7.85890019e+08  1.45e-11 2.91e-11  4.45e+00     1s
  13   7.86533632e+08  7.86020728e+08  2.00e-11 1.46e-11  2.58e+00     1s
  14   7.86303401e+08  7.86095274e+08  3.95e-11 1.46e-11  1.05e+00     1s
  15   7.86226570e+08  7.86114060e+08  5.29e-11 2.91e-11  5.66e-01     1s
  16   7.86194081e+08  7.86143351e+08  5.82e-11 2.91e-11  2.55e-01     1s
  17   7.86172496e+08  7.86150496e+08  7.80e-11 2.91e-11  1.11e-01     1s
  18   7.86161140e+08  7.86153116e+08  2.26e-10 2.91e-11  4.04e-02     2s
  19   7.86157688e+08  7.86155265e+08  5.74e-10 2.91e-11  1.22e-02     2s
  20   7.86156323e+08  7.86155858e+08  1.65e-08 2.91e-11  2.34e-03     2s
  21   7.86156116e+08  7.86155970e+08  5.61e-09 2.91e-11  7.33e-04     2s
  22   7.86156017e+08  7.86156001e+08  6.68e-09 2.91e-11  7.95e-05     2s
  23   7.86156006e+08  7.86156004e+08  6.26e-09 2.91e-11  8.84e-06     2s
  24   7.86156006e+08  7.86156006e+08  3.55e-09 2.91e-11  8.86e-09     2s

Barrier solved model in 24 iterations and 1.61 seconds (2.62 work units)
Optimal objective 7.86156006e+08

Crossover log...

    2061 DPushes remaining with DInf 0.0000000e+00                 2s
       0 DPushes remaining with DInf 0.0000000e+00                 2s

    3114 PPushes remaining with PInf 0.0000000e+00                 2s
       0 PPushes remaining with PInf 0.0000000e+00                 2s

  Push phase complete: Pinf 0.0000000e+00, Dinf 1.0018653e-11      2s

Crossover time: 0.03 seconds (0.02 work units)
Iteration    Objective       Primal Inf.    Dual Inf.      Time
    5178    7.8615601e+08   0.000000e+00   0.000000e+00      2s

Solved in 5178 iterations and 2.15 seconds (3.46 work units)
Optimal objective  7.861560056e+08

User-callback calls 133, time in user-callback 0.00 sec
Reading Input_Data Files for PCM mode
No xlsx file found in the directory D:/MIT Dropbox/Shen Wang/MIT/RA/RA_assessment/RAChronoOps/exports/hope_model_cases/RAChronoOps_VRE120_base_perf10mw_s017_ED\Data_RAChronoOps_PCM/, try to read data from .csv files
Reading network
Reading technology
Reading time series
Reading optional gen_availability_timeseries.csv
Reading policies
Reading single parameters
CSV Files Successfully Load From D:/MIT Dropbox/Shen Wang/MIT/RA/RA_assessment/RAChronoOps/exports/hope_model_cases/RAChronoOps_VRE120_base_perf10mw_s017_ED\Data_RAChronoOps_PCM/
Info: PCM will use generator-level AF for 76 generators from gen_availability_timeseries.
Carbon policy constraints are disabled (carbon_policy = 0).


Model mode: PCM

Termination_status= OPTIMAL

Primal_status= FEASIBLE_POINT



Objective_value= 7.861560056417811e8

Operation_cost= 7.86156005641247e8

Load_shedding= 0.0

RPS_requirement Dict{InlineStrings.String3, Float64}("Z1" => 0.0)

RPSPenalty= 0

CarbonCapPenalty= 0

CarbonCapEmissions= Tuple{InlineStrings.String3, Float64}[("RTS", 0.0)]

Solving time: 12.072999954223633
HOPE model (PCM mode) is successfully solved!
No compatible power-balance duals found for configured network_model=0; skipping power price output.
Generating summary analysis tables in D:/MIT Dropbox/Shen Wang/MIT/RA/RA_assessment/RAChronoOps/exports/hope_model_cases/RAChronoOps_VRE120_base_perf10mw_s017_ED\output_tmp_1779930902\Analysis ...
Write solved results in the folder D:/MIT Dropbox/Shen Wang/MIT/RA/RA_assessment/RAChronoOps/exports/hope_model_cases/RAChronoOps_VRE120_base_perf10mw_s017_ED\output DONE!
Set parameter Username
Academic license - for non-commercial use only - expires 2026-12-09
Set parameter OptimalityTol to value 0.0001
Set parameter FeasibilityTol to value 1e-06
Set parameter Presolve to value -1
Set parameter AggFill to value 10
Set parameter PreDual to value -1
Set parameter TimeLimit to value 7200
Set parameter MIPGap to value 0.001
Set parameter Method to value 2
Set parameter BarConvTol to value 1e-08
Set parameter NumericFocus to value 0
Set parameter Crossover to value -1
Set parameter OutputFlag to value 1
Set parameter FeasibilityTol to value 1e-06
Set parameter PreDual to value -1
Set parameter Method to value 2
Set parameter Crossover to value -1
Set parameter TimeLimit to value 7200
Set parameter OutputFlag to value 1
Set parameter NumericFocus to value 0
Set parameter MIPGap to value 0.001
Set parameter OptimalityTol to value 0.0001
Set parameter AggFill to value 10
Set parameter BarConvTol to value 1e-08
Set parameter Presolve to value -1
Gurobi Optimizer version 13.0.0 build v13.0.0rc1 (win64 - Windows 10.0 (19045.2))

CPU model: Intel(R) Core(TM) i9-10900K CPU @ 3.70GHz, instruction set [SSE2|AVX|AVX2]
Thread count: 10 physical cores, 20 logical processors, using up to 20 threads

Non-default parameters:
TimeLimit  7200
MIPGap  0.001
OptimalityTol  0.0001
Method  2
AggFill  10

Optimize a model with 2750496 rows, 718473 columns and 4756386 nonzeros (Min)
Model fingerprint: 0x50406e8f
Model has 665760 linear objective coefficients
Coefficient statistics:
  Matrix range     [9e-01, 1e+00]
  Objective range  [1e-02, 1e+04]
  Bounds range     [0e+00, 0e+00]
  RHS range        [1e-01, 1e+09]
Presolve removed 2732984 rows and 619268 columns
Presolve time: 1.09s
Presolved: 17512 rows, 99205 columns, 125469 nonzeros

Ordering time: 0.00s

Barrier statistics:
 AA' NZ     : 1.751e+04
 Factor NZ  : 2.538e+05 (roughly 50 MB of memory)
 Factor Ops : 4.757e+06 (less than 1 second per iteration)
 Threads    : 10

                  Objective                Residual
Iter       Primal          Dual         Primal    Dual     Compl     Time
   0   1.71618301e+10 -5.28965134e+11  1.06e+04 2.95e+00  1.72e+07     1s
   1   1.89526906e+09 -2.67135840e+11  5.29e+02 5.09e-11  1.92e+06     1s
   2   9.72513957e+08 -6.14105015e+10  1.14e+01 3.64e-10  3.19e+05     1s
   3   8.93422558e+08 -2.88335561e+09  4.04e-01 5.46e-11  1.90e+04     1s
   4   8.73257952e+08  8.54827828e+07  8.90e-03 2.91e-11  3.97e+03     1s
   5   8.64177431e+08  5.61390586e+08  2.60e-03 2.91e-11  1.53e+03     1s
   6   8.52933635e+08  7.36659427e+08  1.02e-03 4.37e-11  5.86e+02     1s
   7   8.41388853e+08  7.96589168e+08  3.85e-04 2.91e-11  2.26e+02     1s
   8   8.33777235e+08  8.11728047e+08  1.77e-04 2.01e-11  1.11e+02     1s
   9   8.28913834e+08  8.18295840e+08  7.83e-05 2.91e-11  5.35e+01     1s
  10   8.25350837e+08  8.20969470e+08  1.74e-05 2.91e-11  2.21e+01     1s
  11   8.24571340e+08  8.22423658e+08  8.07e-06 1.62e-11  1.08e+01     1s
  12   8.24138591e+08  8.23206812e+08  3.22e-06 2.91e-11  4.70e+00     1s
  13   8.23965867e+08  8.23442908e+08  1.54e-06 2.91e-11  2.64e+00     1s
  14   8.23871417e+08  8.23637610e+08  6.73e-07 1.77e-11  1.18e+00     1s
  15   8.23819051e+08  8.23709131e+08  2.34e-07 1.46e-11  5.54e-01     1s
  16   8.23799614e+08  8.23771842e+08  8.01e-08 2.91e-11  1.40e-01     1s
  17   8.23793631e+08  8.23781785e+08  4.17e-08 2.05e-11  5.97e-02     1s
  18   8.23787967e+08  8.23785589e+08  5.22e-09 2.91e-11  1.20e-02     1s
  19   8.23787319e+08  8.23786496e+08  1.33e-09 2.91e-11  4.15e-03     1s
  20   8.23787091e+08  8.23787008e+08  2.84e-10 4.37e-11  4.16e-04     2s
  21   8.23787077e+08  8.23787061e+08  4.16e-10 2.91e-11  8.42e-05     2s
  22   8.23787076e+08  8.23787076e+08  2.75e-10 2.91e-11  8.42e-08     2s
  23   8.23787076e+08  8.23787076e+08  1.69e-10 2.91e-11  1.30e-10     2s

Barrier solved model in 23 iterations and 1.56 seconds (2.60 work units)
Optimal objective 8.23787076e+08

Crossover log...

    2002 DPushes remaining with DInf 0.0000000e+00                 2s
       0 DPushes remaining with DInf 0.0000000e+00                 2s

    3065 PPushes remaining with PInf 0.0000000e+00                 2s
       0 PPushes remaining with PInf 0.0000000e+00                 2s

  Push phase complete: Pinf 0.0000000e+00, Dinf 3.9648285e-11      2s

Crossover time: 0.04 seconds (0.02 work units)
Iteration    Objective       Primal Inf.    Dual Inf.      Time
    5070    8.2378708e+08   0.000000e+00   0.000000e+00      2s

Solved in 5070 iterations and 2.11 seconds (3.44 work units)
Optimal objective  8.237870763e+08

User-callback calls 121, time in user-callback 0.00 sec
Reading Input_Data Files for PCM mode
No xlsx file found in the directory D:/MIT Dropbox/Shen Wang/MIT/RA/RA_assessment/RAChronoOps/exports/hope_model_cases/RAChronoOps_VRE120_base_perf10mw_s018_ED\Data_RAChronoOps_PCM/, try to read data from .csv files
Reading network
Reading technology
Reading time series
Reading optional gen_availability_timeseries.csv
Reading policies
Reading single parameters
CSV Files Successfully Load From D:/MIT Dropbox/Shen Wang/MIT/RA/RA_assessment/RAChronoOps/exports/hope_model_cases/RAChronoOps_VRE120_base_perf10mw_s018_ED\Data_RAChronoOps_PCM/
Info: PCM will use generator-level AF for 76 generators from gen_availability_timeseries.
Carbon policy constraints are disabled (carbon_policy = 0).


Model mode: PCM

Termination_status= OPTIMAL

Primal_status= FEASIBLE_POINT



Objective_value= 8.237870763247117e8

Operation_cost= 7.944296226748801e8

Load_shedding= 2.93574536493075e7

RPS_requirement Dict{InlineStrings.String3, Float64}("Z1" => 0.0)

RPSPenalty= 0

CarbonCapPenalty= 0

CarbonCapEmissions= Tuple{InlineStrings.String3, Float64}[("RTS", 0.0)]

Solving time: 11.295000076293945
HOPE model (PCM mode) is successfully solved!
No compatible power-balance duals found for configured network_model=0; skipping power price output.
Generating summary analysis tables in D:/MIT Dropbox/Shen Wang/MIT/RA/RA_assessment/RAChronoOps/exports/hope_model_cases/RAChronoOps_VRE120_base_perf10mw_s018_ED\output_tmp_1779931012\Analysis ...
Warning: Failed to rename temporary output directory into place (attempt 1/5): IOError: rm("D:/MIT Dropbox/Shen Wang/MIT/RA/RA_assessment/RAChronoOps/exports/hope_model_cases/RAChronoOps_VRE120_base_perf10mw_s018_ED\\output_tmp_1779931012\\Analysis"): resource busy or locked (EBUSY)
Retrying in 2 seconds... (close any open CSV/Excel files or pause Dropbox sync)
Warning: Temporary output rename reported a filesystem lock, but 'D:/MIT Dropbox/Shen Wang/MIT/RA/RA_assessment/RAChronoOps/exports/hope_model_cases/RAChronoOps_VRE120_base_perf10mw_s018_ED\output' already contains analysis outputs.
Continuing with 'D:/MIT Dropbox/Shen Wang/MIT/RA/RA_assessment/RAChronoOps/exports/hope_model_cases/RAChronoOps_VRE120_base_perf10mw_s018_ED\output' and leaving 'D:/MIT Dropbox/Shen Wang/MIT/RA/RA_assessment/RAChronoOps/exports/hope_model_cases/RAChronoOps_VRE120_base_perf10mw_s018_ED\output_tmp_1779931012' for later cleanup if needed.
Write solved results in the folder D:/MIT Dropbox/Shen Wang/MIT/RA/RA_assessment/RAChronoOps/exports/hope_model_cases/RAChronoOps_VRE120_base_perf10mw_s018_ED\output DONE!
Set parameter Username
Academic license - for non-commercial use only - expires 2026-12-09
Set parameter OptimalityTol to value 0.0001
Set parameter FeasibilityTol to value 1e-06
Set parameter Presolve to value -1
Set parameter AggFill to value 10
Set parameter PreDual to value -1
Set parameter TimeLimit to value 7200
Set parameter MIPGap to value 0.001
Set parameter Method to value 2
Set parameter BarConvTol to value 1e-08
Set parameter NumericFocus to value 0
Set parameter Crossover to value -1
Set parameter OutputFlag to value 1
Set parameter FeasibilityTol to value 1e-06
Set parameter PreDual to value -1
Set parameter Method to value 2
Set parameter Crossover to value -1
Set parameter TimeLimit to value 7200
Set parameter OutputFlag to value 1
Set parameter NumericFocus to value 0
Set parameter MIPGap to value 0.001
Set parameter OptimalityTol to value 0.0001
Set parameter AggFill to value 10
Set parameter BarConvTol to value 1e-08
Set parameter Presolve to value -1
Gurobi Optimizer version 13.0.0 build v13.0.0rc1 (win64 - Windows 10.0 (19045.2))

CPU model: Intel(R) Core(TM) i9-10900K CPU @ 3.70GHz, instruction set [SSE2|AVX|AVX2]
Thread count: 10 physical cores, 20 logical processors, using up to 20 threads

Non-default parameters:
TimeLimit  7200
MIPGap  0.001
OptimalityTol  0.0001
Method  2
AggFill  10

Optimize a model with 2750496 rows, 718473 columns and 4756386 nonzeros (Min)
Model fingerprint: 0xb6d1451e
Model has 665760 linear objective coefficients
Coefficient statistics:
  Matrix range     [9e-01, 1e+00]
  Objective range  [1e-02, 1e+04]
  Bounds range     [0e+00, 0e+00]
  RHS range        [1e-01, 1e+09]
Presolve removed 2732979 rows and 618668 columns
Presolve time: 1.12s
Presolved: 17517 rows, 99805 columns, 126079 nonzeros

Ordering time: 0.02s

Barrier statistics:
 AA' NZ     : 1.752e+04
 Factor NZ  : 2.539e+05 (roughly 50 MB of memory)
 Factor Ops : 4.760e+06 (less than 1 second per iteration)
 Threads    : 10

                  Objective                Residual
Iter       Primal          Dual         Primal    Dual     Compl     Time
   0   1.81947277e+10 -1.16826538e+11  1.04e+04 1.82e-12  3.81e+06     1s
   1   2.05574198e+09 -5.83400451e+10  6.90e+02 2.91e-11  4.64e+05     1s
   2   1.04387192e+09 -1.74223887e+10  9.98e+01 1.27e-10  1.04e+05     1s
   3   8.49772753e+08  5.25845323e+07  1.15e-01 1.18e-10  3.99e+03     1s
   4   8.33862369e+08  5.81845413e+08  1.88e-02 3.24e-11  1.26e+03     1s
   5   8.22387490e+08  6.95725535e+08  9.68e-03 2.91e-11  6.35e+02     1s
   6   8.10498808e+08  7.58856533e+08  4.13e-03 2.91e-11  2.59e+02     1s
   7   8.02855342e+08  7.79156667e+08  1.85e-03 2.91e-11  1.19e+02     1s
   8   7.98900251e+08  7.86679072e+08  9.40e-04 1.46e-11  6.12e+01     1s
   9   7.96388578e+08  7.90502876e+08  4.35e-04 1.46e-11  2.95e+01     1s
  10   7.95039577e+08  7.92748441e+08  1.89e-04 1.46e-11  1.15e+01     1s
  11   7.94375980e+08  7.93201858e+08  8.10e-05 1.46e-11  5.88e+00     1s
  12   7.93995318e+08  7.93539178e+08  2.19e-05 2.91e-11  2.29e+00     1s
  13   7.93919099e+08  7.93687523e+08  1.16e-05 1.46e-11  1.16e+00     1s
  14   7.93861952e+08  7.93772921e+08  4.19e-06 2.91e-11  4.46e-01     1s
  15   7.93843920e+08  7.93797338e+08  2.07e-06 1.46e-11  2.33e-01     1s
  16   7.93832866e+08  7.93817736e+08  7.49e-07 2.91e-11  7.58e-02     1s
  17   7.93827019e+08  7.93823399e+08  1.51e-07 2.91e-11  1.81e-02     1s
  18   7.93825538e+08  7.93825136e+08  1.36e-08 2.91e-11  2.02e-03     1s
  19   7.93825382e+08  7.93825307e+08  1.71e-09 2.91e-11  3.73e-04     2s
  20   7.93825357e+08  7.93825355e+08  1.10e-09 2.91e-11  5.68e-06     2s
  21   7.93825356e+08  7.93825356e+08  1.98e-09 2.91e-11  1.17e-08     2s
  22   7.93825356e+08  7.93825356e+08  5.26e-10 2.91e-11  1.17e-11     2s

Barrier solved model in 22 iterations and 1.58 seconds (2.58 work units)
Optimal objective 7.93825356e+08

Crossover log...

    2156 DPushes remaining with DInf 0.0000000e+00                 2s
       0 DPushes remaining with DInf 0.0000000e+00                 2s

    3117 PPushes remaining with PInf 0.0000000e+00                 2s
       0 PPushes remaining with PInf 0.0000000e+00                 2s

  Push phase complete: Pinf 0.0000000e+00, Dinf 1.1311840e-11      2s

Crossover time: 0.03 seconds (0.02 work units)
Iteration    Objective       Primal Inf.    Dual Inf.      Time
    5276    7.9382536e+08   0.000000e+00   0.000000e+00      2s

Solved in 5276 iterations and 2.16 seconds (3.42 work units)
Optimal objective  7.938253557e+08

User-callback calls 116, time in user-callback 0.00 sec
Reading Input_Data Files for PCM mode
No xlsx file found in the directory D:/MIT Dropbox/Shen Wang/MIT/RA/RA_assessment/RAChronoOps/exports/hope_model_cases/RAChronoOps_VRE120_base_perf10mw_s019_ED\Data_RAChronoOps_PCM/, try to read data from .csv files
Reading network
Reading technology
Reading time series
Reading optional gen_availability_timeseries.csv
Reading policies
Reading single parameters
CSV Files Successfully Load From D:/MIT Dropbox/Shen Wang/MIT/RA/RA_assessment/RAChronoOps/exports/hope_model_cases/RAChronoOps_VRE120_base_perf10mw_s019_ED\Data_RAChronoOps_PCM/
Info: PCM will use generator-level AF for 76 generators from gen_availability_timeseries.
Carbon policy constraints are disabled (carbon_policy = 0).


Model mode: PCM

Termination_status= OPTIMAL

Primal_status= FEASIBLE_POINT



Objective_value= 7.938253556903391e8

Operation_cost= 7.938253556898721e8

Load_shedding= 0.0

RPS_requirement Dict{InlineStrings.String3, Float64}("Z1" => 0.0)

RPSPenalty= 0

CarbonCapPenalty= 0

CarbonCapEmissions= Tuple{InlineStrings.String3, Float64}[("RTS", 0.0)]

Solving time: 11.82800006866455
HOPE model (PCM mode) is successfully solved!
No compatible power-balance duals found for configured network_model=0; skipping power price output.
Generating summary analysis tables in D:/MIT Dropbox/Shen Wang/MIT/RA/RA_assessment/RAChronoOps/exports/hope_model_cases/RAChronoOps_VRE120_base_perf10mw_s019_ED\output_tmp_1779931128\Analysis ...
Write solved results in the folder D:/MIT Dropbox/Shen Wang/MIT/RA/RA_assessment/RAChronoOps/exports/hope_model_cases/RAChronoOps_VRE120_base_perf10mw_s019_ED\output DONE!
Set parameter Username
Academic license - for non-commercial use only - expires 2026-12-09
Set parameter OptimalityTol to value 0.0001
Set parameter FeasibilityTol to value 1e-06
Set parameter Presolve to value -1
Set parameter AggFill to value 10
Set parameter PreDual to value -1
Set parameter TimeLimit to value 7200
Set parameter MIPGap to value 0.001
Set parameter Method to value 2
Set parameter BarConvTol to value 1e-08
Set parameter NumericFocus to value 0
Set parameter Crossover to value -1
Set parameter OutputFlag to value 1
Set parameter FeasibilityTol to value 1e-06
Set parameter PreDual to value -1
Set parameter Method to value 2
Set parameter Crossover to value -1
Set parameter TimeLimit to value 7200
Set parameter OutputFlag to value 1
Set parameter NumericFocus to value 0
Set parameter MIPGap to value 0.001
Set parameter OptimalityTol to value 0.0001
Set parameter AggFill to value 10
Set parameter BarConvTol to value 1e-08
Set parameter Presolve to value -1
Gurobi Optimizer version 13.0.0 build v13.0.0rc1 (win64 - Windows 10.0 (19045.2))

CPU model: Intel(R) Core(TM) i9-10900K CPU @ 3.70GHz, instruction set [SSE2|AVX|AVX2]
Thread count: 10 physical cores, 20 logical processors, using up to 20 threads

Non-default parameters:
TimeLimit  7200
MIPGap  0.001
OptimalityTol  0.0001
Method  2
AggFill  10

Optimize a model with 2750496 rows, 718473 columns and 4756386 nonzeros (Min)
Model fingerprint: 0x9e44f561
Model has 665760 linear objective coefficients
Coefficient statistics:
  Matrix range     [9e-01, 1e+00]
  Objective range  [1e-02, 1e+04]
  Bounds range     [0e+00, 0e+00]
  RHS range        [1e-01, 1e+09]
Presolve removed 2732979 rows and 619066 columns
Presolve time: 1.12s
Presolved: 17517 rows, 99407 columns, 125681 nonzeros

Ordering time: 0.01s

Barrier statistics:
 AA' NZ     : 1.752e+04
 Factor NZ  : 2.539e+05 (roughly 50 MB of memory)
 Factor Ops : 4.760e+06 (less than 1 second per iteration)
 Threads    : 10

                  Objective                Residual
Iter       Primal          Dual         Primal    Dual     Compl     Time
   0   1.87497738e+10 -1.16870908e+11  1.10e+04 1.82e-12  3.82e+06     1s
   1   2.75849426e+09 -5.83363661e+10  1.13e+03 2.91e-11  5.58e+05     1s
   2   1.12383468e+09 -1.97717958e+10  1.39e+02 2.51e-10  1.23e+05     1s
   3   8.64194551e+08 -3.83365254e+08  2.62e+00 2.11e-10  6.31e+03     1s
   4   8.46616365e+08  5.56751257e+08  4.70e-03 4.35e-11  1.46e+03     1s
   5   8.35472676e+08  6.68807200e+08  2.51e-03 2.46e-11  8.38e+02     1s
   6   8.22843490e+08  7.56300316e+08  1.08e-03 2.91e-11  3.35e+02     1s
   7   8.14793533e+08  7.84485525e+08  5.02e-04 2.91e-11  1.52e+02     1s
   8   8.09734966e+08  7.95098061e+08  2.35e-04 1.46e-11  7.36e+01     1s
   9   8.07053890e+08  8.00005282e+08  1.18e-04 2.91e-11  3.55e+01     1s
  10   8.05279132e+08  8.02441895e+08  4.83e-05 2.91e-11  1.43e+01     1s
  11   8.04685585e+08  8.03144997e+08  2.78e-05 1.46e-11  7.75e+00     1s
  12   8.04184476e+08  8.03557898e+08  1.11e-05 1.46e-11  3.15e+00     1s
  13   8.04008942e+08  8.03671904e+08  5.60e-06 1.46e-11  1.70e+00     1s
  14   8.03885795e+08  8.03759411e+08  1.92e-06 2.91e-11  6.36e-01     1s
  15   8.03855517e+08  8.03786332e+08  1.04e-06 2.91e-11  3.48e-01     1s
  16   8.03825544e+08  8.03808605e+08  2.15e-07 2.91e-11  8.52e-02     1s
  17   8.03819211e+08  8.03814497e+08  5.59e-08 2.91e-11  2.37e-02     1s
  18   8.03817292e+08  8.03816448e+08  3.70e-08 2.91e-11  4.24e-03     2s
  19   8.03816884e+08  8.03816671e+08  6.80e-09 2.91e-11  1.07e-03     2s
  20   8.03816787e+08  8.03816777e+08  3.57e-09 2.91e-11  4.93e-05     2s
  21   8.03816778e+08  8.03816778e+08  1.08e-09 2.91e-11  2.88e-06     2s
  22   8.03816778e+08  8.03816778e+08  2.04e-09 2.91e-11  2.88e-09     2s

Barrier solved model in 22 iterations and 1.59 seconds (2.58 work units)
Optimal objective 8.03816778e+08

Crossover log...

    2208 DPushes remaining with DInf 0.0000000e+00                 2s
       0 DPushes remaining with DInf 0.0000000e+00                 2s

    3092 PPushes remaining with PInf 0.0000000e+00                 2s
       0 PPushes remaining with PInf 0.0000000e+00                 2s

  Push phase complete: Pinf 0.0000000e+00, Dinf 1.1979751e-11      2s

Crossover time: 0.03 seconds (0.02 work units)
Iteration    Objective       Primal Inf.    Dual Inf.      Time
    5303    8.0381678e+08   0.000000e+00   0.000000e+00      2s

Solved in 5303 iterations and 2.20 seconds (3.42 work units)
Optimal objective  8.038167780e+08

User-callback calls 123, time in user-callback 0.00 sec
Reading Input_Data Files for PCM mode
No xlsx file found in the directory D:/MIT Dropbox/Shen Wang/MIT/RA/RA_assessment/RAChronoOps/exports/hope_model_cases/RAChronoOps_VRE120_base_perf10mw_s020_ED\Data_RAChronoOps_PCM/, try to read data from .csv files
Reading network
Reading technology
Reading time series
Reading optional gen_availability_timeseries.csv
Reading policies
Reading single parameters
CSV Files Successfully Load From D:/MIT Dropbox/Shen Wang/MIT/RA/RA_assessment/RAChronoOps/exports/hope_model_cases/RAChronoOps_VRE120_base_perf10mw_s020_ED\Data_RAChronoOps_PCM/
Info: PCM will use generator-level AF for 76 generators from gen_availability_timeseries.
Carbon policy constraints are disabled (carbon_policy = 0).


Model mode: PCM

Termination_status= OPTIMAL

Primal_status= FEASIBLE_POINT



Objective_value= 8.038167780477306e8

Operation_cost= 8.038167780471874e8

Load_shedding= 0.0

RPS_requirement Dict{InlineStrings.String3, Float64}("Z1" => 0.0)

RPSPenalty= 0

CarbonCapPenalty= 0

CarbonCapEmissions= Tuple{InlineStrings.String3, Float64}[("RTS", 0.0)]

Solving time: 12.466000080108643
HOPE model (PCM mode) is successfully solved!
No compatible power-balance duals found for configured network_model=0; skipping power price output.
Generating summary analysis tables in D:/MIT Dropbox/Shen Wang/MIT/RA/RA_assessment/RAChronoOps/exports/hope_model_cases/RAChronoOps_VRE120_base_perf10mw_s020_ED\output_tmp_1779931240\Analysis ...
Warning: Failed to rename temporary output directory into place (attempt 1/5): IOError: rm("D:/MIT Dropbox/Shen Wang/MIT/RA/RA_assessment/RAChronoOps/exports/hope_model_cases/RAChronoOps_VRE120_base_perf10mw_s020_ED\\output_tmp_1779931240\\Analysis"): resource busy or locked (EBUSY)
Retrying in 2 seconds... (close any open CSV/Excel files or pause Dropbox sync)
Warning: Temporary output rename reported a filesystem lock, but 'D:/MIT Dropbox/Shen Wang/MIT/RA/RA_assessment/RAChronoOps/exports/hope_model_cases/RAChronoOps_VRE120_base_perf10mw_s020_ED\output' already contains analysis outputs.
Continuing with 'D:/MIT Dropbox/Shen Wang/MIT/RA/RA_assessment/RAChronoOps/exports/hope_model_cases/RAChronoOps_VRE120_base_perf10mw_s020_ED\output' and leaving 'D:/MIT Dropbox/Shen Wang/MIT/RA/RA_assessment/RAChronoOps/exports/hope_model_cases/RAChronoOps_VRE120_base_perf10mw_s020_ED\output_tmp_1779931240' for later cleanup if needed.
Write solved results in the folder D:/MIT Dropbox/Shen Wang/MIT/RA/RA_assessment/RAChronoOps/exports/hope_model_cases/RAChronoOps_VRE120_base_perf10mw_s020_ED\output DONE!
Set parameter Username
Academic license - for non-commercial use only - expires 2026-12-09
Set parameter Username
Academic license - for non-commercial use only - expires 2026-12-09
Set parameter Username
Academic license - for non-commercial use only - expires 2026-12-09
Set parameter Username
Academic license - for non-commercial use only - expires 2026-12-09
Set parameter Username
Academic license - for non-commercial use only - expires 2026-12-09
Set parameter Username
Academic license - for non-commercial use only - expires 2026-12-09
Set parameter Username
Academic license - for non-commercial use only - expires 2026-12-09
Set parameter Username
Academic license - for non-commercial use only - expires 2026-12-09
Set parameter Username
Academic license - for non-commercial use only - expires 2026-12-09
Set parameter Username
Academic license - for non-commercial use only - expires 2026-12-09
Set parameter Username
Academic license - for non-commercial use only - expires 2026-12-09
Set parameter Username
Academic license - for non-commercial use only - expires 2026-12-09
Set parameter Username
Academic license - for non-commercial use only - expires 2026-12-09
Set parameter Username
Academic license - for non-commercial use only - expires 2026-12-09
Set parameter Username
Academic license - for non-commercial use only - expires 2026-12-09
Set parameter Username
Academic license - for non-commercial use only - expires 2026-12-09
Set parameter Username
Academic license - for non-commercial use only - expires 2026-12-09
Set parameter Username
Academic license - for non-commercial use only - expires 2026-12-09
Set parameter Username
Academic license - for non-commercial use only - expires 2026-12-09
Set parameter Username
Academic license - for non-commercial use only - expires 2026-12-09
Set parameter Username
Academic license - for non-commercial use only - expires 2026-12-09
Set parameter Username
Academic license - for non-commercial use only - expires 2026-12-09
Set parameter Username
Academic license - for non-commercial use only - expires 2026-12-09
Set parameter Username
Academic license - for non-commercial use only - expires 2026-12-09
Set parameter Username
Academic license - for non-commercial use only - expires 2026-12-09
Set parameter Username
Academic license - for non-commercial use only - expires 2026-12-09
Set parameter Username
Academic license - for non-commercial use only - expires 2026-12-09
Set parameter Username
Academic license - for non-commercial use only - expires 2026-12-09
Set parameter Username
Academic license - for non-commercial use only - expires 2026-12-09
Set parameter Username
Academic license - for non-commercial use only - expires 2026-12-09
Set parameter Username
Academic license - for non-commercial use only - expires 2026-12-09
Set parameter Username
Academic license - for non-commercial use only - expires 2026-12-09
Set parameter Username
Academic license - for non-commercial use only - expires 2026-12-09
Set parameter Username
Academic license - for non-commercial use only - expires 2026-12-09
Set parameter Username
Academic license - for non-commercial use only - expires 2026-12-09
Set parameter Username
Academic license - for non-commercial use only - expires 2026-12-09
Set parameter OptimalityTol to value 0.0001
Set parameter FeasibilityTol to value 1e-06
Set parameter Presolve to value -1
Set parameter AggFill to value 10
Set parameter PreDual to value -1
Set parameter TimeLimit to value 7200
Set parameter MIPGap to value 0.001
Set parameter Method to value 2
Set parameter BarConvTol to value 1e-08
Set parameter NumericFocus to value 0
Set parameter Crossover to value -1
Set parameter OutputFlag to value 1
Set parameter FeasibilityTol to value 1e-06
Set parameter PreDual to value -1
Set parameter Method to value 2
Set parameter Crossover to value -1
Set parameter TimeLimit to value 7200
Set parameter OutputFlag to value 1
Set parameter NumericFocus to value 0
Set parameter MIPGap to value 0.001
Set parameter OptimalityTol to value 0.0001
Set parameter AggFill to value 10
Set parameter BarConvTol to value 1e-08
Set parameter Presolve to value -1
Gurobi Optimizer version 13.0.0 build v13.0.0rc1 (win64 - Windows 10.0 (19045.2))

CPU model: Intel(R) Core(TM) i9-10900K CPU @ 3.70GHz, instruction set [SSE2|AVX|AVX2]
Thread count: 10 physical cores, 20 logical processors, using up to 20 threads

Non-default parameters:
TimeLimit  7200
MIPGap  0.001
OptimalityTol  0.0001
Method  2
AggFill  10

Optimize a model with 2750496 rows, 718473 columns and 4756386 nonzeros (Min)
Model fingerprint: 0x9e3f32df
Model has 665760 linear objective coefficients
Coefficient statistics:
  Matrix range     [9e-01, 1e+00]
  Objective range  [1e-02, 1e+04]
  Bounds range     [0e+00, 0e+00]
  RHS range        [1e-01, 1e+09]
Presolve removed 2734602 rows and 635677 columns
Presolve time: 1.10s
Presolved: 15894 rows, 82796 columns, 105826 nonzeros

Ordering time: 0.01s

Barrier statistics:
 AA' NZ     : 1.589e+04
 Factor NZ  : 2.042e+05 (roughly 40 MB of memory)
 Factor Ops : 3.246e+06 (less than 1 second per iteration)
 Threads    : 10

                  Objective                Residual
Iter       Primal          Dual         Primal    Dual     Compl     Time
   0   2.53161043e+10 -1.16788644e+11  1.15e+04 1.82e-12  7.58e+06     1s
   1   2.99031259e+09 -7.50588901e+10  1.08e+03 2.91e-11  1.01e+06     1s
   2   1.03509530e+09 -2.49144916e+10  1.84e+02 1.09e-10  2.12e+05     1s
   3   7.00443505e+08 -3.81492149e+09  4.24e+01 1.24e-10  3.11e+04     1s
   4   6.58499015e+08 -9.10035921e+08  2.57e+01 5.82e-11  1.03e+04     1s
   5   6.02254597e+08  1.43727936e+08  5.89e+00 2.04e-10  2.81e+03     1s
   6   5.81869833e+08  4.18281263e+08  3.24e+00 3.06e-10  9.89e+02     1s
   7   5.66063452e+08  4.96543387e+08  1.66e+00 4.22e-10  4.17e+02     1s
   8   5.54990520e+08  5.23041248e+08  7.95e-01 3.06e-10  1.91e+02     1s
   9   5.49594972e+08  5.33278793e+08  4.36e-01 1.46e-10  9.75e+01     1s
  10   5.45361021e+08  5.37289620e+08  1.85e-01 3.06e-10  4.83e+01     1s
  11   5.44037553e+08  5.39585834e+08  1.15e-01 2.33e-10  2.66e+01     1s
  12   5.42768500e+08  5.40848849e+08  5.17e-02 3.20e-10  1.15e+01     1s
  13   5.42218155e+08  5.41289244e+08  2.61e-02 1.60e-10  5.54e+00     1s
  14   5.41891505e+08  5.41511500e+08  1.15e-02 1.89e-10  2.26e+00     1s
  15   5.41745200e+08  5.41555876e+08  5.29e-03 3.78e-10  1.13e+00     1s
  16   5.41642693e+08  5.41594282e+08  9.81e-04 2.62e-10  2.90e-01     1s
  17   5.41626673e+08  5.41606807e+08  3.52e-04 3.49e-10  1.19e-01     1s
  18   5.41619358e+08  5.41615587e+08  8.29e-05 3.49e-10  2.26e-02     1s
  19   5.41617567e+08  5.41616423e+08  2.19e-05 3.64e-10  6.85e-03     1s
  20   5.41616973e+08  5.41616805e+08  3.07e-06 2.04e-10  1.01e-03     1s
  21   5.41616881e+08  5.41616846e+08  4.94e-07 1.46e-10  2.11e-04     1s
  22   5.41616861e+08  5.41616861e+08  4.44e-09 2.47e-10  1.27e-06     1s
  23   5.41616861e+08  5.41616861e+08  5.53e-10 2.91e-11  2.26e-11     1s

Barrier solved model in 23 iterations and 1.40 seconds (2.46 work units)
Optimal objective 5.41616861e+08

Crossover log...

    2101 DPushes remaining with DInf 0.0000000e+00                 1s
       0 DPushes remaining with DInf 0.0000000e+00                 1s

    4280 PPushes remaining with PInf 0.0000000e+00                 1s
       0 PPushes remaining with PInf 0.0000000e+00                 1s

  Push phase complete: Pinf 0.0000000e+00, Dinf 2.0946800e-11      1s

Crossover time: 0.03 seconds (0.02 work units)
Iteration    Objective       Primal Inf.    Dual Inf.      Time
    6384    5.4161686e+08   0.000000e+00   0.000000e+00      2s

Solved in 6384 iterations and 1.96 seconds (3.28 work units)
Optimal objective  5.416168613e+08

User-callback calls 117, time in user-callback 0.00 sec
Reading Input_Data Files for PCM mode
No xlsx file found in the directory D:/MIT Dropbox/Shen Wang/MIT/RA/RA_assessment/RAChronoOps/exports/hope_model_cases/RAChronoOps_VRE120_wind_hvy_perf1mw_s001_ED\Data_RAChronoOps_PCM/, try to read data from .csv files
Reading network
Reading technology
Reading time series
Reading optional gen_availability_timeseries.csv
Reading policies
Reading single parameters
CSV Files Successfully Load From D:/MIT Dropbox/Shen Wang/MIT/RA/RA_assessment/RAChronoOps/exports/hope_model_cases/RAChronoOps_VRE120_wind_hvy_perf1mw_s001_ED\Data_RAChronoOps_PCM/
Info: PCM will use generator-level AF for 76 generators from gen_availability_timeseries.
Carbon policy constraints are disabled (carbon_policy = 0).


Model mode: PCM

Termination_status= OPTIMAL

Primal_status= FEASIBLE_POINT



Objective_value= 5.416168612647539e8

Operation_cost= 5.3654545771619284e8

Load_shedding= 5.0714035486537535e6

RPS_requirement Dict{InlineStrings.String3, Float64}("Z1" => 0.0)

RPSPenalty= 0

CarbonCapPenalty= 0

CarbonCapEmissions= Tuple{InlineStrings.String3, Float64}[("RTS", 0.0)]

Solving time: 10.638999938964844
HOPE model (PCM mode) is successfully solved!
No compatible power-balance duals found for configured network_model=0; skipping power price output.
Generating summary analysis tables in D:/MIT Dropbox/Shen Wang/MIT/RA/RA_assessment/RAChronoOps/exports/hope_model_cases/RAChronoOps_VRE120_wind_hvy_perf1mw_s001_ED\output_tmp_1779931708\Analysis ...
Warning: Failed to rename temporary output directory into place (attempt 1/5): IOError: rm("D:/MIT Dropbox/Shen Wang/MIT/RA/RA_assessment/RAChronoOps/exports/hope_model_cases/RAChronoOps_VRE120_wind_hvy_perf1mw_s001_ED\\output_tmp_1779931708\\Analysis"): resource busy or locked (EBUSY)
Retrying in 2 seconds... (close any open CSV/Excel files or pause Dropbox sync)
Warning: Temporary output rename reported a filesystem lock, but 'D:/MIT Dropbox/Shen Wang/MIT/RA/RA_assessment/RAChronoOps/exports/hope_model_cases/RAChronoOps_VRE120_wind_hvy_perf1mw_s001_ED\output' already contains analysis outputs.
Continuing with 'D:/MIT Dropbox/Shen Wang/MIT/RA/RA_assessment/RAChronoOps/exports/hope_model_cases/RAChronoOps_VRE120_wind_hvy_perf1mw_s001_ED\output' and leaving 'D:/MIT Dropbox/Shen Wang/MIT/RA/RA_assessment/RAChronoOps/exports/hope_model_cases/RAChronoOps_VRE120_wind_hvy_perf1mw_s001_ED\output_tmp_1779931708' for later cleanup if needed.
Write solved results in the folder D:/MIT Dropbox/Shen Wang/MIT/RA/RA_assessment/RAChronoOps/exports/hope_model_cases/RAChronoOps_VRE120_wind_hvy_perf1mw_s001_ED\output DONE!
Set parameter Username
Academic license - for non-commercial use only - expires 2026-12-09
Set parameter OptimalityTol to value 0.0001
Set parameter FeasibilityTol to value 1e-06
Set parameter Presolve to value -1
Set parameter AggFill to value 10
Set parameter PreDual to value -1
Set parameter TimeLimit to value 7200
Set parameter MIPGap to value 0.001
Set parameter Method to value 2
Set parameter BarConvTol to value 1e-08
Set parameter NumericFocus to value 0
Set parameter Crossover to value -1
Set parameter OutputFlag to value 1
Set parameter FeasibilityTol to value 1e-06
Set parameter PreDual to value -1
Set parameter Method to value 2
Set parameter Crossover to value -1
Set parameter TimeLimit to value 7200
Set parameter OutputFlag to value 1
Set parameter NumericFocus to value 0
Set parameter MIPGap to value 0.001
Set parameter OptimalityTol to value 0.0001
Set parameter AggFill to value 10
Set parameter BarConvTol to value 1e-08
Set parameter Presolve to value -1
Gurobi Optimizer version 13.0.0 build v13.0.0rc1 (win64 - Windows 10.0 (19045.2))

CPU model: Intel(R) Core(TM) i9-10900K CPU @ 3.70GHz, instruction set [SSE2|AVX|AVX2]
Thread count: 10 physical cores, 20 logical processors, using up to 20 threads

Non-default parameters:
TimeLimit  7200
MIPGap  0.001
OptimalityTol  0.0001
Method  2
AggFill  10

Optimize a model with 2750496 rows, 718473 columns and 4756386 nonzeros (Min)
Model fingerprint: 0xcb0bdf46
Model has 665760 linear objective coefficients
Coefficient statistics:
  Matrix range     [9e-01, 1e+00]
  Objective range  [1e-02, 1e+04]
  Bounds range     [0e+00, 0e+00]
  RHS range        [1e-01, 1e+09]
Presolve removed 2734602 rows and 635140 columns
Presolve time: 1.06s
Presolved: 15894 rows, 83333 columns, 106363 nonzeros

Ordering time: 0.00s

Barrier statistics:
 AA' NZ     : 1.589e+04
 Factor NZ  : 2.040e+05 (roughly 40 MB of memory)
 Factor Ops : 3.324e+06 (less than 1 second per iteration)
 Threads    : 10

                  Objective                Residual
Iter       Primal          Dual         Primal    Dual     Compl     Time
   0   2.83964094e+10 -1.17026459e+11  1.09e+04 1.82e-12  7.62e+06     1s
   1   2.70994657e+09 -7.52057001e+10  7.95e+02 2.91e-11  8.88e+05     1s
   2   1.06969160e+09 -2.50020667e+10  1.63e+02 3.27e-11  2.08e+05     1s
   3   7.13617698e+08 -3.32537486e+09  3.63e+01 7.64e-11  2.72e+04     1s
   4   6.65856020e+08 -8.25971862e+08  2.04e+01 1.31e-10  9.58e+03     1s
   5   6.21427493e+08  1.28806827e+08  7.67e+00 5.53e-10  3.01e+03     1s
   6   5.97705143e+08  2.20033793e+08  3.89e+00 5.97e-10  2.29e+03     1s
   7   5.83745603e+08  4.16505581e+08  2.21e+00 3.20e-10  1.00e+03     1s
   8   5.69914360e+08  5.04174023e+08  1.05e+00 1.48e-09  3.92e+02     1s
   9   5.59610044e+08  5.31064163e+08  4.86e-01 7.13e-10  1.70e+02     1s
  10   5.53901731e+08  5.42738275e+08  1.99e-01 5.38e-10  6.64e+01     1s
  11   5.51581129e+08  5.46246298e+08  9.99e-02 5.82e-10  3.17e+01     1s
  12   5.50047657e+08  5.47795732e+08  4.21e-02 7.13e-10  1.34e+01     1s
  13   5.49458977e+08  5.48288931e+08  2.16e-02 5.82e-10  6.96e+00     1s
  14   5.49057849e+08  5.48645714e+08  8.12e-03 4.37e-10  2.45e+00     1s
  15   5.48941656e+08  5.48728772e+08  4.47e-03 1.46e-10  1.26e+00     1s
  16   5.48821907e+08  5.48767548e+08  7.98e-04 3.06e-10  3.24e-01     1s
  17   5.48804976e+08  5.48782999e+08  3.16e-04 6.55e-10  1.31e-01     1s
  18   5.48797264e+08  5.48791294e+08  1.03e-04 7.13e-10  3.55e-02     1s
  19   5.48794380e+08  5.48792542e+08  2.65e-05 2.33e-10  1.09e-02     1s
  20   5.48793439e+08  5.48793226e+08  2.94e-06 4.51e-10  1.28e-03     1s
  21   5.48793339e+08  5.48793275e+08  8.15e-07 3.64e-10  3.84e-04     1s
  22   5.48793297e+08  5.48793296e+08  2.56e-09 4.07e-10  8.59e-06     1s
  23   5.48793297e+08  5.48793297e+08  1.38e-09 2.91e-11  4.16e-09     1s

Barrier solved model in 23 iterations and 1.48 seconds (2.46 work units)
Optimal objective 5.48793297e+08

Crossover log...

    2079 DPushes remaining with DInf 0.0000000e+00                 1s
       0 DPushes remaining with DInf 0.0000000e+00                 1s

    4315 PPushes remaining with PInf 0.0000000e+00                 2s
       0 PPushes remaining with PInf 0.0000000e+00                 2s

  Push phase complete: Pinf 0.0000000e+00, Dinf 2.2225777e-11      2s

Crossover time: 0.03 seconds (0.02 work units)
Iteration    Objective       Primal Inf.    Dual Inf.      Time
    6397    5.4879330e+08   0.000000e+00   0.000000e+00      2s

Solved in 6397 iterations and 2.07 seconds (3.28 work units)
Optimal objective  5.487932967e+08

User-callback calls 164, time in user-callback 0.00 sec
Reading Input_Data Files for PCM mode
No xlsx file found in the directory D:/MIT Dropbox/Shen Wang/MIT/RA/RA_assessment/RAChronoOps/exports/hope_model_cases/RAChronoOps_VRE120_wind_hvy_perf1mw_s002_ED\Data_RAChronoOps_PCM/, try to read data from .csv files
Reading network
Reading technology
Reading time series
Reading optional gen_availability_timeseries.csv
Reading policies
Reading single parameters
CSV Files Successfully Load From D:/MIT Dropbox/Shen Wang/MIT/RA/RA_assessment/RAChronoOps/exports/hope_model_cases/RAChronoOps_VRE120_wind_hvy_perf1mw_s002_ED\Data_RAChronoOps_PCM/
Info: PCM will use generator-level AF for 76 generators from gen_availability_timeseries.
Carbon policy constraints are disabled (carbon_policy = 0).


Model mode: PCM

Termination_status= OPTIMAL

Primal_status= FEASIBLE_POINT



Objective_value= 5.487932966952081e8

Operation_cost= 5.434918931466832e8

Load_shedding= 5.301403548653743e6

RPS_requirement Dict{InlineStrings.String3, Float64}("Z1" => 0.0)

RPSPenalty= 0

CarbonCapPenalty= 0

CarbonCapEmissions= Tuple{InlineStrings.String3, Float64}[("RTS", 0.0)]

Solving time: 12.216000080108643
HOPE model (PCM mode) is successfully solved!
No compatible power-balance duals found for configured network_model=0; skipping power price output.
Generating summary analysis tables in D:/MIT Dropbox/Shen Wang/MIT/RA/RA_assessment/RAChronoOps/exports/hope_model_cases/RAChronoOps_VRE120_wind_hvy_perf1mw_s002_ED\output_tmp_1779931823\Analysis ...
Warning: Failed to rename temporary output directory into place (attempt 1/5): IOError: rm("D:/MIT Dropbox/Shen Wang/MIT/RA/RA_assessment/RAChronoOps/exports/hope_model_cases/RAChronoOps_VRE120_wind_hvy_perf1mw_s002_ED\\output_tmp_1779931823\\Analysis"): resource busy or locked (EBUSY)
Retrying in 2 seconds... (close any open CSV/Excel files or pause Dropbox sync)
Warning: Temporary output rename reported a filesystem lock, but 'D:/MIT Dropbox/Shen Wang/MIT/RA/RA_assessment/RAChronoOps/exports/hope_model_cases/RAChronoOps_VRE120_wind_hvy_perf1mw_s002_ED\output' already contains analysis outputs.
Continuing with 'D:/MIT Dropbox/Shen Wang/MIT/RA/RA_assessment/RAChronoOps/exports/hope_model_cases/RAChronoOps_VRE120_wind_hvy_perf1mw_s002_ED\output' and leaving 'D:/MIT Dropbox/Shen Wang/MIT/RA/RA_assessment/RAChronoOps/exports/hope_model_cases/RAChronoOps_VRE120_wind_hvy_perf1mw_s002_ED\output_tmp_1779931823' for later cleanup if needed.
Write solved results in the folder D:/MIT Dropbox/Shen Wang/MIT/RA/RA_assessment/RAChronoOps/exports/hope_model_cases/RAChronoOps_VRE120_wind_hvy_perf1mw_s002_ED\output DONE!
Set parameter Username
Academic license - for non-commercial use only - expires 2026-12-09
Set parameter OptimalityTol to value 0.0001
Set parameter FeasibilityTol to value 1e-06
Set parameter Presolve to value -1
Set parameter AggFill to value 10
Set parameter PreDual to value -1
Set parameter TimeLimit to value 7200
Set parameter MIPGap to value 0.001
Set parameter Method to value 2
Set parameter BarConvTol to value 1e-08
Set parameter NumericFocus to value 0
Set parameter Crossover to value -1
Set parameter OutputFlag to value 1
Set parameter FeasibilityTol to value 1e-06
Set parameter PreDual to value -1
Set parameter Method to value 2
Set parameter Crossover to value -1
Set parameter TimeLimit to value 7200
Set parameter OutputFlag to value 1
Set parameter NumericFocus to value 0
Set parameter MIPGap to value 0.001
Set parameter OptimalityTol to value 0.0001
Set parameter AggFill to value 10
Set parameter BarConvTol to value 1e-08
Set parameter Presolve to value -1
Gurobi Optimizer version 13.0.0 build v13.0.0rc1 (win64 - Windows 10.0 (19045.2))

CPU model: Intel(R) Core(TM) i9-10900K CPU @ 3.70GHz, instruction set [SSE2|AVX|AVX2]
Thread count: 10 physical cores, 20 logical processors, using up to 20 threads

Non-default parameters:
TimeLimit  7200
MIPGap  0.001
OptimalityTol  0.0001
Method  2
AggFill  10

Optimize a model with 2750496 rows, 718473 columns and 4756386 nonzeros (Min)
Model fingerprint: 0xa4a714a9
Model has 665760 linear objective coefficients
Coefficient statistics:
  Matrix range     [9e-01, 1e+00]
  Objective range  [1e-02, 1e+04]
  Bounds range     [0e+00, 0e+00]
  RHS range        [1e-01, 1e+09]
Presolve removed 2734602 rows and 635351 columns
Presolve time: 1.07s
Presolved: 15894 rows, 83122 columns, 106152 nonzeros

Ordering time: 0.01s

Barrier statistics:
 AA' NZ     : 1.589e+04
 Factor NZ  : 2.040e+05 (roughly 40 MB of memory)
 Factor Ops : 3.324e+06 (less than 1 second per iteration)
 Threads    : 10

                  Objective                Residual
Iter       Primal          Dual         Primal    Dual     Compl     Time
   0   2.57875671e+10 -1.16761152e+11  1.09e+04 1.82e-12  7.59e+06     1s
   1   2.49402325e+09 -7.50525376e+10  7.90e+02 2.91e-11  8.83e+05     1s
   2   9.44539880e+08 -2.25746392e+10  1.32e+02 1.26e-10  1.80e+05     1s
   3   6.42546710e+08 -2.85924061e+09  1.54e+01 2.18e-10  2.22e+04     1s
   4   5.93656151e+08  9.30397374e+07  1.32e-01 3.00e-11  3.01e+03     1s
   5   5.78343695e+08  3.70465865e+08  4.40e-02 1.46e-11  1.25e+03     1s
   6   5.63870585e+08  4.72811957e+08  2.27e-02 2.91e-11  5.48e+02     1s
   7   5.51681994e+08  5.09646343e+08  9.96e-03 1.46e-11  2.53e+02     1s
   8   5.45045252e+08  5.25504503e+08  4.41e-03 2.91e-11  1.18e+02     1s
   9   5.41755320e+08  5.32254061e+08  2.16e-03 2.91e-11  5.71e+01     1s
  10   5.39229996e+08  5.35638727e+08  6.53e-04 1.46e-11  2.16e+01     1s
  11   5.38540837e+08  5.36815330e+08  3.10e-04 1.46e-11  1.04e+01     1s
  12   5.38114223e+08  5.37485485e+08  1.15e-04 2.91e-11  3.78e+00     1s
  13   5.37972987e+08  5.37680632e+08  5.75e-05 1.46e-11  1.76e+00     1s
  14   5.37871132e+08  5.37774488e+08  1.83e-05 1.46e-11  5.81e-01     1s
  15   5.37838358e+08  5.37802010e+08  6.42e-06 2.91e-11  2.19e-01     1s
  16   5.37823205e+08  5.37813241e+08  1.12e-06 1.46e-11  5.99e-02     1s
  17   5.37820551e+08  5.37817580e+08  2.46e-07 2.91e-11  1.79e-02     1s
  18   5.37819746e+08  5.37819410e+08  1.47e-08 2.91e-11  2.02e-03     1s
  19   5.37819672e+08  5.37819600e+08  6.03e-10 2.91e-11  4.29e-04     1s
  20   5.37819667e+08  5.37819667e+08  6.71e-10 2.91e-11  3.83e-06     1s
  21   5.37819667e+08  5.37819667e+08  3.67e-10 2.91e-11  3.52e-10     1s

Barrier solved model in 21 iterations and 1.47 seconds (2.43 work units)
Optimal objective 5.37819667e+08

Crossover log...

    2136 DPushes remaining with DInf 0.0000000e+00                 1s
       0 DPushes remaining with DInf 0.0000000e+00                 1s

    4198 PPushes remaining with PInf 0.0000000e+00                 1s
       0 PPushes remaining with PInf 0.0000000e+00                 1s

  Push phase complete: Pinf 0.0000000e+00, Dinf 7.1906925e-12      1s

Crossover time: 0.03 seconds (0.02 work units)
Iteration    Objective       Primal Inf.    Dual Inf.      Time
    6337    5.3781967e+08   0.000000e+00   0.000000e+00      2s

Solved in 6337 iterations and 2.15 seconds (3.25 work units)
Optimal objective  5.378196669e+08

User-callback calls 133, time in user-callback 0.00 sec
Reading Input_Data Files for PCM mode
No xlsx file found in the directory D:/MIT Dropbox/Shen Wang/MIT/RA/RA_assessment/RAChronoOps/exports/hope_model_cases/RAChronoOps_VRE120_wind_hvy_perf1mw_s003_ED\Data_RAChronoOps_PCM/, try to read data from .csv files
Reading network
Reading technology
Reading time series
Reading optional gen_availability_timeseries.csv
Reading policies
Reading single parameters
CSV Files Successfully Load From D:/MIT Dropbox/Shen Wang/MIT/RA/RA_assessment/RAChronoOps/exports/hope_model_cases/RAChronoOps_VRE120_wind_hvy_perf1mw_s003_ED\Data_RAChronoOps_PCM/
Info: PCM will use generator-level AF for 76 generators from gen_availability_timeseries.
Carbon policy constraints are disabled (carbon_policy = 0).


Model mode: PCM

Termination_status= OPTIMAL

Primal_status= FEASIBLE_POINT



Objective_value= 5.378196669033314e8

Operation_cost= 5.378196669034758e8

Load_shedding= 0.0

RPS_requirement Dict{InlineStrings.String3, Float64}("Z1" => 0.0)

RPSPenalty= 0

CarbonCapPenalty= 0

CarbonCapEmissions= Tuple{InlineStrings.String3, Float64}[("RTS", 0.0)]

Solving time: 12.440000057220459
HOPE model (PCM mode) is successfully solved!
No compatible power-balance duals found for configured network_model=0; skipping power price output.
Generating summary analysis tables in D:/MIT Dropbox/Shen Wang/MIT/RA/RA_assessment/RAChronoOps/exports/hope_model_cases/RAChronoOps_VRE120_wind_hvy_perf1mw_s003_ED\output_tmp_1779931939\Analysis ...
Warning: Failed to rename temporary output directory into place (attempt 1/5): IOError: rm("D:/MIT Dropbox/Shen Wang/MIT/RA/RA_assessment/RAChronoOps/exports/hope_model_cases/RAChronoOps_VRE120_wind_hvy_perf1mw_s003_ED\\output_tmp_1779931939\\Analysis"): resource busy or locked (EBUSY)
Retrying in 2 seconds... (close any open CSV/Excel files or pause Dropbox sync)
Warning: Temporary output rename reported a filesystem lock, but 'D:/MIT Dropbox/Shen Wang/MIT/RA/RA_assessment/RAChronoOps/exports/hope_model_cases/RAChronoOps_VRE120_wind_hvy_perf1mw_s003_ED\output' already contains analysis outputs.
Continuing with 'D:/MIT Dropbox/Shen Wang/MIT/RA/RA_assessment/RAChronoOps/exports/hope_model_cases/RAChronoOps_VRE120_wind_hvy_perf1mw_s003_ED\output' and leaving 'D:/MIT Dropbox/Shen Wang/MIT/RA/RA_assessment/RAChronoOps/exports/hope_model_cases/RAChronoOps_VRE120_wind_hvy_perf1mw_s003_ED\output_tmp_1779931939' for later cleanup if needed.
Write solved results in the folder D:/MIT Dropbox/Shen Wang/MIT/RA/RA_assessment/RAChronoOps/exports/hope_model_cases/RAChronoOps_VRE120_wind_hvy_perf1mw_s003_ED\output DONE!
Set parameter Username
Academic license - for non-commercial use only - expires 2026-12-09
Set parameter OptimalityTol to value 0.0001
Set parameter FeasibilityTol to value 1e-06
Set parameter Presolve to value -1
Set parameter AggFill to value 10
Set parameter PreDual to value -1
Set parameter TimeLimit to value 7200
Set parameter MIPGap to value 0.001
Set parameter Method to value 2
Set parameter BarConvTol to value 1e-08
Set parameter NumericFocus to value 0
Set parameter Crossover to value -1
Set parameter OutputFlag to value 1
Set parameter FeasibilityTol to value 1e-06
Set parameter PreDual to value -1
Set parameter Method to value 2
Set parameter Crossover to value -1
Set parameter TimeLimit to value 7200
Set parameter OutputFlag to value 1
Set parameter NumericFocus to value 0
Set parameter MIPGap to value 0.001
Set parameter OptimalityTol to value 0.0001
Set parameter AggFill to value 10
Set parameter BarConvTol to value 1e-08
Set parameter Presolve to value -1
Gurobi Optimizer version 13.0.0 build v13.0.0rc1 (win64 - Windows 10.0 (19045.2))

CPU model: Intel(R) Core(TM) i9-10900K CPU @ 3.70GHz, instruction set [SSE2|AVX|AVX2]
Thread count: 10 physical cores, 20 logical processors, using up to 20 threads

Non-default parameters:
TimeLimit  7200
MIPGap  0.001
OptimalityTol  0.0001
Method  2
AggFill  10

Optimize a model with 2750496 rows, 718473 columns and 4756386 nonzeros (Min)
Model fingerprint: 0xd780cea7
Model has 665760 linear objective coefficients
Coefficient statistics:
  Matrix range     [9e-01, 1e+00]
  Objective range  [1e-02, 1e+04]
  Bounds range     [0e+00, 0e+00]
  RHS range        [1e-01, 1e+09]
Presolve removed 2734607 rows and 635046 columns
Presolve time: 1.07s
Presolved: 15889 rows, 83427 columns, 106447 nonzeros

Ordering time: 0.01s

Barrier statistics:
 AA' NZ     : 1.589e+04
 Factor NZ  : 2.040e+05 (roughly 40 MB of memory)
 Factor Ops : 3.323e+06 (less than 1 second per iteration)
 Threads    : 10

                  Objective                Residual
Iter       Primal          Dual         Primal    Dual     Compl     Time
   0   2.82950814e+10 -6.77156702e+11  1.15e+04 1.16e+00  4.36e+07     1s
   1   2.93781445e+09 -4.36963881e+11  8.39e+02 8.73e-11  5.09e+06     1s
   2   9.25205911e+08 -1.00601274e+11  4.67e+01 4.44e-10  6.76e+05     1s
   3   6.65639265e+08 -5.85863769e+09  6.25e+00 8.59e-10  4.00e+04     1s
   4   6.21096882e+08  8.48135082e+07  2.92e-01 1.31e-10  3.22e+03     1s
   5   6.01168187e+08  3.37023174e+08  6.69e-02 8.73e-11  1.58e+03     1s
   6   5.85833556e+08  4.36687846e+08  3.37e-02 5.82e-11  8.94e+02     1s
   7   5.74949784e+08  5.00328484e+08  1.71e-02 4.37e-11  4.47e+02     1s
   8   5.68874186e+08  5.30598818e+08  9.74e-03 1.46e-11  2.29e+02     1s
   9   5.64167256e+08  5.43433669e+08  5.42e-03 2.91e-11  1.24e+02     1s
  10   5.59460788e+08  5.50053377e+08  1.92e-03 2.91e-11  5.64e+01     1s
  11   5.57776060e+08  5.52936077e+08  1.01e-03 1.46e-11  2.90e+01     1s
  12   5.56740521e+08  5.54534782e+08  4.96e-04 1.46e-11  1.32e+01     1s
  13   5.56141705e+08  5.55088558e+08  2.21e-04 1.46e-11  6.31e+00     1s
  14   5.55922836e+08  5.55456626e+08  1.26e-04 1.46e-11  2.79e+00     1s
  15   5.55742093e+08  5.55537180e+08  5.11e-05 2.91e-11  1.23e+00     1s
  16   5.55654563e+08  5.55590976e+08  1.57e-05 1.46e-11  3.81e-01     1s
  17   5.55632341e+08  5.55604992e+08  7.13e-06 1.46e-11  1.64e-01     1s
  18   5.55618130e+08  5.55611448e+08  1.67e-06 1.46e-11  4.00e-02     1s
  19   5.55614509e+08  5.55612559e+08  3.91e-07 1.46e-11  1.17e-02     1s
  20   5.55613409e+08  5.55613211e+08  3.31e-08 2.91e-11  1.18e-03     1s
  21   5.55613316e+08  5.55613267e+08  7.35e-09 2.91e-11  2.92e-04     1s
  22   5.55613286e+08  5.55613285e+08  2.50e-09 2.91e-11  2.12e-06     1s
  23   5.55613286e+08  5.55613286e+08  3.58e-10 2.91e-11  1.73e-10     1s

Barrier solved model in 23 iterations and 1.46 seconds (2.46 work units)
Optimal objective 5.55613286e+08

Crossover log...

    2052 DPushes remaining with DInf 0.0000000e+00                 1s
       0 DPushes remaining with DInf 0.0000000e+00                 1s

    4325 PPushes remaining with PInf 0.0000000e+00                 1s
       0 PPushes remaining with PInf 0.0000000e+00                 1s

  Push phase complete: Pinf 0.0000000e+00, Dinf 8.1286089e-12      1s

Crossover time: 0.03 seconds (0.02 work units)
Iteration    Objective       Primal Inf.    Dual Inf.      Time
    6380    5.5561329e+08   0.000000e+00   0.000000e+00      2s

Solved in 6380 iterations and 2.02 seconds (3.28 work units)
Optimal objective  5.556132856e+08

User-callback calls 132, time in user-callback 0.00 sec
Reading Input_Data Files for PCM mode
No xlsx file found in the directory D:/MIT Dropbox/Shen Wang/MIT/RA/RA_assessment/RAChronoOps/exports/hope_model_cases/RAChronoOps_VRE120_wind_hvy_perf1mw_s004_ED\Data_RAChronoOps_PCM/, try to read data from .csv files
Reading network
Reading technology
Reading time series
Reading optional gen_availability_timeseries.csv
Reading policies
Reading single parameters
CSV Files Successfully Load From D:/MIT Dropbox/Shen Wang/MIT/RA/RA_assessment/RAChronoOps/exports/hope_model_cases/RAChronoOps_VRE120_wind_hvy_perf1mw_s004_ED\Data_RAChronoOps_PCM/
Info: PCM will use generator-level AF for 76 generators from gen_availability_timeseries.
Carbon policy constraints are disabled (carbon_policy = 0).


Model mode: PCM

Termination_status= OPTIMAL

Primal_status= FEASIBLE_POINT



Objective_value= 5.556132856012007e8

Operation_cost= 5.384732185806762e8

Load_shedding= 1.7140067020653747e7

RPS_requirement Dict{InlineStrings.String3, Float64}("Z1" => 0.0)

RPSPenalty= 0

CarbonCapPenalty= 0

CarbonCapEmissions= Tuple{InlineStrings.String3, Float64}[("RTS", 0.0)]

Solving time: 10.765000104904175
HOPE model (PCM mode) is successfully solved!
No compatible power-balance duals found for configured network_model=0; skipping power price output.
Generating summary analysis tables in D:/MIT Dropbox/Shen Wang/MIT/RA/RA_assessment/RAChronoOps/exports/hope_model_cases/RAChronoOps_VRE120_wind_hvy_perf1mw_s004_ED\output_tmp_1779932056\Analysis ...
Warning: Failed to rename temporary output directory into place (attempt 1/5): IOError: rm("D:/MIT Dropbox/Shen Wang/MIT/RA/RA_assessment/RAChronoOps/exports/hope_model_cases/RAChronoOps_VRE120_wind_hvy_perf1mw_s004_ED\\output_tmp_1779932056\\Analysis"): resource busy or locked (EBUSY)
Retrying in 2 seconds... (close any open CSV/Excel files or pause Dropbox sync)
Warning: Temporary output rename reported a filesystem lock, but 'D:/MIT Dropbox/Shen Wang/MIT/RA/RA_assessment/RAChronoOps/exports/hope_model_cases/RAChronoOps_VRE120_wind_hvy_perf1mw_s004_ED\output' already contains analysis outputs.
Continuing with 'D:/MIT Dropbox/Shen Wang/MIT/RA/RA_assessment/RAChronoOps/exports/hope_model_cases/RAChronoOps_VRE120_wind_hvy_perf1mw_s004_ED\output' and leaving 'D:/MIT Dropbox/Shen Wang/MIT/RA/RA_assessment/RAChronoOps/exports/hope_model_cases/RAChronoOps_VRE120_wind_hvy_perf1mw_s004_ED\output_tmp_1779932056' for later cleanup if needed.
Write solved results in the folder D:/MIT Dropbox/Shen Wang/MIT/RA/RA_assessment/RAChronoOps/exports/hope_model_cases/RAChronoOps_VRE120_wind_hvy_perf1mw_s004_ED\output DONE!
Set parameter Username
Academic license - for non-commercial use only - expires 2026-12-09
Set parameter OptimalityTol to value 0.0001
Set parameter FeasibilityTol to value 1e-06
Set parameter Presolve to value -1
Set parameter AggFill to value 10
Set parameter PreDual to value -1
Set parameter TimeLimit to value 7200
Set parameter MIPGap to value 0.001
Set parameter Method to value 2
Set parameter BarConvTol to value 1e-08
Set parameter NumericFocus to value 0
Set parameter Crossover to value -1
Set parameter OutputFlag to value 1
Set parameter FeasibilityTol to value 1e-06
Set parameter PreDual to value -1
Set parameter Method to value 2
Set parameter Crossover to value -1
Set parameter TimeLimit to value 7200
Set parameter OutputFlag to value 1
Set parameter NumericFocus to value 0
Set parameter MIPGap to value 0.001
Set parameter OptimalityTol to value 0.0001
Set parameter AggFill to value 10
Set parameter BarConvTol to value 1e-08
Set parameter Presolve to value -1
Gurobi Optimizer version 13.0.0 build v13.0.0rc1 (win64 - Windows 10.0 (19045.2))

CPU model: Intel(R) Core(TM) i9-10900K CPU @ 3.70GHz, instruction set [SSE2|AVX|AVX2]
Thread count: 10 physical cores, 20 logical processors, using up to 20 threads

Non-default parameters:
TimeLimit  7200
MIPGap  0.001
OptimalityTol  0.0001
Method  2
AggFill  10

Optimize a model with 2750496 rows, 718473 columns and 4756386 nonzeros (Min)
Model fingerprint: 0x21272e11
Model has 665760 linear objective coefficients
Coefficient statistics:
  Matrix range     [9e-01, 1e+00]
  Objective range  [1e-02, 1e+04]
  Bounds range     [0e+00, 0e+00]
  RHS range        [1e-01, 1e+09]
Presolve removed 2734609 rows and 635171 columns
Presolve time: 1.09s
Presolved: 15887 rows, 83302 columns, 106318 nonzeros

Ordering time: 0.01s

Barrier statistics:
 AA' NZ     : 1.589e+04
 Factor NZ  : 2.039e+05 (roughly 40 MB of memory)
 Factor Ops : 3.322e+06 (less than 1 second per iteration)
 Threads    : 10

                  Objective                Residual
Iter       Primal          Dual         Primal    Dual     Compl     Time
   0   2.76718334e+10 -6.84757589e+11  1.09e+04 1.16e+00  4.41e+07     1s
   1   2.92520917e+09 -4.41945617e+11  7.96e+02 8.73e-11  5.15e+06     1s
   2   9.55196178e+08 -1.01416558e+11  4.38e+01 1.46e-10  6.81e+05     1s
   3   6.78965386e+08 -5.07575667e+09  6.05e+00 1.07e-09  3.54e+04     1s
   4   6.38732541e+08  9.60791710e+07  1.25e+00 1.38e-10  3.27e+03     1s
   5   6.15407540e+08  3.87973265e+08  5.32e-01 8.73e-11  1.37e+03     1s
   6   5.97505565e+08  4.58933740e+08  2.69e-01 7.28e-11  8.32e+02     1s
   7   5.86586587e+08  5.10006648e+08  1.41e-01 1.02e-10  4.60e+02     1s
   8   5.79764684e+08  5.42270484e+08  7.44e-02 8.73e-11  2.25e+02     1s
   9   5.74697166e+08  5.56175996e+08  3.74e-02 7.28e-11  1.11e+02     1s
  10   5.70383982e+08  5.62247701e+08  1.41e-02 5.82e-11  4.88e+01     1s
  11   5.68867767e+08  5.64897251e+08  7.20e-03 4.37e-11  2.38e+01     1s
  12   5.68027857e+08  5.66145884e+08  3.75e-03 7.28e-11  1.13e+01     1s
  13   5.67501035e+08  5.66613515e+08  1.71e-03 5.82e-11  5.32e+00     1s
  14   5.67243153e+08  5.66889981e+08  7.61e-04 7.28e-11  2.12e+00     1s
  15   5.67116398e+08  5.66955532e+08  3.10e-04 4.37e-11  9.65e-01     1s
  16   5.67058136e+08  5.67007958e+08  1.07e-04 7.28e-11  3.01e-01     1s
  17   5.67040609e+08  5.67019217e+08  4.87e-05 5.82e-11  1.28e-01     1s
  18   5.67029997e+08  5.67024161e+08  1.49e-05 5.82e-11  3.50e-02     1s
  19   5.67026490e+08  5.67024706e+08  4.22e-06 5.82e-11  1.07e-02     1s
  20   5.67025158e+08  5.67024988e+08  3.16e-07 4.37e-11  1.02e-03     1s
  21   5.67025045e+08  5.67025005e+08  5.64e-08 2.91e-11  2.39e-04     1s
  22   5.67025018e+08  5.67025017e+08  2.53e-10 2.91e-11  4.13e-06     1s
  23   5.67025018e+08  5.67025018e+08  6.74e-11 2.91e-11  1.50e-10     2s

Barrier solved model in 23 iterations and 1.52 seconds (2.46 work units)
Optimal objective 5.67025018e+08

Crossover log...

    2061 DPushes remaining with DInf 0.0000000e+00                 2s
       0 DPushes remaining with DInf 0.0000000e+00                 2s

    4326 PPushes remaining with PInf 0.0000000e+00                 2s
       0 PPushes remaining with PInf 0.0000000e+00                 2s

  Push phase complete: Pinf 0.0000000e+00, Dinf 2.2780000e-11      2s

Crossover time: 0.04 seconds (0.02 work units)
Iteration    Objective       Primal Inf.    Dual Inf.      Time
    6390    5.6702502e+08   0.000000e+00   0.000000e+00      2s

Solved in 6390 iterations and 2.13 seconds (3.28 work units)
Optimal objective  5.670250175e+08

User-callback calls 128, time in user-callback 0.00 sec
Reading Input_Data Files for PCM mode
No xlsx file found in the directory D:/MIT Dropbox/Shen Wang/MIT/RA/RA_assessment/RAChronoOps/exports/hope_model_cases/RAChronoOps_VRE120_wind_hvy_perf1mw_s005_ED\Data_RAChronoOps_PCM/, try to read data from .csv files
Reading network
Reading technology
Reading time series
Reading optional gen_availability_timeseries.csv
Reading policies
Reading single parameters
CSV Files Successfully Load From D:/MIT Dropbox/Shen Wang/MIT/RA/RA_assessment/RAChronoOps/exports/hope_model_cases/RAChronoOps_VRE120_wind_hvy_perf1mw_s005_ED\Data_RAChronoOps_PCM/
Info: PCM will use generator-level AF for 76 generators from gen_availability_timeseries.
Carbon policy constraints are disabled (carbon_policy = 0).


Model mode: PCM

Termination_status= OPTIMAL

Primal_status= FEASIBLE_POINT



Objective_value= 5.670250175198977e8

Operation_cost= 5.392887074100603e8

Load_shedding= 2.773631010996132e7

RPS_requirement Dict{InlineStrings.String3, Float64}("Z1" => 0.0)

RPSPenalty= 0

CarbonCapPenalty= 0

CarbonCapEmissions= Tuple{InlineStrings.String3, Float64}[("RTS", 0.0)]

Solving time: 12.049999952316284
HOPE model (PCM mode) is successfully solved!
No compatible power-balance duals found for configured network_model=0; skipping power price output.
Generating summary analysis tables in D:/MIT Dropbox/Shen Wang/MIT/RA/RA_assessment/RAChronoOps/exports/hope_model_cases/RAChronoOps_VRE120_wind_hvy_perf1mw_s005_ED\output_tmp_1779932171\Analysis ...
Warning: Failed to rename temporary output directory into place (attempt 1/5): IOError: rm("D:/MIT Dropbox/Shen Wang/MIT/RA/RA_assessment/RAChronoOps/exports/hope_model_cases/RAChronoOps_VRE120_wind_hvy_perf1mw_s005_ED\\output_tmp_1779932171\\Analysis"): resource busy or locked (EBUSY)
Retrying in 2 seconds... (close any open CSV/Excel files or pause Dropbox sync)
Warning: Temporary output rename reported a filesystem lock, but 'D:/MIT Dropbox/Shen Wang/MIT/RA/RA_assessment/RAChronoOps/exports/hope_model_cases/RAChronoOps_VRE120_wind_hvy_perf1mw_s005_ED\output' already contains analysis outputs.
Continuing with 'D:/MIT Dropbox/Shen Wang/MIT/RA/RA_assessment/RAChronoOps/exports/hope_model_cases/RAChronoOps_VRE120_wind_hvy_perf1mw_s005_ED\output' and leaving 'D:/MIT Dropbox/Shen Wang/MIT/RA/RA_assessment/RAChronoOps/exports/hope_model_cases/RAChronoOps_VRE120_wind_hvy_perf1mw_s005_ED\output_tmp_1779932171' for later cleanup if needed.
Write solved results in the folder D:/MIT Dropbox/Shen Wang/MIT/RA/RA_assessment/RAChronoOps/exports/hope_model_cases/RAChronoOps_VRE120_wind_hvy_perf1mw_s005_ED\output DONE!
Set parameter Username
Academic license - for non-commercial use only - expires 2026-12-09
Set parameter OptimalityTol to value 0.0001
Set parameter FeasibilityTol to value 1e-06
Set parameter Presolve to value -1
Set parameter AggFill to value 10
Set parameter PreDual to value -1
Set parameter TimeLimit to value 7200
Set parameter MIPGap to value 0.001
Set parameter Method to value 2
Set parameter BarConvTol to value 1e-08
Set parameter NumericFocus to value 0
Set parameter Crossover to value -1
Set parameter OutputFlag to value 1
Set parameter FeasibilityTol to value 1e-06
Set parameter PreDual to value -1
Set parameter Method to value 2
Set parameter Crossover to value -1
Set parameter TimeLimit to value 7200
Set parameter OutputFlag to value 1
Set parameter NumericFocus to value 0
Set parameter MIPGap to value 0.001
Set parameter OptimalityTol to value 0.0001
Set parameter AggFill to value 10
Set parameter BarConvTol to value 1e-08
Set parameter Presolve to value -1
Gurobi Optimizer version 13.0.0 build v13.0.0rc1 (win64 - Windows 10.0 (19045.2))

CPU model: Intel(R) Core(TM) i9-10900K CPU @ 3.70GHz, instruction set [SSE2|AVX|AVX2]
Thread count: 10 physical cores, 20 logical processors, using up to 20 threads

Non-default parameters:
TimeLimit  7200
MIPGap  0.001
OptimalityTol  0.0001
Method  2
AggFill  10

Optimize a model with 2750496 rows, 718473 columns and 4756386 nonzeros (Min)
Model fingerprint: 0x1e196ac0
Model has 665760 linear objective coefficients
Coefficient statistics:
  Matrix range     [9e-01, 1e+00]
  Objective range  [1e-02, 1e+04]
  Bounds range     [0e+00, 0e+00]
  RHS range        [1e-01, 1e+09]
Presolve removed 2734606 rows and 635720 columns
Presolve time: 1.05s
Presolved: 15890 rows, 82753 columns, 105775 nonzeros

Ordering time: 0.00s

Barrier statistics:
 AA' NZ     : 1.589e+04
 Factor NZ  : 2.039e+05 (roughly 40 MB of memory)
 Factor Ops : 3.320e+06 (less than 1 second per iteration)
 Threads    : 10

                  Objective                Residual
Iter       Primal          Dual         Primal    Dual     Compl     Time
   0   2.51015268e+10 -1.16735801e+11  1.14e+04 1.82e-12  7.58e+06     1s
   1   2.46652299e+09 -7.50150688e+10  8.45e+02 2.91e-11  8.91e+05     1s
   2   1.00393974e+09 -2.48747154e+10  1.72e+02 3.82e-11  2.08e+05     1s
   3   6.82243708e+08 -2.52288950e+09  3.48e+01 3.60e-10  2.17e+04     1s
   4   6.49106139e+08 -2.55154872e+08  2.19e+01 1.46e-10  5.87e+03     1s
   5   5.92410517e+08  1.83140552e+08  4.18e+00 3.78e-10  2.51e+03     1s
   6   5.78227213e+08  3.67611435e+08  2.39e+00 3.06e-10  1.28e+03     1s
   7   5.62391138e+08  4.71112910e+08  1.11e+00 3.35e-10  5.51e+02     1s
   8   5.53349378e+08  5.13054542e+08  5.36e-01 3.35e-10  2.42e+02     1s
   9   5.47824613e+08  5.28470249e+08  2.61e-01 2.47e-10  1.16e+02     1s
  10   5.44547478e+08  5.35945033e+08  1.28e-01 2.76e-10  5.17e+01     1s
  11   5.43441415e+08  5.38310616e+08  8.83e-02 3.64e-10  3.08e+01     1s
  12   5.41653985e+08  5.39435109e+08  2.91e-02 3.35e-10  1.33e+01     1s
  13   5.41173292e+08  5.40063405e+08  1.53e-02 1.60e-10  6.67e+00     1s
  14   5.40798714e+08  5.40397513e+08  5.37e-03 2.33e-10  2.41e+00     1s
  15   5.40711624e+08  5.40489285e+08  3.25e-03 8.00e-10  1.33e+00     1s
  16   5.40609129e+08  5.40537965e+08  8.03e-04 1.46e-10  4.28e-01     1s
  17   5.40586627e+08  5.40557719e+08  2.99e-04 3.93e-10  1.74e-01     1s
  18   5.40575831e+08  5.40570379e+08  6.73e-05 1.75e-10  3.28e-02     1s
  19   5.40573016e+08  5.40571619e+08  1.41e-05 2.47e-10  8.40e-03     1s
  20   5.40572320e+08  5.40572104e+08  2.28e-06 1.31e-10  1.30e-03     1s
  21   5.40572189e+08  5.40572153e+08  2.22e-07 1.31e-10  2.20e-04     1s
  22   5.40572172e+08  5.40572171e+08  4.38e-10 1.16e-10  1.49e-06     1s
  23   5.40572171e+08  5.40572171e+08  1.98e-10 2.91e-11  6.84e-11     1s

Barrier solved model in 23 iterations and 1.44 seconds (2.46 work units)
Optimal objective 5.40572171e+08

Crossover log...

    2103 DPushes remaining with DInf 0.0000000e+00                 1s
       0 DPushes remaining with DInf 0.0000000e+00                 1s

    4281 PPushes remaining with PInf 0.0000000e+00                 1s
       0 PPushes remaining with PInf 0.0000000e+00                 1s

  Push phase complete: Pinf 0.0000000e+00, Dinf 2.0875746e-11      1s

Crossover time: 0.04 seconds (0.02 work units)
Iteration    Objective       Primal Inf.    Dual Inf.      Time
    6387    5.4057217e+08   0.000000e+00   0.000000e+00      2s

Solved in 6387 iterations and 2.06 seconds (3.28 work units)
Optimal objective  5.405721714e+08

User-callback calls 126, time in user-callback 0.00 sec
Reading Input_Data Files for PCM mode
No xlsx file found in the directory D:/MIT Dropbox/Shen Wang/MIT/RA/RA_assessment/RAChronoOps/exports/hope_model_cases/RAChronoOps_VRE120_wind_hvy_perf5mw_s001_ED\Data_RAChronoOps_PCM/, try to read data from .csv files
Reading network
Reading technology
Reading time series
Reading optional gen_availability_timeseries.csv
Reading policies
Reading single parameters
CSV Files Successfully Load From D:/MIT Dropbox/Shen Wang/MIT/RA/RA_assessment/RAChronoOps/exports/hope_model_cases/RAChronoOps_VRE120_wind_hvy_perf5mw_s001_ED\Data_RAChronoOps_PCM/
Info: PCM will use generator-level AF for 76 generators from gen_availability_timeseries.
Carbon policy constraints are disabled (carbon_policy = 0).


Model mode: PCM

Termination_status= OPTIMAL

Primal_status= FEASIBLE_POINT



Objective_value= 5.405721714080788e8

Operation_cost= 5.357807678595184e8

Load_shedding= 4.791403548653743e6

RPS_requirement Dict{InlineStrings.String3, Float64}("Z1" => 0.0)

RPSPenalty= 0

CarbonCapPenalty= 0

CarbonCapEmissions= Tuple{InlineStrings.String3, Float64}[("RTS", 0.0)]

Solving time: 12.160000085830688
HOPE model (PCM mode) is successfully solved!
No compatible power-balance duals found for configured network_model=0; skipping power price output.
Generating summary analysis tables in D:/MIT Dropbox/Shen Wang/MIT/RA/RA_assessment/RAChronoOps/exports/hope_model_cases/RAChronoOps_VRE120_wind_hvy_perf5mw_s001_ED\output_tmp_1779932288\Analysis ...
Warning: Failed to rename temporary output directory into place (attempt 1/5): IOError: rm("D:/MIT Dropbox/Shen Wang/MIT/RA/RA_assessment/RAChronoOps/exports/hope_model_cases/RAChronoOps_VRE120_wind_hvy_perf5mw_s001_ED\\output_tmp_1779932288\\Analysis"): resource busy or locked (EBUSY)
Retrying in 2 seconds... (close any open CSV/Excel files or pause Dropbox sync)
Warning: Temporary output rename reported a filesystem lock, but 'D:/MIT Dropbox/Shen Wang/MIT/RA/RA_assessment/RAChronoOps/exports/hope_model_cases/RAChronoOps_VRE120_wind_hvy_perf5mw_s001_ED\output' already contains analysis outputs.
Continuing with 'D:/MIT Dropbox/Shen Wang/MIT/RA/RA_assessment/RAChronoOps/exports/hope_model_cases/RAChronoOps_VRE120_wind_hvy_perf5mw_s001_ED\output' and leaving 'D:/MIT Dropbox/Shen Wang/MIT/RA/RA_assessment/RAChronoOps/exports/hope_model_cases/RAChronoOps_VRE120_wind_hvy_perf5mw_s001_ED\output_tmp_1779932288' for later cleanup if needed.
Write solved results in the folder D:/MIT Dropbox/Shen Wang/MIT/RA/RA_assessment/RAChronoOps/exports/hope_model_cases/RAChronoOps_VRE120_wind_hvy_perf5mw_s001_ED\output DONE!
Set parameter Username
Academic license - for non-commercial use only - expires 2026-12-09
Set parameter OptimalityTol to value 0.0001
Set parameter FeasibilityTol to value 1e-06
Set parameter Presolve to value -1
Set parameter AggFill to value 10
Set parameter PreDual to value -1
Set parameter TimeLimit to value 7200
Set parameter MIPGap to value 0.001
Set parameter Method to value 2
Set parameter BarConvTol to value 1e-08
Set parameter NumericFocus to value 0
Set parameter Crossover to value -1
Set parameter OutputFlag to value 1
Set parameter FeasibilityTol to value 1e-06
Set parameter PreDual to value -1
Set parameter Method to value 2
Set parameter Crossover to value -1
Set parameter TimeLimit to value 7200
Set parameter OutputFlag to value 1
Set parameter NumericFocus to value 0
Set parameter MIPGap to value 0.001
Set parameter OptimalityTol to value 0.0001
Set parameter AggFill to value 10
Set parameter BarConvTol to value 1e-08
Set parameter Presolve to value -1
Gurobi Optimizer version 13.0.0 build v13.0.0rc1 (win64 - Windows 10.0 (19045.2))

CPU model: Intel(R) Core(TM) i9-10900K CPU @ 3.70GHz, instruction set [SSE2|AVX|AVX2]
Thread count: 10 physical cores, 20 logical processors, using up to 20 threads

Non-default parameters:
TimeLimit  7200
MIPGap  0.001
OptimalityTol  0.0001
Method  2
AggFill  10

Optimize a model with 2750496 rows, 718473 columns and 4756386 nonzeros (Min)
Model fingerprint: 0xba166b6e
Model has 665760 linear objective coefficients
Coefficient statistics:
  Matrix range     [9e-01, 1e+00]
  Objective range  [1e-02, 1e+04]
  Bounds range     [0e+00, 0e+00]
  RHS range        [1e-01, 1e+09]
Presolve removed 2734606 rows and 635147 columns
Presolve time: 1.10s
Presolved: 15890 rows, 83326 columns, 106348 nonzeros

Ordering time: 0.01s

Barrier statistics:
 AA' NZ     : 1.589e+04
 Factor NZ  : 2.039e+05 (roughly 40 MB of memory)
 Factor Ops : 3.321e+06 (less than 1 second per iteration)
 Threads    : 10

                  Objective                Residual
Iter       Primal          Dual         Primal    Dual     Compl     Time
   0   2.83291062e+10 -1.17011107e+11  1.09e+04 1.82e-12  7.61e+06     1s
   1   2.70181625e+09 -7.51910779e+10  7.94e+02 4.37e-11  8.88e+05     1s
   2   1.06532649e+09 -2.49586913e+10  1.62e+02 3.82e-11  2.08e+05     1s
   3   7.10078413e+08 -3.30964097e+09  3.55e+01 6.55e-11  2.70e+04     1s
   4   6.68273898e+08 -7.46505394e+08  2.16e+01 8.73e-11  9.12e+03     1s
   5   6.20373374e+08  1.33371410e+08  7.31e+00 5.09e-10  2.98e+03     1s
   6   5.95856542e+08  2.21784542e+08  3.58e+00 4.51e-10  2.26e+03     1s
   7   5.82144296e+08  4.17474960e+08  2.03e+00 5.53e-10  9.89e+02     1s
   8   5.68424003e+08  5.03822908e+08  9.56e-01 9.02e-10  3.86e+02     1s
   9   5.58987561e+08  5.30207521e+08  4.43e-01 3.64e-10  1.72e+02     1s
  10   5.52908930e+08  5.41965788e+08  1.75e-01 4.07e-10  6.52e+01     1s
  11   5.50503030e+08  5.45182242e+08  8.60e-02 3.06e-10  3.17e+01     1s
  12   5.49154785e+08  5.46842209e+08  4.15e-02 6.26e-10  1.38e+01     1s
  13   5.48466939e+08  5.47289653e+08  2.06e-02 1.46e-10  7.00e+00     1s
  14   5.47996804e+08  5.47557175e+08  6.76e-03 4.80e-10  2.62e+00     1s
  15   5.47886668e+08  5.47670478e+08  3.74e-03 3.35e-10  1.29e+00     1s
  16   5.47792242e+08  5.47713873e+08  1.23e-03 2.62e-10  4.67e-01     1s
  17   5.47761197e+08  5.47732632e+08  4.27e-04 3.78e-10  1.70e-01     1s
  18   5.47748871e+08  5.47741903e+08  1.15e-04 2.62e-10  4.15e-02     1s
  19   5.47744889e+08  5.47743078e+08  2.37e-05 2.33e-10  1.08e-02     1s
  20   5.47743871e+08  5.47743660e+08  1.97e-06 4.66e-10  1.26e-03     1s
  21   5.47743773e+08  5.47743739e+08  2.44e-07 1.60e-10  2.06e-04     1s
  22   5.47743757e+08  5.47743757e+08  9.25e-10 1.16e-10  2.15e-07     1s
  23   5.47743757e+08  5.47743757e+08  6.61e-10 2.91e-11  1.85e-11     1s

Barrier solved model in 23 iterations and 1.49 seconds (2.46 work units)
Optimal objective 5.47743757e+08

Crossover log...

    2080 DPushes remaining with DInf 0.0000000e+00                 2s
       0 DPushes remaining with DInf 0.0000000e+00                 2s

    4310 PPushes remaining with PInf 0.0000000e+00                 2s
       0 PPushes remaining with PInf 0.0000000e+00                 2s

  Push phase complete: Pinf 0.0000000e+00, Dinf 2.2112090e-11      2s

Crossover time: 0.03 seconds (0.02 work units)
Iteration    Objective       Primal Inf.    Dual Inf.      Time
    6393    5.4774376e+08   0.000000e+00   0.000000e+00      2s

Solved in 6393 iterations and 2.07 seconds (3.28 work units)
Optimal objective  5.477437573e+08

User-callback calls 146, time in user-callback 0.00 sec
Reading Input_Data Files for PCM mode
No xlsx file found in the directory D:/MIT Dropbox/Shen Wang/MIT/RA/RA_assessment/RAChronoOps/exports/hope_model_cases/RAChronoOps_VRE120_wind_hvy_perf5mw_s002_ED\Data_RAChronoOps_PCM/, try to read data from .csv files
Reading network
Reading technology
Reading time series
Reading optional gen_availability_timeseries.csv
Reading policies
Reading single parameters
CSV Files Successfully Load From D:/MIT Dropbox/Shen Wang/MIT/RA/RA_assessment/RAChronoOps/exports/hope_model_cases/RAChronoOps_VRE120_wind_hvy_perf5mw_s002_ED\Data_RAChronoOps_PCM/
Info: PCM will use generator-level AF for 76 generators from gen_availability_timeseries.
Carbon policy constraints are disabled (carbon_policy = 0).


Model mode: PCM

Termination_status= OPTIMAL

Primal_status= FEASIBLE_POINT



Objective_value= 5.477437573450739e8

Operation_cost= 5.427223537965534e8

Load_shedding= 5.021403548653761e6

RPS_requirement Dict{InlineStrings.String3, Float64}("Z1" => 0.0)

RPSPenalty= 0

CarbonCapPenalty= 0

CarbonCapEmissions= Tuple{InlineStrings.String3, Float64}[("RTS", 0.0)]

Solving time: 10.916000127792358
HOPE model (PCM mode) is successfully solved!
No compatible power-balance duals found for configured network_model=0; skipping power price output.
Generating summary analysis tables in D:/MIT Dropbox/Shen Wang/MIT/RA/RA_assessment/RAChronoOps/exports/hope_model_cases/RAChronoOps_VRE120_wind_hvy_perf5mw_s002_ED\output_tmp_1779932406\Analysis ...
Warning: Failed to rename temporary output directory into place (attempt 1/5): IOError: rm("D:/MIT Dropbox/Shen Wang/MIT/RA/RA_assessment/RAChronoOps/exports/hope_model_cases/RAChronoOps_VRE120_wind_hvy_perf5mw_s002_ED\\output_tmp_1779932406\\Analysis"): directory not empty (ENOTEMPTY)
Retrying in 2 seconds... (close any open CSV/Excel files or pause Dropbox sync)
Warning: Temporary output rename reported a filesystem lock, but 'D:/MIT Dropbox/Shen Wang/MIT/RA/RA_assessment/RAChronoOps/exports/hope_model_cases/RAChronoOps_VRE120_wind_hvy_perf5mw_s002_ED\output' already contains analysis outputs.
Continuing with 'D:/MIT Dropbox/Shen Wang/MIT/RA/RA_assessment/RAChronoOps/exports/hope_model_cases/RAChronoOps_VRE120_wind_hvy_perf5mw_s002_ED\output' and leaving 'D:/MIT Dropbox/Shen Wang/MIT/RA/RA_assessment/RAChronoOps/exports/hope_model_cases/RAChronoOps_VRE120_wind_hvy_perf5mw_s002_ED\output_tmp_1779932406' for later cleanup if needed.
Write solved results in the folder D:/MIT Dropbox/Shen Wang/MIT/RA/RA_assessment/RAChronoOps/exports/hope_model_cases/RAChronoOps_VRE120_wind_hvy_perf5mw_s002_ED\output DONE!
Set parameter Username
Academic license - for non-commercial use only - expires 2026-12-09
Set parameter OptimalityTol to value 0.0001
Set parameter FeasibilityTol to value 1e-06
Set parameter Presolve to value -1
Set parameter AggFill to value 10
Set parameter PreDual to value -1
Set parameter TimeLimit to value 7200
Set parameter MIPGap to value 0.001
Set parameter Method to value 2
Set parameter BarConvTol to value 1e-08
Set parameter NumericFocus to value 0
Set parameter Crossover to value -1
Set parameter OutputFlag to value 1
Set parameter FeasibilityTol to value 1e-06
Set parameter PreDual to value -1
Set parameter Method to value 2
Set parameter Crossover to value -1
Set parameter TimeLimit to value 7200
Set parameter OutputFlag to value 1
Set parameter NumericFocus to value 0
Set parameter MIPGap to value 0.001
Set parameter OptimalityTol to value 0.0001
Set parameter AggFill to value 10
Set parameter BarConvTol to value 1e-08
Set parameter Presolve to value -1
Gurobi Optimizer version 13.0.0 build v13.0.0rc1 (win64 - Windows 10.0 (19045.2))

CPU model: Intel(R) Core(TM) i9-10900K CPU @ 3.70GHz, instruction set [SSE2|AVX|AVX2]
Thread count: 10 physical cores, 20 logical processors, using up to 20 threads

Non-default parameters:
TimeLimit  7200
MIPGap  0.001
OptimalityTol  0.0001
Method  2
AggFill  10

Optimize a model with 2750496 rows, 718473 columns and 4756386 nonzeros (Min)
Model fingerprint: 0x50dd2f16
Model has 665760 linear objective coefficients
Coefficient statistics:
  Matrix range     [9e-01, 1e+00]
  Objective range  [1e-02, 1e+04]
  Bounds range     [0e+00, 0e+00]
  RHS range        [1e-01, 1e+09]
Presolve removed 2734606 rows and 635363 columns
Presolve time: 1.08s
Presolved: 15890 rows, 83110 columns, 106132 nonzeros

Ordering time: 0.01s

Barrier statistics:
 AA' NZ     : 1.589e+04
 Factor NZ  : 2.039e+05 (roughly 40 MB of memory)
 Factor Ops : 3.320e+06 (less than 1 second per iteration)
 Threads    : 10

                  Objective                Residual
Iter       Primal          Dual         Primal    Dual     Compl     Time
   0   2.57189921e+10 -1.16745280e+11  1.09e+04 1.82e-12  7.59e+06     1s
   1   2.48605850e+09 -7.50373819e+10  7.88e+02 2.91e-11  8.83e+05     1s
   2   9.40326552e+08 -2.25230222e+10  1.31e+02 3.11e-10  1.79e+05     1s
   3   6.39317872e+08 -2.81451972e+09  1.45e+01 2.11e-10  2.18e+04     1s
   4   5.92604907e+08  9.30385296e+07  1.20e-01 4.27e-11  3.01e+03     1s
   5   5.77642089e+08  3.70394325e+08  4.14e-02 1.46e-11  1.25e+03     1s
   6   5.63117873e+08  4.72217219e+08  2.13e-02 1.46e-11  5.47e+02     1s
   7   5.50960790e+08  5.09108639e+08  9.42e-03 2.91e-11  2.52e+02     1s
   8   5.44202444e+08  5.24867007e+08  4.10e-03 2.91e-11  1.16e+02     1s
   9   5.41085095e+08  5.31311514e+08  2.10e-03 1.46e-11  5.88e+01     1s
  10   5.38826100e+08  5.35226160e+08  8.30e-04 2.91e-11  2.17e+01     1s
  11   5.37911004e+08  5.36191449e+08  3.82e-04 1.46e-11  1.03e+01     1s
  12   5.37418235e+08  5.36707587e+08  1.54e-04 2.91e-11  4.27e+00     1s
  13   5.37215126e+08  5.36863873e+08  6.77e-05 1.46e-11  2.11e+00     1s
  14   5.37100044e+08  5.36989469e+08  2.04e-05 1.46e-11  6.65e-01     1s
  15   5.37069624e+08  5.37022927e+08  8.85e-06 2.91e-11  2.81e-01     1s
  16   5.37049240e+08  5.37038403e+08  1.40e-06 2.91e-11  6.52e-02     1s
  17   5.37046391e+08  5.37042296e+08  4.36e-07 1.46e-11  2.46e-02     1s
  18   5.37045068e+08  5.37044646e+08  2.65e-08 2.91e-11  2.54e-03     1s
  19   5.37044976e+08  5.37044879e+08  4.08e-09 2.91e-11  5.86e-04     1s
  20   5.37044953e+08  5.37044953e+08  1.02e-09 2.91e-11  3.46e-06     1s
  21   5.37044953e+08  5.37044953e+08  3.27e-10 2.91e-11  4.86e-11     1s

Barrier solved model in 21 iterations and 1.44 seconds (2.43 work units)
Optimal objective 5.37044953e+08

Crossover log...

    2137 DPushes remaining with DInf 0.0000000e+00                 1s
       0 DPushes remaining with DInf 0.0000000e+00                 1s

    4210 PPushes remaining with PInf 0.0000000e+00                 1s
       0 PPushes remaining with PInf 0.0000000e+00                 1s

  Push phase complete: Pinf 0.0000000e+00, Dinf 7.4322770e-12      1s

Crossover time: 0.04 seconds (0.02 work units)
Iteration    Objective       Primal Inf.    Dual Inf.      Time
    6350    5.3704495e+08   0.000000e+00   0.000000e+00      2s

Solved in 6350 iterations and 2.04 seconds (3.25 work units)
Optimal objective  5.370449532e+08

User-callback calls 126, time in user-callback 0.00 sec
Reading Input_Data Files for PCM mode
No xlsx file found in the directory D:/MIT Dropbox/Shen Wang/MIT/RA/RA_assessment/RAChronoOps/exports/hope_model_cases/RAChronoOps_VRE120_wind_hvy_perf5mw_s003_ED\Data_RAChronoOps_PCM/, try to read data from .csv files
Reading network
Reading technology
Reading time series
Reading optional gen_availability_timeseries.csv
Reading policies
Reading single parameters
CSV Files Successfully Load From D:/MIT Dropbox/Shen Wang/MIT/RA/RA_assessment/RAChronoOps/exports/hope_model_cases/RAChronoOps_VRE120_wind_hvy_perf5mw_s003_ED\Data_RAChronoOps_PCM/
Info: PCM will use generator-level AF for 76 generators from gen_availability_timeseries.
Carbon policy constraints are disabled (carbon_policy = 0).


Model mode: PCM

Termination_status= OPTIMAL

Primal_status= FEASIBLE_POINT



Objective_value= 5.37044953220354e8

Operation_cost= 5.37044953220499e8

Load_shedding= 0.0

RPS_requirement Dict{InlineStrings.String3, Float64}("Z1" => 0.0)

RPSPenalty= 0

CarbonCapPenalty= 0

CarbonCapEmissions= Tuple{InlineStrings.String3, Float64}[("RTS", 0.0)]

Solving time: 11.75600004196167
HOPE model (PCM mode) is successfully solved!
No compatible power-balance duals found for configured network_model=0; skipping power price output.
Generating summary analysis tables in D:/MIT Dropbox/Shen Wang/MIT/RA/RA_assessment/RAChronoOps/exports/hope_model_cases/RAChronoOps_VRE120_wind_hvy_perf5mw_s003_ED\output_tmp_1779932520\Analysis ...
Warning: Failed to rename temporary output directory into place (attempt 1/5): IOError: rm("D:/MIT Dropbox/Shen Wang/MIT/RA/RA_assessment/RAChronoOps/exports/hope_model_cases/RAChronoOps_VRE120_wind_hvy_perf5mw_s003_ED\\output_tmp_1779932520\\Analysis"): resource busy or locked (EBUSY)
Retrying in 2 seconds... (close any open CSV/Excel files or pause Dropbox sync)
Warning: Temporary output rename reported a filesystem lock, but 'D:/MIT Dropbox/Shen Wang/MIT/RA/RA_assessment/RAChronoOps/exports/hope_model_cases/RAChronoOps_VRE120_wind_hvy_perf5mw_s003_ED\output' already contains analysis outputs.
Continuing with 'D:/MIT Dropbox/Shen Wang/MIT/RA/RA_assessment/RAChronoOps/exports/hope_model_cases/RAChronoOps_VRE120_wind_hvy_perf5mw_s003_ED\output' and leaving 'D:/MIT Dropbox/Shen Wang/MIT/RA/RA_assessment/RAChronoOps/exports/hope_model_cases/RAChronoOps_VRE120_wind_hvy_perf5mw_s003_ED\output_tmp_1779932520' for later cleanup if needed.
Write solved results in the folder D:/MIT Dropbox/Shen Wang/MIT/RA/RA_assessment/RAChronoOps/exports/hope_model_cases/RAChronoOps_VRE120_wind_hvy_perf5mw_s003_ED\output DONE!
Set parameter Username
Academic license - for non-commercial use only - expires 2026-12-09
Set parameter OptimalityTol to value 0.0001
Set parameter FeasibilityTol to value 1e-06
Set parameter Presolve to value -1
Set parameter AggFill to value 10
Set parameter PreDual to value -1
Set parameter TimeLimit to value 7200
Set parameter MIPGap to value 0.001
Set parameter Method to value 2
Set parameter BarConvTol to value 1e-08
Set parameter NumericFocus to value 0
Set parameter Crossover to value -1
Set parameter OutputFlag to value 1
Set parameter FeasibilityTol to value 1e-06
Set parameter PreDual to value -1
Set parameter Method to value 2
Set parameter Crossover to value -1
Set parameter TimeLimit to value 7200
Set parameter OutputFlag to value 1
Set parameter NumericFocus to value 0
Set parameter MIPGap to value 0.001
Set parameter OptimalityTol to value 0.0001
Set parameter AggFill to value 10
Set parameter BarConvTol to value 1e-08
Set parameter Presolve to value -1
Gurobi Optimizer version 13.0.0 build v13.0.0rc1 (win64 - Windows 10.0 (19045.2))

CPU model: Intel(R) Core(TM) i9-10900K CPU @ 3.70GHz, instruction set [SSE2|AVX|AVX2]
Thread count: 10 physical cores, 20 logical processors, using up to 20 threads

Non-default parameters:
TimeLimit  7200
MIPGap  0.001
OptimalityTol  0.0001
Method  2
AggFill  10

Optimize a model with 2750496 rows, 718473 columns and 4756386 nonzeros (Min)
Model fingerprint: 0xa287cd01
Model has 665760 linear objective coefficients
Coefficient statistics:
  Matrix range     [9e-01, 1e+00]
  Objective range  [1e-02, 1e+04]
  Bounds range     [0e+00, 0e+00]
  RHS range        [1e-01, 1e+09]
Presolve removed 2734611 rows and 635056 columns
Presolve time: 1.09s
Presolved: 15885 rows, 83417 columns, 106429 nonzeros

Ordering time: 0.01s

Barrier statistics:
 AA' NZ     : 1.588e+04
 Factor NZ  : 2.039e+05 (roughly 40 MB of memory)
 Factor Ops : 3.320e+06 (less than 1 second per iteration)
 Threads    : 10

                  Objective                Residual
Iter       Primal          Dual         Primal    Dual     Compl     Time
   0   2.82290401e+10 -6.77067211e+11  1.15e+04 1.16e+00  4.36e+07     1s
   1   2.92822995e+09 -4.36870528e+11  8.37e+02 7.28e-11  5.08e+06     1s
   2   9.21377064e+08 -1.00480863e+11  4.64e+01 2.84e-09  6.75e+05     1s
   3   6.64317391e+08 -5.81169576e+09  6.22e+00 1.63e-09  3.97e+04     1s
   4   6.19618393e+08  8.43288633e+07  2.46e-01 1.23e-10  3.21e+03     1s
   5   6.00738027e+08  3.36536547e+08  1.07e-01 5.82e-11  1.58e+03     1s
   6   5.84829396e+08  4.38817466e+08  5.33e-02 2.91e-11  8.75e+02     1s
   7   5.73738533e+08  5.00785239e+08  2.70e-02 2.91e-11  4.37e+02     1s
   8   5.67722263e+08  5.30886880e+08  1.55e-02 1.53e-11  2.21e+02     1s
   9   5.63245232e+08  5.42540578e+08  8.98e-03 2.91e-11  1.24e+02     1s
  10   5.58233510e+08  5.49055073e+08  2.93e-03 2.91e-11  5.50e+01     1s
  11   5.56438334e+08  5.52213500e+08  1.40e-03 2.91e-11  2.53e+01     1s
  12   5.55518999e+08  5.53567500e+08  6.87e-04 1.49e-11  1.17e+01     1s
  13   5.54986272e+08  5.54087544e+08  3.07e-04 1.46e-11  5.39e+00     1s
  14   5.54740278e+08  5.54349931e+08  1.39e-04 2.91e-11  2.34e+00     1s
  15   5.54620641e+08  5.54428850e+08  6.24e-05 1.72e-11  1.15e+00     1s
  16   5.54552825e+08  5.54495985e+08  1.97e-05 1.69e-11  3.41e-01     1s
  17   5.54532235e+08  5.54510725e+08  7.51e-06 2.91e-11  1.29e-01     1s
  18   5.54521955e+08  5.54516326e+08  1.43e-06 7.97e-12  3.37e-02     1s
  19   5.54519930e+08  5.54518226e+08  3.86e-07 1.46e-11  1.02e-02     1s
  20   5.54519177e+08  5.54519019e+08  2.71e-08 2.91e-11  9.48e-04     1s
  21   5.54519109e+08  5.54519099e+08  1.13e-09 2.91e-11  5.87e-05     1s
  22   5.54519104e+08  5.54519104e+08  1.92e-10 2.91e-11  1.79e-07     1s
  23   5.54519104e+08  5.54519104e+08  1.47e-10 3.05e-11  1.07e-10     1s

Barrier solved model in 23 iterations and 1.50 seconds (2.46 work units)
Optimal objective 5.54519104e+08

Crossover log...

    2056 DPushes remaining with DInf 0.0000000e+00                 2s
       0 DPushes remaining with DInf 0.0000000e+00                 2s

    4330 PPushes remaining with PInf 0.0000000e+00                 2s
       0 PPushes remaining with PInf 0.0000000e+00                 2s

  Push phase complete: Pinf 0.0000000e+00, Dinf 7.9722895e-12      2s

Crossover time: 0.03 seconds (0.02 work units)
Iteration    Objective       Primal Inf.    Dual Inf.      Time
    6389    5.5451910e+08   0.000000e+00   0.000000e+00      2s

Solved in 6389 iterations and 2.08 seconds (3.28 work units)
Optimal objective  5.545191043e+08

User-callback calls 137, time in user-callback 0.00 sec
Reading Input_Data Files for PCM mode
No xlsx file found in the directory D:/MIT Dropbox/Shen Wang/MIT/RA/RA_assessment/RAChronoOps/exports/hope_model_cases/RAChronoOps_VRE120_wind_hvy_perf5mw_s004_ED\Data_RAChronoOps_PCM/, try to read data from .csv files
Reading network
Reading technology
Reading time series
Reading optional gen_availability_timeseries.csv
Reading policies
Reading single parameters
CSV Files Successfully Load From D:/MIT Dropbox/Shen Wang/MIT/RA/RA_assessment/RAChronoOps/exports/hope_model_cases/RAChronoOps_VRE120_wind_hvy_perf5mw_s004_ED\Data_RAChronoOps_PCM/
Info: PCM will use generator-level AF for 76 generators from gen_availability_timeseries.
Carbon policy constraints are disabled (carbon_policy = 0).


Model mode: PCM

Termination_status= OPTIMAL

Primal_status= FEASIBLE_POINT



Objective_value= 5.54519104269364e8

Operation_cost= 5.376990372488401e8

Load_shedding= 1.6820067020653747e7

RPS_requirement Dict{InlineStrings.String3, Float64}("Z1" => 0.0)

RPSPenalty= 0

CarbonCapPenalty= 0

CarbonCapEmissions= Tuple{InlineStrings.String3, Float64}[("RTS", 0.0)]

Solving time: 12.1010000705719
HOPE model (PCM mode) is successfully solved!
No compatible power-balance duals found for configured network_model=0; skipping power price output.
Generating summary analysis tables in D:/MIT Dropbox/Shen Wang/MIT/RA/RA_assessment/RAChronoOps/exports/hope_model_cases/RAChronoOps_VRE120_wind_hvy_perf5mw_s004_ED\output_tmp_1779932638\Analysis ...
Warning: Failed to rename temporary output directory into place (attempt 1/5): IOError: rm("D:/MIT Dropbox/Shen Wang/MIT/RA/RA_assessment/RAChronoOps/exports/hope_model_cases/RAChronoOps_VRE120_wind_hvy_perf5mw_s004_ED\\output_tmp_1779932638\\Analysis"): resource busy or locked (EBUSY)
Retrying in 2 seconds... (close any open CSV/Excel files or pause Dropbox sync)
Warning: Temporary output rename reported a filesystem lock, but 'D:/MIT Dropbox/Shen Wang/MIT/RA/RA_assessment/RAChronoOps/exports/hope_model_cases/RAChronoOps_VRE120_wind_hvy_perf5mw_s004_ED\output' already contains analysis outputs.
Continuing with 'D:/MIT Dropbox/Shen Wang/MIT/RA/RA_assessment/RAChronoOps/exports/hope_model_cases/RAChronoOps_VRE120_wind_hvy_perf5mw_s004_ED\output' and leaving 'D:/MIT Dropbox/Shen Wang/MIT/RA/RA_assessment/RAChronoOps/exports/hope_model_cases/RAChronoOps_VRE120_wind_hvy_perf5mw_s004_ED\output_tmp_1779932638' for later cleanup if needed.
Write solved results in the folder D:/MIT Dropbox/Shen Wang/MIT/RA/RA_assessment/RAChronoOps/exports/hope_model_cases/RAChronoOps_VRE120_wind_hvy_perf5mw_s004_ED\output DONE!
Set parameter Username
Academic license - for non-commercial use only - expires 2026-12-09
Set parameter OptimalityTol to value 0.0001
Set parameter FeasibilityTol to value 1e-06
Set parameter Presolve to value -1
Set parameter AggFill to value 10
Set parameter PreDual to value -1
Set parameter TimeLimit to value 7200
Set parameter MIPGap to value 0.001
Set parameter Method to value 2
Set parameter BarConvTol to value 1e-08
Set parameter NumericFocus to value 0
Set parameter Crossover to value -1
Set parameter OutputFlag to value 1
Set parameter FeasibilityTol to value 1e-06
Set parameter PreDual to value -1
Set parameter Method to value 2
Set parameter Crossover to value -1
Set parameter TimeLimit to value 7200
Set parameter OutputFlag to value 1
Set parameter NumericFocus to value 0
Set parameter MIPGap to value 0.001
Set parameter OptimalityTol to value 0.0001
Set parameter AggFill to value 10
Set parameter BarConvTol to value 1e-08
Set parameter Presolve to value -1
Gurobi Optimizer version 13.0.0 build v13.0.0rc1 (win64 - Windows 10.0 (19045.2))

CPU model: Intel(R) Core(TM) i9-10900K CPU @ 3.70GHz, instruction set [SSE2|AVX|AVX2]
Thread count: 10 physical cores, 20 logical processors, using up to 20 threads

Non-default parameters:
TimeLimit  7200
MIPGap  0.001
OptimalityTol  0.0001
Method  2
AggFill  10

Optimize a model with 2750496 rows, 718473 columns and 4756386 nonzeros (Min)
Model fingerprint: 0x14de2a58
Model has 665760 linear objective coefficients
Coefficient statistics:
  Matrix range     [9e-01, 1e+00]
  Objective range  [1e-02, 1e+04]
  Bounds range     [0e+00, 0e+00]
  RHS range        [1e-01, 1e+09]
Presolve removed 2734613 rows and 635227 columns
Presolve time: 1.06s
Presolved: 15883 rows, 83246 columns, 106254 nonzeros

Ordering time: 0.01s

Barrier statistics:
 AA' NZ     : 1.588e+04
 Factor NZ  : 2.038e+05 (roughly 40 MB of memory)
 Factor Ops : 3.319e+06 (less than 1 second per iteration)
 Threads    : 10

                  Objective                Residual
Iter       Primal          Dual         Primal    Dual     Compl     Time
   0   2.74515404e+10 -6.84572096e+11  1.09e+04 1.16e+00  4.41e+07     1s
   1   2.90387320e+09 -4.41762422e+11  7.95e+02 8.73e-11  5.14e+06     1s
   2   9.50635520e+08 -1.01199070e+11  4.35e+01 1.08e-09  6.80e+05     1s
   3   6.77217980e+08 -5.06422341e+09  6.05e+00 1.08e-09  3.53e+04     1s
   4   6.36910783e+08  9.54956540e+07  1.24e+00 1.31e-10  3.27e+03     1s
   5   6.13661448e+08  3.85839115e+08  5.24e-01 4.37e-11  1.37e+03     1s
   6   5.96104068e+08  4.55761771e+08  2.68e-01 4.37e-11  8.43e+02     1s
   7   5.86083593e+08  5.07279244e+08  1.52e-01 4.37e-11  4.73e+02     1s
   8   5.78401226e+08  5.40594515e+08  7.50e-02 5.82e-11  2.27e+02     1s
   9   5.72847601e+08  5.54624931e+08  3.73e-02 2.91e-11  1.09e+02     1s
  10   5.68168208e+08  5.60236255e+08  9.62e-03 8.73e-11  4.76e+01     1s
  11   5.66952006e+08  5.63091227e+08  4.78e-03 8.73e-11  2.32e+01     1s
  12   5.66101867e+08  5.64384528e+08  1.76e-03 4.37e-11  1.03e+01     1s
  13   5.65837365e+08  5.65004754e+08  9.26e-04 4.37e-11  5.00e+00     1s
  14   5.65627978e+08  5.65311881e+08  3.32e-04 4.37e-11  1.90e+00     1s
  15   5.65547106e+08  5.65424343e+08  1.24e-04 4.37e-11  7.37e-01     1s
  16   5.65514558e+08  5.65476463e+08  4.39e-05 5.82e-11  2.29e-01     1s
  17   5.65502125e+08  5.65488805e+08  1.54e-05 2.91e-11  8.00e-02     1s
  18   5.65496302e+08  5.65493151e+08  3.10e-06 2.91e-11  1.89e-02     1s
  19   5.65495289e+08  5.65494145e+08  1.11e-06 4.37e-11  6.87e-03     1s
  20   5.65494750e+08  5.65494674e+08  7.62e-08 4.37e-11  4.57e-04     1s
  21   5.65494704e+08  5.65494696e+08  8.82e-09 2.91e-11  4.71e-05     1s
  22   5.65494697e+08  5.65494697e+08  1.78e-09 2.91e-11  9.81e-08     1s
  23   5.65494697e+08  5.65494697e+08  1.10e-09 2.91e-11  7.83e-11     1s

Barrier solved model in 23 iterations and 1.49 seconds (2.46 work units)
Optimal objective 5.65494697e+08

Crossover log...

    2069 DPushes remaining with DInf 0.0000000e+00                 2s
       0 DPushes remaining with DInf 0.0000000e+00                 2s

    4327 PPushes remaining with PInf 0.0000000e+00                 2s
       0 PPushes remaining with PInf 0.0000000e+00                 2s

  Push phase complete: Pinf 0.0000000e+00, Dinf 2.2680524e-11      2s

Crossover time: 0.03 seconds (0.02 work units)
Iteration    Objective       Primal Inf.    Dual Inf.      Time
    6399    5.6549470e+08   0.000000e+00   0.000000e+00      2s

Solved in 6399 iterations and 2.06 seconds (3.28 work units)
Optimal objective  5.654946970e+08

User-callback calls 149, time in user-callback 0.00 sec
Reading Input_Data Files for PCM mode
No xlsx file found in the directory D:/MIT Dropbox/Shen Wang/MIT/RA/RA_assessment/RAChronoOps/exports/hope_model_cases/RAChronoOps_VRE120_wind_hvy_perf5mw_s005_ED\Data_RAChronoOps_PCM/, try to read data from .csv files
Reading network
Reading technology
Reading time series
Reading optional gen_availability_timeseries.csv
Reading policies
Reading single parameters
CSV Files Successfully Load From D:/MIT Dropbox/Shen Wang/MIT/RA/RA_assessment/RAChronoOps/exports/hope_model_cases/RAChronoOps_VRE120_wind_hvy_perf5mw_s005_ED\Data_RAChronoOps_PCM/
Info: PCM will use generator-level AF for 76 generators from gen_availability_timeseries.
Carbon policy constraints are disabled (carbon_policy = 0).


Model mode: PCM

Termination_status= OPTIMAL

Primal_status= FEASIBLE_POINT



Objective_value= 5.65494697014428e8

Operation_cost= 5.385183869045912e8

Load_shedding= 2.6976310109961327e7

RPS_requirement Dict{InlineStrings.String3, Float64}("Z1" => 0.0)

RPSPenalty= 0

CarbonCapPenalty= 0

CarbonCapEmissions= Tuple{InlineStrings.String3, Float64}[("RTS", 0.0)]

Solving time: 10.777999877929688
HOPE model (PCM mode) is successfully solved!
No compatible power-balance duals found for configured network_model=0; skipping power price output.
Generating summary analysis tables in D:/MIT Dropbox/Shen Wang/MIT/RA/RA_assessment/RAChronoOps/exports/hope_model_cases/RAChronoOps_VRE120_wind_hvy_perf5mw_s005_ED\output_tmp_1779932756\Analysis ...
Warning: Failed to rename temporary output directory into place (attempt 1/5): IOError: rm("D:/MIT Dropbox/Shen Wang/MIT/RA/RA_assessment/RAChronoOps/exports/hope_model_cases/RAChronoOps_VRE120_wind_hvy_perf5mw_s005_ED\\output_tmp_1779932756\\Analysis"): resource busy or locked (EBUSY)
Retrying in 2 seconds... (close any open CSV/Excel files or pause Dropbox sync)
Warning: Temporary output rename reported a filesystem lock, but 'D:/MIT Dropbox/Shen Wang/MIT/RA/RA_assessment/RAChronoOps/exports/hope_model_cases/RAChronoOps_VRE120_wind_hvy_perf5mw_s005_ED\output' already contains analysis outputs.
Continuing with 'D:/MIT Dropbox/Shen Wang/MIT/RA/RA_assessment/RAChronoOps/exports/hope_model_cases/RAChronoOps_VRE120_wind_hvy_perf5mw_s005_ED\output' and leaving 'D:/MIT Dropbox/Shen Wang/MIT/RA/RA_assessment/RAChronoOps/exports/hope_model_cases/RAChronoOps_VRE120_wind_hvy_perf5mw_s005_ED\output_tmp_1779932756' for later cleanup if needed.
Write solved results in the folder D:/MIT Dropbox/Shen Wang/MIT/RA/RA_assessment/RAChronoOps/exports/hope_model_cases/RAChronoOps_VRE120_wind_hvy_perf5mw_s005_ED\output DONE!
Set parameter Username
Academic license - for non-commercial use only - expires 2026-12-09
Set parameter OptimalityTol to value 0.0001
Set parameter FeasibilityTol to value 1e-06
Set parameter Presolve to value -1
Set parameter AggFill to value 10
Set parameter PreDual to value -1
Set parameter TimeLimit to value 7200
Set parameter MIPGap to value 0.001
Set parameter Method to value 2
Set parameter BarConvTol to value 1e-08
Set parameter NumericFocus to value 0
Set parameter Crossover to value -1
Set parameter OutputFlag to value 1
Set parameter FeasibilityTol to value 1e-06
Set parameter PreDual to value -1
Set parameter Method to value 2
Set parameter Crossover to value -1
Set parameter TimeLimit to value 7200
Set parameter OutputFlag to value 1
Set parameter NumericFocus to value 0
Set parameter MIPGap to value 0.001
Set parameter OptimalityTol to value 0.0001
Set parameter AggFill to value 10
Set parameter BarConvTol to value 1e-08
Set parameter Presolve to value -1
Gurobi Optimizer version 13.0.0 build v13.0.0rc1 (win64 - Windows 10.0 (19045.2))

CPU model: Intel(R) Core(TM) i9-10900K CPU @ 3.70GHz, instruction set [SSE2|AVX|AVX2]
Thread count: 10 physical cores, 20 logical processors, using up to 20 threads

Non-default parameters:
TimeLimit  7200
MIPGap  0.001
OptimalityTol  0.0001
Method  2
AggFill  10

Optimize a model with 2750496 rows, 718473 columns and 4756386 nonzeros (Min)
Model fingerprint: 0xe1a6ba0f
Model has 665760 linear objective coefficients
Coefficient statistics:
  Matrix range     [9e-01, 1e+00]
  Objective range  [1e-02, 1e+04]
  Bounds range     [0e+00, 0e+00]
  RHS range        [1e-01, 1e+09]
Presolve removed 2734607 rows and 635766 columns
Presolve time: 1.16s
Presolved: 15889 rows, 82707 columns, 105727 nonzeros

Ordering time: 0.01s

Barrier statistics:
 AA' NZ     : 1.589e+04
 Factor NZ  : 2.039e+05 (roughly 40 MB of memory)
 Factor Ops : 3.320e+06 (less than 1 second per iteration)
 Threads    : 10

                  Objective                Residual
Iter       Primal          Dual         Primal    Dual     Compl     Time
   0   2.48845941e+10 -1.16704596e+11  1.14e+04 1.82e-12  7.57e+06     1s
   1   2.44621594e+09 -7.49769722e+10  8.43e+02 2.91e-11  8.90e+05     1s
   2   9.96243061e+08 -2.48000336e+10  1.70e+02 4.00e-11  2.07e+05     1s
   3   6.77939541e+08 -2.49834662e+09  3.37e+01 5.82e-11  2.14e+04     1s
   4   6.47165615e+08 -2.32399738e+08  2.17e+01 5.09e-11  5.70e+03     1s
   5   5.91471021e+08  1.94902265e+08  4.46e+00 1.16e-09  2.43e+03     1s
   6   5.76936471e+08  3.66901353e+08  2.55e+00 9.02e-10  1.28e+03     1s
   7   5.61157995e+08  4.70932774e+08  1.19e+00 1.00e-09  5.45e+02     1s
   8   5.52074640e+08  5.11898313e+08  5.77e-01 1.03e-09  2.42e+02     1s
   9   5.46496307e+08  5.27145353e+08  2.80e-01 9.60e-10  1.16e+02     1s
  10   5.43336531e+08  5.34613715e+08  1.41e-01 2.18e-10  5.24e+01     1s
  11   5.42088948e+08  5.37039888e+08  9.36e-02 3.20e-10  3.03e+01     1s
  12   5.40339030e+08  5.38131686e+08  3.11e-02 2.18e-10  1.33e+01     1s
  13   5.39868658e+08  5.38752725e+08  1.66e-02 4.51e-10  6.70e+00     1s
  14   5.39493365e+08  5.39081188e+08  5.77e-03 1.03e-09  2.48e+00     1s
  15   5.39404556e+08  5.39189224e+08  3.44e-03 2.91e-10  1.29e+00     1s
  16   5.39295716e+08  5.39238268e+08  6.49e-04 1.46e-10  3.46e-01     1s
  17   5.39276865e+08  5.39252785e+08  2.05e-04 2.76e-10  1.45e-01     1s
  18   5.39270069e+08  5.39265805e+08  5.74e-05 2.62e-10  2.56e-02     1s
  19   5.39268040e+08  5.39266653e+08  1.74e-05 1.60e-10  8.34e-03     1s
  20   5.39267216e+08  5.39266997e+08  2.01e-06 8.73e-11  1.32e-03     2s
  21   5.39267091e+08  5.39267067e+08  5.53e-08 1.31e-10  1.48e-04     2s
  22   5.39267085e+08  5.39267085e+08  9.23e-09 7.28e-11  5.60e-07     2s
  23   5.39267085e+08  5.39267085e+08  2.09e-09 2.91e-11  2.61e-11     2s

Barrier solved model in 23 iterations and 1.55 seconds (2.46 work units)
Optimal objective 5.39267085e+08

Crossover log...

    2086 DPushes remaining with DInf 0.0000000e+00                 2s
       0 DPushes remaining with DInf 0.0000000e+00                 2s

    4288 PPushes remaining with PInf 0.0000000e+00                 2s
       0 PPushes remaining with PInf 0.0000000e+00                 2s

  Push phase complete: Pinf 0.0000000e+00, Dinf 2.0833113e-11      2s

Crossover time: 0.03 seconds (0.02 work units)
Iteration    Objective       Primal Inf.    Dual Inf.      Time
    6377    5.3926708e+08   0.000000e+00   0.000000e+00      2s

Solved in 6377 iterations and 2.10 seconds (3.28 work units)
Optimal objective  5.392670849e+08

User-callback calls 140, time in user-callback 0.00 sec
Reading Input_Data Files for PCM mode
No xlsx file found in the directory D:/MIT Dropbox/Shen Wang/MIT/RA/RA_assessment/RAChronoOps/exports/hope_model_cases/RAChronoOps_VRE120_wind_hvy_perf10mw_s001_ED\Data_RAChronoOps_PCM/, try to read data from .csv files
Reading network
Reading technology
Reading time series
Reading optional gen_availability_timeseries.csv
Reading policies
Reading single parameters
CSV Files Successfully Load From D:/MIT Dropbox/Shen Wang/MIT/RA/RA_assessment/RAChronoOps/exports/hope_model_cases/RAChronoOps_VRE120_wind_hvy_perf10mw_s001_ED\Data_RAChronoOps_PCM/
Info: PCM will use generator-level AF for 76 generators from gen_availability_timeseries.
Carbon policy constraints are disabled (carbon_policy = 0).


Model mode: PCM

Termination_status= OPTIMAL

Primal_status= FEASIBLE_POINT



Objective_value= 5.392670849067621e8

Operation_cost= 5.348256813582025e8

Load_shedding= 4.441403548653749e6

RPS_requirement Dict{InlineStrings.String3, Float64}("Z1" => 0.0)

RPSPenalty= 0

CarbonCapPenalty= 0

CarbonCapEmissions= Tuple{InlineStrings.String3, Float64}[("RTS", 0.0)]

Solving time: 13.702000141143799
HOPE model (PCM mode) is successfully solved!
No compatible power-balance duals found for configured network_model=0; skipping power price output.
Generating summary analysis tables in D:/MIT Dropbox/Shen Wang/MIT/RA/RA_assessment/RAChronoOps/exports/hope_model_cases/RAChronoOps_VRE120_wind_hvy_perf10mw_s001_ED\output_tmp_1779932873\Analysis ...
Warning: Failed to rename temporary output directory into place (attempt 1/5): IOError: rm("D:/MIT Dropbox/Shen Wang/MIT/RA/RA_assessment/RAChronoOps/exports/hope_model_cases/RAChronoOps_VRE120_wind_hvy_perf10mw_s001_ED\\output_tmp_1779932873\\Analysis"): resource busy or locked (EBUSY)
Retrying in 2 seconds... (close any open CSV/Excel files or pause Dropbox sync)
Warning: Temporary output rename reported a filesystem lock, but 'D:/MIT Dropbox/Shen Wang/MIT/RA/RA_assessment/RAChronoOps/exports/hope_model_cases/RAChronoOps_VRE120_wind_hvy_perf10mw_s001_ED\output' already contains analysis outputs.
Continuing with 'D:/MIT Dropbox/Shen Wang/MIT/RA/RA_assessment/RAChronoOps/exports/hope_model_cases/RAChronoOps_VRE120_wind_hvy_perf10mw_s001_ED\output' and leaving 'D:/MIT Dropbox/Shen Wang/MIT/RA/RA_assessment/RAChronoOps/exports/hope_model_cases/RAChronoOps_VRE120_wind_hvy_perf10mw_s001_ED\output_tmp_1779932873' for later cleanup if needed.
Write solved results in the folder D:/MIT Dropbox/Shen Wang/MIT/RA/RA_assessment/RAChronoOps/exports/hope_model_cases/RAChronoOps_VRE120_wind_hvy_perf10mw_s001_ED\output DONE!
Set parameter Username
Academic license - for non-commercial use only - expires 2026-12-09
Set parameter OptimalityTol to value 0.0001
Set parameter FeasibilityTol to value 1e-06
Set parameter Presolve to value -1
Set parameter AggFill to value 10
Set parameter PreDual to value -1
Set parameter TimeLimit to value 7200
Set parameter MIPGap to value 0.001
Set parameter Method to value 2
Set parameter BarConvTol to value 1e-08
Set parameter NumericFocus to value 0
Set parameter Crossover to value -1
Set parameter OutputFlag to value 1
Set parameter FeasibilityTol to value 1e-06
Set parameter PreDual to value -1
Set parameter Method to value 2
Set parameter Crossover to value -1
Set parameter TimeLimit to value 7200
Set parameter OutputFlag to value 1
Set parameter NumericFocus to value 0
Set parameter MIPGap to value 0.001
Set parameter OptimalityTol to value 0.0001
Set parameter AggFill to value 10
Set parameter BarConvTol to value 1e-08
Set parameter Presolve to value -1
Gurobi Optimizer version 13.0.0 build v13.0.0rc1 (win64 - Windows 10.0 (19045.2))

CPU model: Intel(R) Core(TM) i9-10900K CPU @ 3.70GHz, instruction set [SSE2|AVX|AVX2]
Thread count: 10 physical cores, 20 logical processors, using up to 20 threads

Non-default parameters:
TimeLimit  7200
MIPGap  0.001
OptimalityTol  0.0001
Method  2
AggFill  10

Optimize a model with 2750496 rows, 718473 columns and 4756386 nonzeros (Min)
Model fingerprint: 0x58e83d09
Model has 665760 linear objective coefficients
Coefficient statistics:
  Matrix range     [9e-01, 1e+00]
  Objective range  [1e-02, 1e+04]
  Bounds range     [0e+00, 0e+00]
  RHS range        [1e-01, 1e+09]
Presolve removed 2734607 rows and 635174 columns
Presolve time: 1.10s
Presolved: 15889 rows, 83299 columns, 106319 nonzeros

Ordering time: 0.00s

Barrier statistics:
 AA' NZ     : 1.589e+04
 Factor NZ  : 2.039e+05 (roughly 40 MB of memory)
 Factor Ops : 3.320e+06 (less than 1 second per iteration)
 Threads    : 10

                  Objective                Residual
Iter       Primal          Dual         Primal    Dual     Compl     Time
   0   2.82107491e+10 -1.17000855e+11  1.09e+04 1.82e-12  7.61e+06     1s
   1   2.68908197e+09 -7.51676180e+10  7.93e+02 2.91e-11  8.87e+05     1s
   2   1.05855823e+09 -2.48926237e+10  1.60e+02 1.35e-10  2.07e+05     1s
   3   7.05381295e+08 -3.26086491e+09  3.43e+01 2.29e-10  2.65e+04     1s
   4   6.69766438e+08 -4.88092031e+08  2.25e+01 1.31e-10  7.48e+03     1s
   5   6.13982098e+08  1.49817272e+08  6.51e+00 3.49e-10  2.84e+03     1s
   6   5.91694263e+08  2.52907191e+08  3.25e+00 3.64e-10  2.05e+03     1s
   7   5.79438897e+08  4.21058778e+08  1.92e+00 2.04e-10  9.51e+02     1s
   8   5.65145097e+08  5.06080498e+08  8.19e-01 5.82e-10  3.53e+02     1s
   9   5.55648611e+08  5.30739488e+08  3.56e-01 2.76e-10  1.49e+02     1s
  10   5.51141304e+08  5.40841746e+08  1.61e-01 4.51e-10  6.14e+01     1s
  11   5.49050484e+08  5.43964305e+08  8.28e-02 3.64e-10  3.03e+01     1s
  12   5.47587731e+08  5.45555867e+08  3.40e-02 2.04e-10  1.21e+01     1s
  13   5.47040633e+08  5.45979694e+08  1.73e-02 3.06e-10  6.32e+00     1s
  14   5.46721553e+08  5.46260817e+08  7.85e-03 4.22e-10  2.74e+00     1s
  15   5.46591596e+08  5.46356504e+08  4.23e-03 2.91e-10  1.40e+00     1s
  16   5.46492907e+08  5.46410615e+08  1.56e-03 4.07e-10  4.89e-01     1s
  17   5.46456934e+08  5.46424178e+08  6.22e-04 3.78e-10  1.95e-01     1s
  18   5.46438535e+08  5.46431262e+08  1.40e-04 2.62e-10  4.32e-02     1s
  19   5.46434482e+08  5.46432165e+08  4.19e-05 1.31e-10  1.38e-02     1s
  20   5.46432872e+08  5.46432531e+08  4.54e-06 5.38e-10  2.03e-03     1s
  21   5.46432689e+08  5.46432606e+08  9.14e-07 1.60e-10  4.93e-04     1s
  22   5.46432638e+08  5.46432637e+08  3.98e-09 1.31e-10  7.82e-06     1s
  23   5.46432638e+08  5.46432638e+08  6.35e-10 2.91e-11  2.24e-10     2s

Barrier solved model in 23 iterations and 1.51 seconds (2.46 work units)
Optimal objective 5.46432638e+08

Crossover log...

    2069 DPushes remaining with DInf 0.0000000e+00                 2s
       0 DPushes remaining with DInf 0.0000000e+00                 2s

    4314 PPushes remaining with PInf 0.0000000e+00                 2s
       0 PPushes remaining with PInf 0.0000000e+00                 2s

  Push phase complete: Pinf 0.0000000e+00, Dinf 2.2225777e-11      2s

Crossover time: 0.04 seconds (0.02 work units)
Iteration    Objective       Primal Inf.    Dual Inf.      Time
    6386    5.4643264e+08   0.000000e+00   0.000000e+00      2s

Solved in 6386 iterations and 2.08 seconds (3.28 work units)
Optimal objective  5.464326376e+08

User-callback calls 147, time in user-callback 0.00 sec
Reading Input_Data Files for PCM mode
No xlsx file found in the directory D:/MIT Dropbox/Shen Wang/MIT/RA/RA_assessment/RAChronoOps/exports/hope_model_cases/RAChronoOps_VRE120_wind_hvy_perf10mw_s002_ED\Data_RAChronoOps_PCM/, try to read data from .csv files
Reading network
Reading technology
Reading time series
Reading optional gen_availability_timeseries.csv
Reading policies
Reading single parameters
CSV Files Successfully Load From D:/MIT Dropbox/Shen Wang/MIT/RA/RA_assessment/RAChronoOps/exports/hope_model_cases/RAChronoOps_VRE120_wind_hvy_perf10mw_s002_ED\Data_RAChronoOps_PCM/
Info: PCM will use generator-level AF for 76 generators from gen_availability_timeseries.
Carbon policy constraints are disabled (carbon_policy = 0).


Model mode: PCM

Termination_status= OPTIMAL

Primal_status= FEASIBLE_POINT



Objective_value= 5.464326375518847e8

Operation_cost= 5.417612340033661e8

Load_shedding= 4.671403548653743e6

RPS_requirement Dict{InlineStrings.String3, Float64}("Z1" => 0.0)

RPSPenalty= 0

CarbonCapPenalty= 0

CarbonCapEmissions= Tuple{InlineStrings.String3, Float64}[("RTS", 0.0)]

Solving time: 11.90399980545044
HOPE model (PCM mode) is successfully solved!
No compatible power-balance duals found for configured network_model=0; skipping power price output.
Generating summary analysis tables in D:/MIT Dropbox/Shen Wang/MIT/RA/RA_assessment/RAChronoOps/exports/hope_model_cases/RAChronoOps_VRE120_wind_hvy_perf10mw_s002_ED\output_tmp_1779932992\Analysis ...
Warning: Failed to rename temporary output directory into place (attempt 1/5): IOError: rm("D:/MIT Dropbox/Shen Wang/MIT/RA/RA_assessment/RAChronoOps/exports/hope_model_cases/RAChronoOps_VRE120_wind_hvy_perf10mw_s002_ED\\output_tmp_1779932992\\Analysis"): resource busy or locked (EBUSY)
Retrying in 2 seconds... (close any open CSV/Excel files or pause Dropbox sync)
Warning: Temporary output rename reported a filesystem lock, but 'D:/MIT Dropbox/Shen Wang/MIT/RA/RA_assessment/RAChronoOps/exports/hope_model_cases/RAChronoOps_VRE120_wind_hvy_perf10mw_s002_ED\output' already contains analysis outputs.
Continuing with 'D:/MIT Dropbox/Shen Wang/MIT/RA/RA_assessment/RAChronoOps/exports/hope_model_cases/RAChronoOps_VRE120_wind_hvy_perf10mw_s002_ED\output' and leaving 'D:/MIT Dropbox/Shen Wang/MIT/RA/RA_assessment/RAChronoOps/exports/hope_model_cases/RAChronoOps_VRE120_wind_hvy_perf10mw_s002_ED\output_tmp_1779932992' for later cleanup if needed.
Write solved results in the folder D:/MIT Dropbox/Shen Wang/MIT/RA/RA_assessment/RAChronoOps/exports/hope_model_cases/RAChronoOps_VRE120_wind_hvy_perf10mw_s002_ED\output DONE!
Set parameter Username
Academic license - for non-commercial use only - expires 2026-12-09
Set parameter OptimalityTol to value 0.0001
Set parameter FeasibilityTol to value 1e-06
Set parameter Presolve to value -1
Set parameter AggFill to value 10
Set parameter PreDual to value -1
Set parameter TimeLimit to value 7200
Set parameter MIPGap to value 0.001
Set parameter Method to value 2
Set parameter BarConvTol to value 1e-08
Set parameter NumericFocus to value 0
Set parameter Crossover to value -1
Set parameter OutputFlag to value 1
Set parameter FeasibilityTol to value 1e-06
Set parameter PreDual to value -1
Set parameter Method to value 2
Set parameter Crossover to value -1
Set parameter TimeLimit to value 7200
Set parameter OutputFlag to value 1
Set parameter NumericFocus to value 0
Set parameter MIPGap to value 0.001
Set parameter OptimalityTol to value 0.0001
Set parameter AggFill to value 10
Set parameter BarConvTol to value 1e-08
Set parameter Presolve to value -1
Gurobi Optimizer version 13.0.0 build v13.0.0rc1 (win64 - Windows 10.0 (19045.2))

CPU model: Intel(R) Core(TM) i9-10900K CPU @ 3.70GHz, instruction set [SSE2|AVX|AVX2]
Thread count: 10 physical cores, 20 logical processors, using up to 20 threads

Non-default parameters:
TimeLimit  7200
MIPGap  0.001
OptimalityTol  0.0001
Method  2
AggFill  10

Optimize a model with 2750496 rows, 718473 columns and 4756386 nonzeros (Min)
Model fingerprint: 0x9b3bb987
Model has 665760 linear objective coefficients
Coefficient statistics:
  Matrix range     [9e-01, 1e+00]
  Objective range  [1e-02, 1e+04]
  Bounds range     [0e+00, 0e+00]
  RHS range        [1e-01, 1e+09]
Presolve removed 2734607 rows and 635386 columns
Presolve time: 1.10s
Presolved: 15889 rows, 83087 columns, 106107 nonzeros

Ordering time: 0.01s

Barrier statistics:
 AA' NZ     : 1.589e+04
 Factor NZ  : 2.039e+05 (roughly 40 MB of memory)
 Factor Ops : 3.320e+06 (less than 1 second per iteration)
 Threads    : 10

                  Objective                Residual
Iter       Primal          Dual         Primal    Dual     Compl     Time
   0   2.56465938e+10 -1.16742997e+11  1.09e+04 1.82e-12  7.58e+06     1s
   1   2.47695747e+09 -7.50193184e+10  7.87e+02 2.91e-11  8.82e+05     1s
   2   9.30298222e+08 -2.21984132e+10  1.27e+02 1.31e-10  1.76e+05     1s
   3   6.34003334e+08 -2.66260293e+09  1.29e+01 8.73e-11  2.07e+04     1s
   4   5.90951752e+08  8.88936300e+07  1.03e-01 2.91e-11  3.02e+03     1s
   5   5.77383760e+08  3.57216318e+08  4.10e-02 2.91e-11  1.32e+03     1s
   6   5.62568459e+08  4.72308833e+08  2.07e-02 2.91e-11  5.43e+02     1s
   7   5.50262433e+08  5.08895721e+08  9.24e-03 1.46e-11  2.49e+02     1s
   8   5.43285865e+08  5.24326860e+08  3.99e-03 1.46e-11  1.14e+02     1s
   9   5.40315913e+08  5.30248948e+08  2.15e-03 1.46e-11  6.06e+01     1s
  10   5.37719561e+08  5.33597444e+08  6.88e-04 1.46e-11  2.48e+01     1s
  11   5.36958848e+08  5.35009526e+08  3.43e-04 1.46e-11  1.17e+01     1s
  12   5.36433051e+08  5.35695271e+08  1.26e-04 2.91e-11  4.44e+00     1s
  13   5.36256748e+08  5.35854398e+08  6.10e-05 1.46e-11  2.42e+00     1s
  14   5.36160034e+08  5.35998700e+08  2.66e-05 2.91e-11  9.71e-01     1s
  15   5.36112233e+08  5.36044890e+08  1.08e-05 2.91e-11  4.05e-01     1s
  16   5.36083965e+08  5.36065508e+08  1.66e-06 2.91e-11  1.11e-01     1s
  17   5.36080279e+08  5.36073163e+08  5.69e-07 2.91e-11  4.28e-02     1s
  18   5.36078413e+08  5.36077621e+08  6.11e-08 2.91e-11  4.77e-03     1s
  19   5.36078218e+08  5.36078061e+08  1.83e-08 2.91e-11  9.46e-04     1s
  20   5.36078128e+08  5.36078117e+08  2.55e-09 2.91e-11  6.75e-05     1s
  21   5.36078126e+08  5.36078125e+08  1.21e-09 2.91e-11  7.98e-07     1s
  22   5.36078125e+08  5.36078125e+08  1.68e-09 2.91e-11  8.35e-10     2s

Barrier solved model in 22 iterations and 1.51 seconds (2.45 work units)
Optimal objective 5.36078125e+08

Crossover log...

    2149 DPushes remaining with DInf 0.0000000e+00                 2s
       0 DPushes remaining with DInf 0.0000000e+00                 2s

    4209 PPushes remaining with PInf 0.0000000e+00                 2s
       0 PPushes remaining with PInf 0.0000000e+00                 2s

  Push phase complete: Pinf 0.0000000e+00, Dinf 7.4038553e-12      2s

Crossover time: 0.04 seconds (0.02 work units)
Iteration    Objective       Primal Inf.    Dual Inf.      Time
    6361    5.3607813e+08   0.000000e+00   0.000000e+00      2s

Solved in 6361 iterations and 2.08 seconds (3.27 work units)
Optimal objective  5.360781255e+08

User-callback calls 127, time in user-callback 0.00 sec
Reading Input_Data Files for PCM mode
No xlsx file found in the directory D:/MIT Dropbox/Shen Wang/MIT/RA/RA_assessment/RAChronoOps/exports/hope_model_cases/RAChronoOps_VRE120_wind_hvy_perf10mw_s003_ED\Data_RAChronoOps_PCM/, try to read data from .csv files
Reading network
Reading technology
Reading time series
Reading optional gen_availability_timeseries.csv
Reading policies
Reading single parameters
CSV Files Successfully Load From D:/MIT Dropbox/Shen Wang/MIT/RA/RA_assessment/RAChronoOps/exports/hope_model_cases/RAChronoOps_VRE120_wind_hvy_perf10mw_s003_ED\Data_RAChronoOps_PCM/
Info: PCM will use generator-level AF for 76 generators from gen_availability_timeseries.
Carbon policy constraints are disabled (carbon_policy = 0).


Model mode: PCM

Termination_status= OPTIMAL

Primal_status= FEASIBLE_POINT



Objective_value= 5.360781254944988e8

Operation_cost= 5.360781254946433e8

Load_shedding= 0.0

RPS_requirement Dict{InlineStrings.String3, Float64}("Z1" => 0.0)

RPSPenalty= 0

CarbonCapPenalty= 0

CarbonCapEmissions= Tuple{InlineStrings.String3, Float64}[("RTS", 0.0)]

Solving time: 12.161999940872192
HOPE model (PCM mode) is successfully solved!
No compatible power-balance duals found for configured network_model=0; skipping power price output.
Generating summary analysis tables in D:/MIT Dropbox/Shen Wang/MIT/RA/RA_assessment/RAChronoOps/exports/hope_model_cases/RAChronoOps_VRE120_wind_hvy_perf10mw_s003_ED\output_tmp_1779933112\Analysis ...
Write solved results in the folder D:/MIT Dropbox/Shen Wang/MIT/RA/RA_assessment/RAChronoOps/exports/hope_model_cases/RAChronoOps_VRE120_wind_hvy_perf10mw_s003_ED\output DONE!
Set parameter Username
Academic license - for non-commercial use only - expires 2026-12-09
Set parameter OptimalityTol to value 0.0001
Set parameter FeasibilityTol to value 1e-06
Set parameter Presolve to value -1
Set parameter AggFill to value 10
Set parameter PreDual to value -1
Set parameter TimeLimit to value 7200
Set parameter MIPGap to value 0.001
Set parameter Method to value 2
Set parameter BarConvTol to value 1e-08
Set parameter NumericFocus to value 0
Set parameter Crossover to value -1
Set parameter OutputFlag to value 1
Set parameter FeasibilityTol to value 1e-06
Set parameter PreDual to value -1
Set parameter Method to value 2
Set parameter Crossover to value -1
Set parameter TimeLimit to value 7200
Set parameter OutputFlag to value 1
Set parameter NumericFocus to value 0
Set parameter MIPGap to value 0.001
Set parameter OptimalityTol to value 0.0001
Set parameter AggFill to value 10
Set parameter BarConvTol to value 1e-08
Set parameter Presolve to value -1
Gurobi Optimizer version 13.0.0 build v13.0.0rc1 (win64 - Windows 10.0 (19045.2))

CPU model: Intel(R) Core(TM) i9-10900K CPU @ 3.70GHz, instruction set [SSE2|AVX|AVX2]
Thread count: 10 physical cores, 20 logical processors, using up to 20 threads

Non-default parameters:
TimeLimit  7200
MIPGap  0.001
OptimalityTol  0.0001
Method  2
AggFill  10

Optimize a model with 2750496 rows, 718473 columns and 4756386 nonzeros (Min)
Model fingerprint: 0x46f9c1d5
Model has 665760 linear objective coefficients
Coefficient statistics:
  Matrix range     [9e-01, 1e+00]
  Objective range  [1e-02, 1e+04]
  Bounds range     [0e+00, 0e+00]
  RHS range        [1e-01, 1e+09]
Presolve removed 2734612 rows and 635113 columns
Presolve time: 1.09s
Presolved: 15884 rows, 83360 columns, 106370 nonzeros

Ordering time: 0.01s

Barrier statistics:
 AA' NZ     : 1.588e+04
 Factor NZ  : 2.038e+05 (roughly 40 MB of memory)
 Factor Ops : 3.320e+06 (less than 1 second per iteration)
 Threads    : 10

                  Objective                Residual
Iter       Primal          Dual         Primal    Dual     Compl     Time
   0   2.81946428e+10 -6.76983465e+11  1.15e+04 1.12e+00  4.36e+07     1s
   1   2.92001134e+09 -4.36697762e+11  8.36e+02 8.73e-11  5.08e+06     1s
   2   9.16666154e+08 -1.00258205e+11  4.60e+01 1.46e-10  6.73e+05     1s
   3   6.62528870e+08 -5.88370485e+09  6.16e+00 5.82e-10  4.01e+04     1s
   4   6.18893740e+08  8.46130334e+07  3.36e-01 7.28e-11  3.21e+03     1s
   5   5.99653042e+08  3.35552573e+08  1.45e-01 4.37e-11  1.58e+03     1s
   6   5.84400231e+08  4.40105381e+08  7.64e-02 2.91e-11  8.65e+02     1s
   7   5.72655214e+08  4.99077530e+08  3.83e-02 2.91e-11  4.41e+02     1s
   8   5.66570568e+08  5.28881716e+08  2.21e-02 2.91e-11  2.26e+02     1s
   9   5.61891909e+08  5.40854885e+08  1.26e-02 2.91e-11  1.26e+02     1s
  10   5.56132722e+08  5.47639997e+08  2.79e-03 1.46e-11  5.09e+01     1s
  11   5.54771969e+08  5.50442859e+08  1.39e-03 2.91e-11  2.60e+01     1s
  12   5.54002516e+08  5.51978571e+08  6.74e-04 1.49e-11  1.21e+01     1s
  13   5.53579041e+08  5.52626774e+08  3.20e-04 1.46e-11  5.71e+00     1s
  14   5.53330507e+08  5.52931671e+08  1.24e-04 1.59e-11  2.39e+00     1s
  15   5.53236214e+08  5.53047093e+08  5.65e-05 2.91e-11  1.13e+00     1s
  16   5.53176895e+08  5.53107605e+08  1.54e-05 2.89e-11  4.16e-01     1s
  17   5.53162257e+08  5.53135085e+08  6.03e-06 1.46e-11  1.63e-01     1s
  18   5.53155334e+08  5.53150468e+08  1.75e-06 2.91e-11  2.92e-02     1s
  19   5.53152955e+08  5.53151592e+08  4.52e-07 1.97e-11  8.17e-03     1s
  20   5.53152192e+08  5.53152006e+08  5.26e-08 2.91e-11  1.12e-03     1s
  21   5.53152101e+08  5.53152061e+08  1.22e-08 2.91e-11  2.39e-04     1s
  22   5.53152079e+08  5.53152076e+08  4.74e-09 2.91e-11  1.37e-05     1s
  23   5.53152077e+08  5.53152077e+08  2.56e-10 2.91e-11  1.56e-07     2s
  24   5.53152077e+08  5.53152077e+08  3.33e-10 2.91e-11  1.56e-10     2s

Barrier solved model in 24 iterations and 1.52 seconds (2.48 work units)
Optimal objective 5.53152077e+08

Crossover log...

    2056 DPushes remaining with DInf 0.0000000e+00                 2s
       0 DPushes remaining with DInf 0.0000000e+00                 2s

    4330 PPushes remaining with PInf 0.0000000e+00                 2s
       0 PPushes remaining with PInf 0.0000000e+00                 2s

  Push phase complete: Pinf 0.0000000e+00, Dinf 7.9296569e-12      2s

Crossover time: 0.05 seconds (0.02 work units)
Iteration    Objective       Primal Inf.    Dual Inf.      Time
    6389    5.5315208e+08   0.000000e+00   0.000000e+00      2s

Solved in 6389 iterations and 2.15 seconds (3.29 work units)
Optimal objective  5.531520766e+08

User-callback calls 143, time in user-callback 0.00 sec
Reading Input_Data Files for PCM mode
No xlsx file found in the directory D:/MIT Dropbox/Shen Wang/MIT/RA/RA_assessment/RAChronoOps/exports/hope_model_cases/RAChronoOps_VRE120_wind_hvy_perf10mw_s004_ED\Data_RAChronoOps_PCM/, try to read data from .csv files
Reading network
Reading technology
Reading time series
Reading optional gen_availability_timeseries.csv
Reading policies
Reading single parameters
CSV Files Successfully Load From D:/MIT Dropbox/Shen Wang/MIT/RA/RA_assessment/RAChronoOps/exports/hope_model_cases/RAChronoOps_VRE120_wind_hvy_perf10mw_s004_ED\Data_RAChronoOps_PCM/
Info: PCM will use generator-level AF for 76 generators from gen_availability_timeseries.
Carbon policy constraints are disabled (carbon_policy = 0).


Model mode: PCM

Termination_status= OPTIMAL

Primal_status= FEASIBLE_POINT



Objective_value= 5.531520766427195e8

Operation_cost= 5.367320096221576e8

Load_shedding= 1.642006702065375e7

RPS_requirement Dict{InlineStrings.String3, Float64}("Z1" => 0.0)

RPSPenalty= 0

CarbonCapPenalty= 0

CarbonCapEmissions= Tuple{InlineStrings.String3, Float64}[("RTS", 0.0)]

Solving time: 12.644000053405762
HOPE model (PCM mode) is successfully solved!
No compatible power-balance duals found for configured network_model=0; skipping power price output.
Generating summary analysis tables in D:/MIT Dropbox/Shen Wang/MIT/RA/RA_assessment/RAChronoOps/exports/hope_model_cases/RAChronoOps_VRE120_wind_hvy_perf10mw_s004_ED\output_tmp_1779933226\Analysis ...
Warning: Failed to rename temporary output directory into place (attempt 1/5): IOError: rm("D:/MIT Dropbox/Shen Wang/MIT/RA/RA_assessment/RAChronoOps/exports/hope_model_cases/RAChronoOps_VRE120_wind_hvy_perf10mw_s004_ED\\output_tmp_1779933226\\Analysis"): resource busy or locked (EBUSY)
Retrying in 2 seconds... (close any open CSV/Excel files or pause Dropbox sync)
Warning: Temporary output rename reported a filesystem lock, but 'D:/MIT Dropbox/Shen Wang/MIT/RA/RA_assessment/RAChronoOps/exports/hope_model_cases/RAChronoOps_VRE120_wind_hvy_perf10mw_s004_ED\output' already contains analysis outputs.
Continuing with 'D:/MIT Dropbox/Shen Wang/MIT/RA/RA_assessment/RAChronoOps/exports/hope_model_cases/RAChronoOps_VRE120_wind_hvy_perf10mw_s004_ED\output' and leaving 'D:/MIT Dropbox/Shen Wang/MIT/RA/RA_assessment/RAChronoOps/exports/hope_model_cases/RAChronoOps_VRE120_wind_hvy_perf10mw_s004_ED\output_tmp_1779933226' for later cleanup if needed.
Write solved results in the folder D:/MIT Dropbox/Shen Wang/MIT/RA/RA_assessment/RAChronoOps/exports/hope_model_cases/RAChronoOps_VRE120_wind_hvy_perf10mw_s004_ED\output DONE!
Set parameter Username
Academic license - for non-commercial use only - expires 2026-12-09
Set parameter OptimalityTol to value 0.0001
Set parameter FeasibilityTol to value 1e-06
Set parameter Presolve to value -1
Set parameter AggFill to value 10
Set parameter PreDual to value -1
Set parameter TimeLimit to value 7200
Set parameter MIPGap to value 0.001
Set parameter Method to value 2
Set parameter BarConvTol to value 1e-08
Set parameter NumericFocus to value 0
Set parameter Crossover to value -1
Set parameter OutputFlag to value 1
Set parameter FeasibilityTol to value 1e-06
Set parameter PreDual to value -1
Set parameter Method to value 2
Set parameter Crossover to value -1
Set parameter TimeLimit to value 7200
Set parameter OutputFlag to value 1
Set parameter NumericFocus to value 0
Set parameter MIPGap to value 0.001
Set parameter OptimalityTol to value 0.0001
Set parameter AggFill to value 10
Set parameter BarConvTol to value 1e-08
Set parameter Presolve to value -1
Gurobi Optimizer version 13.0.0 build v13.0.0rc1 (win64 - Windows 10.0 (19045.2))

CPU model: Intel(R) Core(TM) i9-10900K CPU @ 3.70GHz, instruction set [SSE2|AVX|AVX2]
Thread count: 10 physical cores, 20 logical processors, using up to 20 threads

Non-default parameters:
TimeLimit  7200
MIPGap  0.001
OptimalityTol  0.0001
Method  2
AggFill  10

Optimize a model with 2750496 rows, 718473 columns and 4756386 nonzeros (Min)
Model fingerprint: 0xb84ae0a9
Model has 665760 linear objective coefficients
Coefficient statistics:
  Matrix range     [9e-01, 1e+00]
  Objective range  [1e-02, 1e+04]
  Bounds range     [0e+00, 0e+00]
  RHS range        [1e-01, 1e+09]
Presolve removed 2734613 rows and 635270 columns
Presolve time: 1.09s
Presolved: 15883 rows, 83203 columns, 106211 nonzeros

Ordering time: 0.01s

Barrier statistics:
 AA' NZ     : 1.588e+04
 Factor NZ  : 2.038e+05 (roughly 40 MB of memory)
 Factor Ops : 3.319e+06 (less than 1 second per iteration)
 Threads    : 10

                  Objective                Residual
Iter       Primal          Dual         Primal    Dual     Compl     Time
   0   2.72993741e+10 -6.84532443e+11  1.09e+04 1.12e+00  4.40e+07     1s
   1   2.88658351e+09 -4.41623477e+11  7.93e+02 7.28e-11  5.14e+06     1s
   2   9.45820278e+08 -1.01013997e+11  4.31e+01 2.98e-09  6.78e+05     1s
   3   6.73044152e+08 -5.03888075e+09  5.61e+00 1.06e-09  3.51e+04     1s
   4   6.32360632e+08  9.77413065e+07  9.19e-01 8.91e-11  3.22e+03     1s
   5   6.09643391e+08  3.85276296e+08  3.70e-01 7.28e-11  1.35e+03     1s
   6   5.94938183e+08  4.53360394e+08  2.09e-01 4.37e-11  8.51e+02     1s
   7   5.87932357e+08  5.06208258e+08  1.40e-01 4.37e-11  4.91e+02     1s
   8   5.77718072e+08  5.37174196e+08  6.08e-02 1.02e-10  2.44e+02     1s
   9   5.72192416e+08  5.52393658e+08  3.31e-02 8.73e-11  1.19e+02     1s
  10   5.67370329e+08  5.58737315e+08  1.20e-02 8.73e-11  5.19e+01     1s
  11   5.66254446e+08  5.61231184e+08  8.14e-03 5.82e-11  3.02e+01     1s
  12   5.64681521e+08  5.62568373e+08  3.03e-03 5.82e-11  1.27e+01     1s
  13   5.64285912e+08  5.63132312e+08  1.83e-03 5.82e-11  6.93e+00     1s
  14   5.63951641e+08  5.63402206e+08  8.65e-04 4.37e-11  3.30e+00     1s
  15   5.63788858e+08  5.63504136e+08  4.17e-04 4.37e-11  1.71e+00     1s
  16   5.63693056e+08  5.63591783e+08  1.62e-04 5.82e-11  6.08e-01     1s
  17   5.63656051e+08  5.63613315e+08  6.56e-05 5.82e-11  2.57e-01     1s
  18   5.63637488e+08  5.63623468e+08  1.97e-05 4.37e-11  8.42e-02     1s
  19   5.63631693e+08  5.63626780e+08  6.29e-06 2.91e-11  2.95e-02     1s
  20   5.63629044e+08  5.63628377e+08  5.85e-07 2.91e-11  4.00e-03     1s
  21   5.63628756e+08  5.63628644e+08  6.00e-08 2.91e-11  6.69e-04     1s
  22   5.63628718e+08  5.63628714e+08  1.98e-09 2.91e-11  2.08e-05     1s
  23   5.63628717e+08  5.63628717e+08  6.26e-10 2.91e-11  1.85e-07     1s
  24   5.63628717e+08  5.63628717e+08  2.21e-10 2.91e-11  1.04e-09     2s

Barrier solved model in 24 iterations and 1.51 seconds (2.48 work units)
Optimal objective 5.63628717e+08

Crossover log...

    2069 DPushes remaining with DInf 0.0000000e+00                 2s
       0 DPushes remaining with DInf 0.0000000e+00                 2s

    4327 PPushes remaining with PInf 0.0000000e+00                 2s
       0 PPushes remaining with PInf 0.0000000e+00                 2s

  Push phase complete: Pinf 0.0000000e+00, Dinf 2.2794211e-11      2s

Crossover time: 0.04 seconds (0.02 work units)
Iteration    Objective       Primal Inf.    Dual Inf.      Time
    6399    5.6362872e+08   0.000000e+00   0.000000e+00      2s

Solved in 6399 iterations and 2.08 seconds (3.30 work units)
Optimal objective  5.636287168e+08

User-callback calls 127, time in user-callback 0.00 sec
Reading Input_Data Files for PCM mode
No xlsx file found in the directory D:/MIT Dropbox/Shen Wang/MIT/RA/RA_assessment/RAChronoOps/exports/hope_model_cases/RAChronoOps_VRE120_wind_hvy_perf10mw_s005_ED\Data_RAChronoOps_PCM/, try to read data from .csv files
Reading network
Reading technology
Reading time series
Reading optional gen_availability_timeseries.csv
Reading policies
Reading single parameters
CSV Files Successfully Load From D:/MIT Dropbox/Shen Wang/MIT/RA/RA_assessment/RAChronoOps/exports/hope_model_cases/RAChronoOps_VRE120_wind_hvy_perf10mw_s005_ED\Data_RAChronoOps_PCM/
Info: PCM will use generator-level AF for 76 generators from gen_availability_timeseries.
Carbon policy constraints are disabled (carbon_policy = 0).


Model mode: PCM

Termination_status= OPTIMAL

Primal_status= FEASIBLE_POINT



Objective_value= 5.636287167786025e8

Operation_cost= 5.375555053527654e8

Load_shedding= 2.6073211425961338e7

RPS_requirement Dict{InlineStrings.String3, Float64}("Z1" => 0.0)

RPSPenalty= 0

CarbonCapPenalty= 0

CarbonCapEmissions= Tuple{InlineStrings.String3, Float64}[("RTS", 0.0)]

Solving time: 12.181999921798706
HOPE model (PCM mode) is successfully solved!
No compatible power-balance duals found for configured network_model=0; skipping power price output.
Generating summary analysis tables in D:/MIT Dropbox/Shen Wang/MIT/RA/RA_assessment/RAChronoOps/exports/hope_model_cases/RAChronoOps_VRE120_wind_hvy_perf10mw_s005_ED\output_tmp_1779933345\Analysis ...
Write solved results in the folder D:/MIT Dropbox/Shen Wang/MIT/RA/RA_assessment/RAChronoOps/exports/hope_model_cases/RAChronoOps_VRE120_wind_hvy_perf10mw_s005_ED\output DONE!
  Activating project at `D:\MIT Dropbox\Shen Wang\MIT\RA\RA_assessment\RAChronoOps`
======================================================================
59_marginal_cc_model_rerun.jl
Date:       2026-05-27T19:01:17.022
HOPE path:  D:/MIT Dropbox/Shen Wang/MIT/RA/HOPE_project
Julia exe:  C:/Users/swang16/.julia/juliaup/julia-1.12.6+0.x64.w64.mingw32/bin/julia
Cases:      VRE120_base, VRE120_wind_hvy
delta (MW): 1.0, 5.0, 10.0
======================================================================

──────────────────────────────────────────────────────────────────────
Case: VRE120_base  (N=20)
──────────────────────────────────────────────────────────────────────

  [M3] Generating 20 scenarios (seed=42)…
  availability: [20 scenarios, 73 thermal gens, 8760 hours]

  [M3] Running baseline…
  M3 baseline:  EUE = 2479.170 MWh  (187.7 s)

  [M3] delta = 1 MW
    +storage: EUE=2472.529  ΔEUEstor=6.6408  (204.8 s)
    +perfect: EUE=2465.820  ΔEUEperf_rerun=13.3500  ΔEUEperf_anal=5.9500  (188.1 s)
    CC_rerun=0.49744  CC_anal=1.11610

  [M3] delta = 5 MW
    +storage: EUE=2445.966  ΔEUEstor=33.2039  (203.9 s)
    +perfect: EUE=2412.583  ΔEUEperf_rerun=66.5871  ΔEUEperf_anal=29.7500  (188.2 s)
    CC_rerun=0.49865  CC_anal=1.11610

  [M3] delta = 10 MW
    +storage: EUE=2412.762  ΔEUEstor=66.4078  (206.9 s)
    +perfect: EUE=2346.605  ΔEUEperf_rerun=132.5645  ΔEUEperf_anal=59.3419  (189.0 s)
    CC_rerun=0.50095  CC_anal=1.11907

  [HOPE] Reading baseline load-shed (N=20) from script 57 folders…
  HOPE baseline EUE = 2479.170 MWh

  [HOPE] Exporting perfect-firm case folders…
  Exported 60 new folders  (total: 60)

  [HOPE] delta = 1 MW — running perfect-firm cases…
    s001  OK  (127 s)
    s002  OK  (115 s)
    s003  OK  (119 s)
    s004  OK  (119 s)
    s005  OK  (119 s)
    s006  OK  (120 s)
    s007  OK  (119 s)
    s008  OK  (120 s)
    s009  OK  (114 s)
    s010  OK  (119 s)
    s011  OK  (119 s)
    s012  OK  (119 s)
    s013  OK  (118 s)
    s014  OK  (116 s)
    s015  OK  (116 s)
    s016  OK  (111 s)
    s017  OK  (117 s)
    s018  OK  (116 s)
    s019  OK  (118 s)
    s020  OK  (111 s)
  Runs: 20 ok, 0 skipped, 0 failed
  eue_base=2479.170  eue_stor=2472.529  eue_perf_rerun=2465.820  eue_perf_anal=2472.920
  CC_rerun=0.49744  CC_anal=1.06253

  [HOPE] delta = 5 MW — running perfect-firm cases…
    s001  OK  (116 s)
    s002  OK  (116 s)
    s003  OK  (117 s)
    s004  OK  (116 s)
    s005  OK  (117 s)
    s006  OK  (115 s)
    s007  OK  (115 s)
    s008  OK  (115 s)
    s009  OK  (114 s)
    s010  OK  (116 s)
    s011  OK  (111 s)
    s012  OK  (114 s)
    s013  OK  (116 s)
    s014  OK  (115 s)
    s015  OK  (116 s)
    s016  OK  (115 s)
    s017  OK  (114 s)
    s018  OK  (116 s)
    s019  OK  (116 s)
    s020  OK  (116 s)
  Runs: 20 ok, 0 skipped, 0 failed
  eue_base=2479.170  eue_stor=2445.966  eue_perf_rerun=2412.583  eue_perf_anal=2448.250
  CC_rerun=0.49865  CC_anal=1.07389

  [HOPE] delta = 10 MW — running perfect-firm cases…
    s001  OK  (116 s)
    s002  OK  (114 s)
    s003  OK  (114 s)
    s004  OK  (114 s)
    s005  OK  (115 s)
    s006  OK  (116 s)
    s007  OK  (116 s)
    s008  OK  (114 s)
    s009  OK  (116 s)
    s010  OK  (117 s)
    s011  OK  (114 s)
    s012  OK  (116 s)
    s013  OK  (114 s)
    s014  OK  (114 s)
    s015  OK  (115 s)
    s016  OK  (114 s)
    s017  OK  (110 s)
    s018  OK  (116 s)
    s019  OK  (110 s)
    s020  OK  (120 s)
  Runs: 20 ok, 0 skipped, 0 failed
  eue_base=2479.170  eue_stor=2412.762  eue_perf_rerun=2346.605  eue_perf_anal=2417.658
  CC_rerun=0.50095  CC_anal=1.07961

──────────────────────────────────────────────────────────────────────
Case: VRE120_wind_hvy  (N=5)
──────────────────────────────────────────────────────────────────────

  [M3] Generating 5 scenarios (seed=42)…
  availability: [5 scenarios, 73 thermal gens, 8760 hours]

  [M3] Running baseline…
  M3 baseline:  EUE = 1113.184 MWh  (45.2 s)

  [M3] delta = 1 MW
    +storage: EUE=1108.030  ΔEUEstor=5.1537  (51.0 s)
    +perfect: EUE=1104.984  ΔEUEperf_rerun=8.2000  ΔEUEperf_anal=4.4000  (44.5 s)
    CC_rerun=0.62850  CC_anal=1.17129

  [M3] delta = 5 MW
    +storage: EUE=1087.415  ΔEUEstor=25.7684  (50.3 s)
    +perfect: EUE=1072.184  ΔEUEperf_rerun=41.0000  ΔEUEperf_anal=22.0000  (45.3 s)
    CC_rerun=0.62850  CC_anal=1.17129

  [M3] delta = 10 MW
    +storage: EUE=1062.585  ΔEUEstor=50.5988  (49.4 s)
    +perfect: EUE=1032.122  ΔEUEperf_rerun=81.0620  ΔEUEperf_anal=43.0620  (45.0 s)
    CC_rerun=0.62420  CC_anal=1.17502

  [HOPE] Reading baseline load-shed (N=5) from script 57 folders…
  HOPE baseline EUE = 1113.184 MWh

  [HOPE] Exporting perfect-firm case folders…
  Exported 15 new folders  (total: 15)

  [HOPE] delta = 1 MW — running perfect-firm cases…
    s001  OK  (117 s)
    s002  OK  (117 s)
    s003  OK  (116 s)
    s004  OK  (116 s)
    s005  OK  (116 s)
  Runs: 5 ok, 0 skipped, 0 failed
  eue_base=1113.184  eue_stor=1108.030  eue_perf_rerun=1104.984  eue_perf_anal=1109.384
  CC_rerun=0.62850  CC_anal=1.35623

  [HOPE] delta = 5 MW — running perfect-firm cases…
    s001  OK  (117 s)
    s002  OK  (116 s)
    s003  OK  (117 s)
    s004  OK  (118 s)
    s005  OK  (116 s)
  Runs: 5 ok, 0 skipped, 0 failed
  eue_base=1113.184  eue_stor=1087.415  eue_perf_rerun=1072.184  eue_perf_anal=1094.184
  CC_rerun=0.62850  CC_anal=1.35623

  [HOPE] delta = 10 MW — running perfect-firm cases…
    s001  OK  (119 s)
    s002  OK  (119 s)
    s003  OK  (115 s)
    s004  OK  (119 s)
    s005  OK  (114 s)
  Runs: 5 ok, 0 skipped, 0 failed
  eue_base=1113.184  eue_stor=1062.585  eue_perf_rerun=1032.122  eue_perf_anal=1076.122
  CC_rerun=0.62420  CC_anal=1.36525

======================================================================
Summary — normalized marginal CC (delta = 1 MW)
======================================================================
  Case                      Model                      N    CC_rerun     CC_anal     Err_rerun      Err_anal
  ────────────────────────────────────────────────────────────────────────────────────────────────────
  VRE120_base               Full-year ED (M3)         20     0.49744     1.11610      +0.00000      +0.00000
  VRE120_base               HOPE-PCM-ED               20     0.49744     1.06253      -0.00000      -0.05357
  VRE120_wind_hvy           Full-year ED (M3)          5     0.62850     1.17129      +0.00000      +0.00000
  VRE120_wind_hvy           HOPE-PCM-ED                5     0.62850     1.35623      -0.00000      +0.18494

Sensitivity (delta = 5, 10 MW):
  Case                      Model                      N     dMW    CC_rerun     CC_anal     Err_rerun
  ──────────────────────────────────────────────────────────────────────────────────────────
  VRE120_base               Full-year ED (M3)         20       5     0.49865     1.11610      +0.00000
  VRE120_base               Full-year ED (M3)         20      10     0.50095     1.11907      +0.00000
  VRE120_base               HOPE-PCM-ED               20       5     0.49865     1.07389      +0.00000
  VRE120_base               HOPE-PCM-ED               20      10     0.50095     1.07961      +0.00000
  VRE120_wind_hvy           Full-year ED (M3)          5       5     0.62850     1.17129      +0.00000
  VRE120_wind_hvy           Full-year ED (M3)          5      10     0.62420     1.17502      +0.00000
  VRE120_wind_hvy           HOPE-PCM-ED                5       5     0.62850     1.35623      +0.00000
  VRE120_wind_hvy           HOPE-PCM-ED                5      10     0.62420     1.36525      +0.00000

Saved: D:\MIT Dropbox\Shen Wang\MIT\RA\RA_assessment\RAChronoOps\results\paper_tables\marginal_cc_model_rerun_validation.csv
Done.
